-2.810804154077770622e-01 -5.030102716446704925e-01
-2.554740625979587398e-01 -4.648060645173580085e-01
-3.350279001550919844e-01 -5.003660773689787566e-01
-3.279783705730740517e-01 -3.461083811017813261e-01
-9.559561647565245623e-02 -4.626252578420158024e-01
5.006021336238990899e-02 -6.009366884563895894e-01
1.226367477619340063e-01 -5.519300896720156224e-01
-1.623543686147648490e-01 -6.266377418366302354e-01
1.990627509805740353e-02 -2.791831704280179349e-01
6.826133257233339691e-02 -3.172771236534066008e-01
2.151712890419156532e-01 -4.368219442293108656e-01
3.080357358878886842e-01 -4.269138401469476096e-01
2.728367716529588316e-01 -5.234946834230638224e-01
3.249379906246337990e-01 -5.653161977216090150e-01
3.987340974809221450e-01 -4.427209582137464072e-01
3.976797899350416610e-01 -6.627038756312149115e-01
4.306711909724901810e-01 -6.343595252665300555e-01
1.653144815306652471e-01 -5.336046402802806510e-01
6.195378623229440551e-01 -5.638589039248474988e-01
3.868470722576896059e-01 -3.957630811092025525e-01
-7.980770860730111993e-01 3.653071239009308413e-01
-8.521226989650181327e-01 3.976265774402450992e-01
-8.555963496238501165e-01 4.424565772543112008e-01
-7.517758543443779917e-01 4.183329720331708801e-01
-6.544634556261456071e-01 2.766760919145672681e-01
-6.982134018258659980e-01 3.714399806835089746e-01
-7.073838876771060269e-01 2.801353190000710480e-01
-7.957277241743120344e-01 4.977483733871855276e-01
-8.199242870496026292e-01 2.978984655973223594e-01
-9.988463688142656949e-01 1.067687551119151645e-01
-8.393371965493258147e-01 1.798093010113818446e-01
-6.052397372620211824e-01 8.611621474816398558e-02
-6.554009180110884625e-01 1.041574282480887403e-01
-6.284358894170933851e-01 5.327627391971146570e-02
-5.630158523982971008e-01 1.791697913130663733e-01
-5.020579613150316645e-01 1.463542106379438490e-01
-4.554975374463710591e-01 4.449125888208937951e-02
-5.100363343304000763e-01 5.909547571033773455e-02
-5.613514934492553898e-01 -1.722413734546489675e-02
-5.001543560876312577e-01 -3.879826254878059738e-02
-4.513538492193883700e-01 -7.428031402743694167e-02
-4.394326377561176833e-01 -4.270466301479316357e-02
-7.055884043304530007e-01 -8.036538208831496555e-02
-6.627327345454036012e-01 -1.150810678553539357e-01
-7.545260257495329803e-01 -8.245088414297785384e-02
-4.710405509610882113e-01 -1.395741284416116001e-01
-9.067084843557540186e-01 6.531145059150368637e-02
-7.845354932547937699e-01 -1.060825410668020247e-01
-8.146327018382275575e-01 -6.305402086326228339e-02
-7.096176926635981985e-01 -1.170873091093053465e-03
-6.594681366417695090e-01 -2.463334581337104090e-01
-5.434282697345392821e-01 -2.268577777794606454e-01
-4.464097696216914324e-01 -2.308139248639715091e-01
-1.846601445595250357e-01 5.956983138904958786e-01
-1.001343064582961850e-01 6.859809320991766546e-01
5.240740215671563923e-02 6.231324473942614350e-01
-4.987298988659954330e-02 7.130521485866213593e-01
3.705902398944050172e-03 5.923427859640805204e-01
-1.798716805448121250e-02 5.581182171838936501e-01
9.944489630720611262e-02 4.487207762139293621e-01
-6.094059645260541114e-02 3.671945479901085885e-01
-1.651521712085319560e-01 3.966027344395876009e-01
-1.693512261190849577e-01 3.456694490804381181e-01
-7.869504408176294930e-02 4.414601118956085202e-01
-8.203954474335056757e-03 4.407103657762413418e-01
-2.145136473392276755e-01 5.294440674399543134e-01
1.312285703250569147e-01 4.064783032106260574e-01
2.940353317378315845e-01 4.756328693381624562e-01
1.098997402796300926e-01 5.515026625804795302e-01
-4.239320348198861721e-01 6.562499609905751985e-01
-4.309922833961193356e-01 6.993929074521777478e-01
-3.034078524933619958e-01 5.988320862922960064e-01
-2.865868174553035108e-01 7.522469094762980202e-01
-3.024867537983073618e-01 4.821486406519838730e-01
-5.820288528386738935e-01 5.041603899191126059e-01
-6.090839873352490441e-01 5.524196025275693867e-01
-5.410939144510904519e-01 5.241529250547671825e-01
-5.578363267354156108e-01 4.576375865365004403e-01
-3.479430815415409661e-01 4.279943924736792082e-01
-2.784560279935487381e-01 3.582085629126845472e-01
-1.276521795341120535e+00 6.211893459680098983e-01
-1.343118984274915828e+00 6.776714749973813401e-01
-1.237324966325427766e+00 4.663771424556575895e-01
-9.878070774486523709e-01 4.020335797460245497e-01
-1.081504112524078298e+00 3.714923209882272648e-01
-1.138145695201584040e+00 2.173785309932166343e-01
-1.030451764353238930e+00 2.844361189670201462e-01
-1.033472375347399774e+00 3.348866193135552893e-01
-1.248547621071623093e+00 3.266360261953995536e-01
-9.515079295500208367e-01 4.204740843048983545e-01
-7.757168974187478305e-01 9.164289509126971600e-01
-9.775005627972140898e-01 9.574656001328845090e-01
-7.732416237542474313e-01 7.729407198718968308e-01
-6.034378297109709299e-01 7.826175549851492885e-01
-7.247608150599081922e-01 8.824880728235182659e-01
-4.922746686654453918e-01 7.298084228849257560e-01
-5.455576578206465799e-01 8.521697178482958712e-01
-5.856308684961041289e-01 8.964299703098874694e-01
-7.084447734435830313e-01 1.453868059194183493e+00
-8.100855360767286184e-01 1.390339399786118646e+00
-5.001618808484983303e-01 1.251279699242368038e+00
-3.952091074815505256e-01 1.357760773466462290e+00
-5.050595984624549617e-01 1.394368989587601027e+00
-4.399715098976631489e-01 1.242379214223147788e+00
-5.325457938833000338e-01 1.225175544531674099e+00
-6.378344889284635055e-01 9.841406411002477927e-01
-6.759295272420960954e-01 1.017027773666186796e+00
-7.041258005385658825e-01 1.095684695395308772e+00
-5.120121876154238860e-01 1.184934246801814473e+00
-8.843375943745138690e-01 1.170015195416090448e+00
-8.525991204903764498e-01 1.195549492209937892e+00
-5.626943069290697430e-01 1.005417799565925252e+00
-4.122350305183440922e-01 9.555900795289399285e-01
-3.413080895665508430e-01 8.304256125362403651e-01
-1.778757701379686695e+00 9.154647384851608005e-02
-1.875903269167982224e+00 1.943313974028074431e-01
-2.100381702203853784e+00 3.565109484223221714e-01
-2.073046862692545123e+00 2.296687051598272911e-01
-1.554495913280325103e+00 2.671943245347492835e-01
-1.565766163917484244e+00 1.450727694235051657e-01
-1.736029551115994662e+00 3.416537205120935838e-01
-1.446783207358375067e+00 4.124025910425804797e-01
-1.460600089214490138e+00 3.299479987920908575e-01
-1.203501570569709411e+00 1.711086098304619718e-01
-1.230753549730411178e+00 1.360909523265507182e-01
-1.460556136858161658e+00 2.479898147709852230e-01
-1.350868400089478616e+00 1.638658734368652892e-01
-1.536808201933565377e+00 4.854933396461247330e-01
-1.474077996595896112e+00 4.837278387706794303e-01
-1.690562479811248631e+00 5.329164179467653639e-01
-1.580011609481276391e+00 7.781973275584571637e-01
-1.839020874537139472e+00 6.527037170801615051e-01
-1.942250456283203031e+00 5.927267573059769035e-01
-1.237113166361822447e+00 -3.140811864334181469e-01
-1.459476513080808058e+00 -2.771257535639523040e-01
-1.490775564223409955e+00 -3.674396285603528378e-01
-1.294934519064955492e+00 -4.594755054680000339e-01
-1.262686321401978784e+00 -1.600741671267312816e-01
-1.611703506200130587e+00 3.818378714245451028e-02
-1.526087869754965132e+00 7.227278079994274573e-02
-1.443434131294518252e+00 -1.385518369345731813e-03
-1.219568777487195277e+00 6.233100423190651718e-02
-1.648561689009042874e+00 2.242407829229057029e-02
-1.821275608935327250e+00 8.107592842059127558e-02
-1.660449281520965492e+00 -5.986315293412030475e-02
-1.854205223653686785e+00 1.748988884120753276e-02
-1.900314946239358260e+00 -5.661245584517791279e-02
-9.811671872901051028e-01 -4.345746192595272284e-01
-8.788978471355484157e-01 -3.675247189535678083e-01
-1.051438380214114732e+00 -3.204324095031521047e-01
-1.103349252792367619e+00 -3.709318877376662216e-01
-8.858994748741292335e-01 -2.506858427586466376e-01
-9.241711134563617147e-01 -2.791854145681636479e-01
-1.033415078724720493e+00 -1.848013489158222000e-01
-7.665186012251934411e-01 -1.868590987118335933e-01
-7.784048560171586972e-01 -2.679022106439422068e-01
-6.944905830188375928e-01 -3.256315890520365963e-01
-8.074272863128797439e-01 -3.086531625748791807e-01
-1.041325979925368905e+00 -1.432106007590436547e-01
-1.082788505932401169e+00 -1.492970832869478237e-01
-5.433409775316787593e-01 -5.362881864965951539e-01
-5.231454972496626388e-01 -5.046638709983775062e-01
-3.515992680670383952e-01 -5.414093295079952517e-01
-4.875493589822657570e-01 -4.811694173244098760e-01
-5.455478958029563730e-01 -4.553057216083311598e-01
-5.333708222353675810e-01 -6.622093642578665840e-01
-3.987065057827898773e-01 -7.706320275175529977e-01
-2.495419207736263301e-01 -8.862714195888020674e-01
-2.396453386185776746e-01 -6.620790292189634441e-01
-2.817423738355799290e-01 -6.244240704134003117e-01
-2.255246672150241771e-01 -6.246722321089263064e-01
-4.153198136110018979e-01 -9.097764820759897120e-01
-5.540988471478596189e-01 -7.522955858908223492e-01
-5.968844826260998326e-01 -7.573802652233855293e-01
-1.617052291816949150e-01 -8.690426253367893317e-01
-1.978296151112998447e-01 -7.030782221218119243e-01
-3.652758128938020099e-01 -1.138699295998418792e+00
-3.335971599608093530e-01 -1.320324850684053475e+00
-2.475070406475843587e-01 -1.086392248923048198e+00
-4.578385898169560764e-01 -1.068645165169745948e+00
-8.479855088446669464e-02 -1.173089268387675688e+00
-2.077026250377153604e-01 -1.135688984172766203e+00
-1.096707994435944661e-01 -1.040465390399303969e+00
1.756402908207455316e-01 -1.300842517769061013e+00
1.935186430115686251e-01 -1.346155355272626419e+00
-9.485775216119017583e-02 -1.488028632381474869e+00
7.422371235908023501e-02 -1.052849774910747938e+00
1.083636007364997683e-01 -9.881915523810317348e-01
-7.699773832388685790e-02 -9.363822923463750447e-01
1.332751759669489056e-01 -8.890097405273647002e-01
3.390936676784300774e-01 8.401291900165196447e-01
3.660605147356336131e-01 8.757842838309006783e-01
1.880706632747113360e-01 7.988306264466062956e-01
1.925775311483500785e-01 7.296355675083637804e-01
2.395952229925534804e-01 6.953940244842916618e-01
2.276990375931927379e-01 7.644456816036944158e-01
1.849925905503398971e-01 6.842093622060611002e-01
3.602088022931201894e-01 6.859142357673265744e-01
-2.970672067931281329e-02 7.853817506377166469e-01
2.302704534805465053e-01 6.543045987974770439e-01
2.869294825316595632e-01 6.250025596486288304e-01
-2.042245632236201758e-01 1.204204202003845037e+00
1.046594834682412350e-01 9.467024118999506355e-01
6.850859504423904844e-02 9.260924260090506177e-01
4.595865081373107230e-01 9.816117425896350168e-01
3.884708133495093918e-01 1.042271771802134595e+00
2.243411603274378940e-01 1.196126333847977730e+00
7.327117654324970530e-01 -1.074767225591560238e-01
6.733633870857256287e-01 -2.703413868474365683e-02
7.825645697484189256e-01 -1.271989433921527912e-01
8.454646131932048725e-01 -2.237211941487817213e-01
8.967445059301663024e-01 -6.318841691700002872e-02
8.651053728577227098e-01 -1.627750075610415528e-02
4.624837584529412626e-01 -9.473919913235756551e-02
4.050370668673148877e-01 -2.386213857566518975e-03
4.692660464989218960e-01 -1.498148339240667481e-01
6.449671483873784528e-01 -2.756267726982722932e-01
6.545610122068804548e-01 1.501031547478317574e-01
7.868358522865277482e-01 1.798584345838362686e-01
6.133762414840109312e-01 2.382824938124234460e-01
6.308891643134121319e-01 5.347111772591038766e-04
6.655563319579653747e-01 2.096206724781256303e-02
8.033691470471387985e-01 -2.567820810018120892e-03
5.587979253913806232e-01 2.385366682555622175e-01
5.808549331502164126e-01 9.762677248651961681e-02
5.838470699161484312e-01 1.197797903170252053e-02
4.284294036284346241e-01 3.936290502573557837e-01
4.670353137976945290e-01 4.140740996421531928e-01
4.546975360057471938e-01 3.527578876085081805e-01
4.513721237445210144e-01 2.765899524531577613e-01
5.629286694142952019e-01 2.817968859369607837e-01
3.536460233973844902e-01 1.603986052577877630e-01
3.678862348350497302e-01 1.065121682669586956e-01
4.770235117389289292e-01 4.430336917502377542e-02
4.551552511545657320e-01 9.334280887935278437e-02
1.009933940713496625e+00 1.979552303781897116e-01
9.824523495843635601e-01 1.420021298655796127e-01
1.053999449218564921e+00 2.199099669051540473e-01
9.373097912203341986e-01 1.447983944999678696e-01
8.069464776581749543e-01 2.173096110479056930e-01
9.303991749762386965e-01 6.386537035552958264e-02
9.343734959843608134e-01 1.657891533103711054e-02
9.783616035072926209e-01 6.965650226768907438e-02
9.655288319970288802e-01 3.810366291350181789e-01
8.673340049789592943e-01 3.046676652407399044e-01
9.990117173985932908e-01 3.398252405954652056e-01
7.526419950859180030e-01 3.761253642725629343e-01
7.250304177941908623e-01 3.188388878855124009e-01
7.676112979864150310e-01 2.903726251809855552e-01
1.052230724257887440e+00 4.931048902928834576e-01
9.972366122315661219e-01 4.804564044861491801e-01
1.106662557233471400e+00 5.397654205327020449e-01
1.058373021585371943e+00 5.710750606227568138e-01
1.017435354319929930e+00 4.405205177401654848e-01
1.059891906696513564e+00 3.350749713333936453e-01
1.090997508965760865e+00 3.697095643615723182e-01
1.084046309106164507e+00 4.116134110073194075e-01
6.227467273086446653e-01 4.176641971515130392e-01
6.416703374981445052e-01 5.335408910419565665e-01
5.688898661538493995e-01 4.302527884065867059e-01
5.240902173530536112e-01 4.109047625355373157e-01
4.047040862067780576e-01 4.793750872478165226e-01
4.700232842898434127e-01 4.473509553083431234e-01
6.465517965240794585e-01 3.726159380620590600e-01
1.700096225357110580e+00 3.121043680766558137e-02
1.832822819608525888e+00 -1.110223024625156540e-16
1.721216652586488927e+00 1.965154808409309561e-01
1.729481443115544304e+00 -1.711010812557162974e-01
1.677803950519482834e+00 -1.611998428231514457e-01
1.768886331794493838e+00 -2.211907838504718060e-01
1.775456050846584866e+00 -1.109408953081067323e-01
1.519083895604466328e+00 -1.129823965307120565e-01
1.508948494175840871e+00 -1.556728665381945098e-01
1.890279971829093464e+00 -2.854962868990497116e-01
1.874914101387199050e+00 -1.394677814676998917e-01
1.310682704494824158e+00 5.347879035321144725e-01
1.159091630909444115e+00 3.006758542115697264e-01
1.159551579799642074e+00 3.432628978741775194e-01
1.133615218691071513e+00 1.546710777133653569e-01
1.104740922809504200e+00 2.031337161953037096e-01
1.216885908823252205e+00 3.885496899727167858e-02
1.026776655726691523e+00 -4.278123610642697860e-02
1.077972760013865106e+00 1.083813572373703779e-02
1.124983684488321645e+00 -7.905188469322664557e-02
1.205407164949492183e+00 -4.945454325793078310e-01
1.207941722287680264e+00 -5.483284645446612204e-01
1.124268760214534257e+00 -4.168779168239106214e-01
1.011426700416661495e+00 -3.755027181770136946e-01
9.144936102662974964e-01 -3.958879816470471380e-01
9.054581997016565298e-01 -4.411193738415338794e-01
9.455009531508611342e-01 -1.629544959651030578e-01
9.671524297116268487e-01 -1.308412856343345310e-01
9.995494173329211307e-01 -2.679413391289324209e-01
9.565300022328646623e-01 -2.879537153623962786e-01
8.989807081497281915e-01 -2.558522177551829646e-01
8.066559625998218630e-01 -3.846684714134205318e-01
7.747399181223888487e-01 -4.523171212277884434e-01
8.885229620378931603e-01 -5.736984435547389793e-01
8.749535974804794058e-01 -4.759728563566143489e-01
1.502505917183216466e+00 -4.658059204294112687e-01
1.534740555072262813e+00 -5.084444339069841279e-01
1.640105692523916137e+00 -5.844246202313373439e-01
1.418200527485899087e+00 -5.720287069524209178e-01
1.301187664812753830e+00 -4.699034052145572571e-01
1.357261206530999909e+00 -4.823921180632485539e-01
1.356735921521838195e+00 -4.060187852570930067e-01
1.347862921190178920e+00 -6.268506308324196530e-01
1.382028185517995222e+00 -7.205013264299274800e-01
1.469212890144791839e+00 -4.255887891136729828e-01
1.408702511550511849e+00 -4.134293300293977458e-01
1.412843785250681217e+00 -2.607257439624640072e-01
1.247983006579698406e+00 -3.844646228995806658e-01
1.884514558482600410e+00 -3.287241133777105140e-01
1.718683052245529863e+00 -5.414404927002843815e-01
1.792371786266562461e+00 -4.884292750975302022e-01
1.316483943696173275e+00 -2.276355668318475467e-01
1.142988694311529274e+00 -1.293300136651134857e-01
1.207424796999162941e+00 -2.200774966052705117e-01
1.246022668734334982e+00 -2.617067714750785368e-01
5.991835236269337228e-01 -1.006942861308273818e+00
4.276115944895975129e-01 -8.833446192261371621e-01
3.328697164355763349e-01 -8.148380616993922132e-01
5.043444442087094970e-01 -7.130515486419520821e-01
3.201236084317934383e-01 -8.618414926059073666e-01
2.283666985149588047e-01 -8.825102357353841187e-01
3.327416792155514780e-01 -9.129939655969397938e-01
7.045172844874202367e-01 -1.047084027969054754e+00
6.871716682021283829e-01 -5.246970684709741928e-01
6.598105774484284147e-01 -6.028963253070822592e-01
4.594709436916074585e-01 -1.513381701632847021e+00
5.962517887479887868e-01 -1.456512325288147558e+00
2.589523683863917403e-01 -1.354146294441868514e+00
3.446838388734329017e-01 -1.316204183545152784e+00
2.614023596641207869e-01 -1.483006308125391470e+00
2.102409839193558894e-01 -1.562748710667371421e+00
5.640433667832468467e-01 -1.290343621967573906e+00
5.179122122237318493e-01 -1.224093970578266743e+00
4.724788385134481294e-01 -1.256845629966645728e+00
5.802318924929398269e-01 -1.085664634535360218e+00
5.769347696884433718e-01 -1.130349700111631162e+00
9.688537224915181323e-01 -1.251038538171746373e+00
1.056441701952192558e+00 -1.184251236925822459e+00
8.219170119844515510e-01 -1.190100031699661498e+00
7.276712605516703070e-01 -1.251248013530557701e+00
7.185635446888866129e-01 -1.393838169105754199e+00
8.473251095031145708e-01 -1.321582966950059612e+00
3.924725947450133923e-01 -1.030281147486248994e+00
3.462380817384698717e-01 -9.639420603142239141e-01
3.132906863608909687e-01 -1.037662861735735742e+00
7.897474537098355674e-01 6.406554169802179954e-01
9.117313278847576363e-01 7.178220032983499976e-01
8.091987183080882051e-01 7.635212777896114300e-01
7.598357409817257935e-01 6.066040118370137346e-01
1.053550766455979115e+00 6.568250416094727484e-01
9.821810935777521845e-01 6.873750484584055798e-01
5.656112996546418525e-01 6.909464591227362229e-01
4.469420730155406196e-01 6.972974318816237416e-01
5.275678979901721188e-01 9.290282625293737606e-01
5.935223990356794932e-01 7.231529628683083244e-01
5.183861153938899013e-01 7.271699206991109055e-01
7.494588962205535054e-01 7.926118983475992641e-01
5.104756129817196175e-01 6.237094678191668073e-01
4.752891109410283255e-01 5.652289849294831470e-01
4.804361489361070880e-01 5.269802217043129122e-01
4.330674236490979490e-01 5.123490791963054569e-01
5.897441773602333237e-01 5.079879568471371565e-01
1.166644832382218722e+00 -9.409827242483744802e-01
9.877178691390625653e-01 -8.930893304848102066e-01
1.115313219777174014e+00 -1.076771191694233964e+00
1.064649114399900842e+00 -8.451401962945142010e-01
1.164695920390610206e+00 -6.918891264688109555e-01
1.265949311704999802e+00 -7.055387018697384383e-01
1.272971433747830616e+00 -7.990209472516751621e-01
1.332259559519790804e+00 -7.517540834031146701e-01
1.043979864173437688e+00 -6.523641222343720125e-01
1.190128942348719798e+00 -8.984508497598227006e-01
1.241694418983327663e+00 -8.292870404318236632e-01
8.532916555120143576e-01 -5.911299455085895493e-01
8.025287079072611629e-01 -5.610935146774838067e-01
7.926544000479996965e-01 -6.355310064719322805e-01
8.334493175439278145e-01 -6.652303133741854779e-01
7.691903299976635688e-01 -5.835740582397305198e-01
-1.036474856179331550e+00 -5.748722492847710974e-01
-9.436913561336716105e-01 -6.245213344952142975e-01
-1.025654899530330066e+00 -4.896635532644018074e-01
-9.115858692251064266e-01 -4.259397129129160464e-01
-1.185094293039917535e+00 -5.069738105876165912e-01
-1.099322094277519701e+00 -5.448143172723480809e-01
-7.116162315507279512e-01 -8.387817474088532510e-01
-6.644041108458292877e-01 -9.038994477081345735e-01
-8.868232298698597305e-01 -6.610247201604060319e-01
-7.986627860959293335e-01 -7.333543431851378136e-01
-6.545525103930098787e-01 -5.158689721698347386e-01
-6.950089168233102299e-01 -4.762907833293694715e-01
-7.538432349136380273e-01 -4.521972599505515444e-01
-1.166431997723698544e+00 1.001481150750878069e+00
-1.225496778207541437e+00 9.550458177728101683e-01
-1.029787463606789633e+00 8.523503240586007834e-01
-1.084355085367029181e+00 1.086049939202282655e+00
-1.131491214824908331e+00 1.033905979074068116e+00
-1.149482210054964648e+00 7.871304560580060228e-01
-9.955460535327746996e-01 7.650803436265879443e-01
-1.269601594665504818e+00 9.275828036172981683e-01
-1.045033376876621567e+00 6.550296469268377386e-01
-8.849344302607424773e-01 6.144979790659795826e-01
-3.503491330045900853e-01 3.138491839636444181e-01
-3.819428690694344763e-01 3.659637363842414004e-01
-2.903451611997563409e-01 2.893007763441090563e-01
-2.508891068642971622e-01 3.149163793569877412e-01
-3.336844022561359369e-01 2.643630425600054235e-01
-4.415320579438826720e-01 3.619101078541365757e-01
-4.453851113426657848e-01 3.225497663742608045e-01
-4.378325628394127422e-01 2.783564755875000962e-01
-3.789258626438128941e-01 2.463735504136361776e-01
-5.370232832297283654e-01 4.087780971006663711e-01
-4.301942916079566359e-01 1.964853358410212913e-01
-4.129132109061213196e-01 1.471856302466519606e-01
-4.488397504348141109e-01 1.242003543692129508e-01
-3.797086861275710268e-01 1.714298995445613927e-01
-3.760384248903188564e-01 2.078092995120272013e-01
-3.278297303635225313e-01 1.701972909677314516e-01
-3.399297082595845176e-01 -1.255957923443166147e-01
-4.304022328126286268e-01 -1.171240315084753347e-01
-3.921564351096875622e-01 -9.212066374807573177e-02
-2.839431962713377389e-01 -1.345464973124721741e-01
-4.167192318067561851e-01 -1.653403936530460361e-01
-3.014067720592799593e-01 -2.162348235312040734e-01
-2.690683294703795081e-01 -1.859898855788792160e-01
-1.828176672990625695e-01 -2.484345097683421932e-01
-2.282176821575940540e-01 -1.607428124944962899e-01
-2.861830719856519600e-01 -2.674329651538037145e-01
-4.007114177970098057e-01 -2.067331422918952388e-01
-9.263032637613211051e-02 -2.854559390369586502e-01
-4.958806113086358658e-02 -2.625757227442331310e-01
-8.896740094589374037e-02 -2.269111661877957209e-01
-2.116012457036168040e-02 -2.377549742685813039e-01
-6.246083644314936317e-02 -2.022420891544418897e-01
-1.742013111419455362e-01 -1.838929011530361091e-01
-1.734452672494838088e-01 -1.488355843244822119e-01
4.919247935011147876e-01 -2.642329826108467117e-01
4.390358205098975897e-01 -2.666495816273052322e-01
5.325806760550489960e-01 -3.173632401616873766e-01
4.336687517026112659e-01 -3.105551454189691696e-01
3.957060510501459460e-01 -1.835800914542333739e-01
3.395259514400045808e-01 -1.816213343755563037e-01
3.400461470860338675e-01 -2.339201988508599062e-01
2.710124352457543573e-01 -1.618873157467906332e-01
2.959856090771512127e-01 -2.031990196779432101e-01
3.879387714218613947e-01 -2.694278684288753389e-01
3.647959886577501476e-01 -9.799986019574322138e-02
3.752268516784436070e-01 -6.216875741621372825e-02
4.201195864303935434e-01 -1.048846494846121941e-01
3.114361761847618260e-01 -8.994209195488739317e-02
3.535230400857172217e-01 -1.388825131056083406e-01
2.398679495603761869e-01 -1.210584878366524619e-01
1.904040972425204703e-01 -2.122575127922528004e-01
1.760323136240960207e-01 -1.755155268394136825e-01
2.293296599189745821e-01 -2.443481855484282150e-01
2.158030809194700916e-01 -2.843999280686060893e-01
1.007808073670318216e-01 -2.327603461709982224e-01
4.264280093967345864e-02 3.124764732757348562e-01
9.785029172786230411e-02 2.871421522174046892e-01
4.732820971695175793e-02 2.688490220718334767e-01
-7.598078260393447553e-03 2.936285195533456793e-01
9.800261056817420602e-02 3.750664261545177958e-01
9.356202697016835490e-02 3.328757556042313270e-01
-6.375359339719310903e-02 3.258281983158847206e-01
-1.188289803005921907e-01 3.127477681598068715e-01
1.918617169111842269e-01 2.920064738838492602e-01
2.112617852960509135e-01 2.480163245130881100e-01
1.537253539193182694e-01 2.662278011057592764e-01
1.265085962934831554e-01 2.035336516458961797e-01
2.474061666773037516e-01 2.751863759765919570e-01
1.538770155318555100e-01 3.362690971935487494e-01
2.531616092542648966e-01 1.558398652568107057e-01
2.695687768371201609e-01 1.068941929246292472e-01
2.885238138126315910e-01 6.366757881021249676e-02
2.099928186170672006e-01 1.332100072673514934e-01
2.233185273464828036e-01 8.537380477946295010e-02
2.325041244123574047e-01 2.014113326431545559e-01
2.657429229196529574e-01 2.264089147219357223e-01
3.148640715015684211e-01 2.061125753297531615e-01
2.701417614966756253e-01 3.310108412987162740e-01
2.356964485630983208e-01 3.673375663098541466e-01
3.273820450739847732e-01 3.892675652972483191e-01
3.110624768118511879e-02 7.018766257439795764e-02
-1.413075355010555076e-02 4.500552898156522791e-02
-3.683598603398041682e-02 8.795234102555173072e-02
0.000000000000000000e+00 0.000000000000000000e+00
-7.440700381108650285e-02 1.329733973114570478e-01
-6.084136804858417125e-02 2.095006640563293679e-02
3.697002865349887681e-03 1.594390192943548057e-01
8.125221489200055991e-02 1.855085417333288134e-01
2.593202051020652155e-01 4.063435321048630006e-02
1.518801231395227325e-01 1.614752261095523111e-01
1.636717778593168859e-01 7.635682095249647638e-02
1.506643485777225955e-02 2.014384231156579053e-01
-1.052152479288585574e-01 2.246245450649361208e-01
-1.141843323882883038e-01 2.699418666157517022e-01
-5.050436762262291296e-02 1.578038256356450730e-01
2.065470505482248920e-01 -4.257089313790234086e-02
1.532431243385477815e-01 -8.939567685338885294e-03
2.628907732050295709e-01 -4.210770425250207061e-02
2.075517797973113199e-01 -8.128620468326774873e-02
2.651073932455489945e-01 -3.586400659609022788e-03
1.020159138213994343e-01 -1.001136055458106550e-02
8.668694706294842456e-02 -1.180462019472377222e-01
1.788943338466784660e-01 -1.048487224557975300e-01
-3.833406625351282876e-02 -2.442034119935864236e-02
5.149522738217697515e-02 -2.361256837193786290e-02
4.658307447968443316e-02 -1.445914635820912120e-01
-9.582583576831130157e-03 -1.580282598375088166e-01
-1.226989225184269873e-02 -1.154489783084165916e-01
8.819142600280006905e-02 -1.889044738482624219e-01
1.121437757501659443e-01 -1.583363405216058339e-01
1.373900399738023637e-01 -2.047756557664701660e-01
-9.351075090189760533e-03 -1.985784210043682607e-01
1.507714552333618285e-01 -1.329071086757918074e-01
-2.025339631587632361e-01 1.427132502334329742e-02
-1.860769007654887452e-01 4.442815442281869420e-02
-2.636862903882871909e-02 -7.033642076986269809e-02
-1.849083006991658340e-01 -2.730379017984579590e-02
-2.316982892082041223e-01 -4.030820034301196148e-02
-1.485814569271803609e-01 1.529648320530016146e-03
-1.768159002605794727e-01 -6.674266318598721937e-02
-2.303666505290463407e-01 -1.226766961543487300e-01
-1.182811581522492939e-01 -1.388962878651632815e-01
-7.437319464854842688e-02 -4.664116144800042885e-02
-3.374081438137299105e-01 8.395217788350858509e-03
-2.747822532041599430e-01 -5.256349005632480337e-02
-2.885302846908275876e-01 -1.253727865424675465e-02
-2.801543621854638011e-01 -9.154512965296032756e-02
-3.047894426960097158e-01 3.711081936289090111e-02
-1.208122846262357913e-01 -1.829639751975491169e-01
-6.636261131869272689e-02 -1.652520761124314230e-01
-6.625491527123636426e-02 -1.255881685081935428e-01
4.007515874190630684e-02 -2.385133759135157072e-01
-7.803118440954154300e-02 6.055130040521190804e-02
-2.087757751383639282e-01 1.573548698207794250e-01
-2.316697030440972305e-01 1.225765981065230492e-01
-2.726793574546301224e-01 1.665707741407231601e-01
-2.502945959243252361e-01 1.988677352201724813e-01
-1.792111674226025964e-01 8.091754925638534879e-02
-2.468645869577837104e-01 4.301563879162529497e-02
-1.689554966003192771e-01 2.575895834123459460e-01
-2.113094345222015780e-01 2.281617172796964466e-01
-3.169712291294692896e-01 2.141796351661329201e-01
-1.545380621665728149e-01 2.152976866065760830e-01
-3.520626135812886526e-01 1.316924652045599053e-01
-3.318811468265871478e-01 8.805643779435230745e-02
-3.625468349648948152e-01 5.696343161338689176e-02
-4.226117468271035627e-01 7.447900727367066931e-02
-2.239490540275786146e-01 -3.842331435355386127e-01
4.428061515269741955e-02 -7.075583499012053634e-01
4.060670354453665976e-02 -7.907128697486918156e-01
-9.907201700915843623e-02 -6.259726383020719487e-01
7.175918852021108407e-02 -5.355935126223319021e-01
-1.826561987830517819e-01 -6.633828507367456329e-01
2.090161334226902853e-02 -3.948886011531939078e-01
8.149963808787168140e-02 -2.763748867912016460e-01
1.680505875939687366e-01 -4.953561229313056535e-01
3.727954940324612609e-01 -6.061787451774026669e-01
3.581232157709795527e-01 -4.592026453027209798e-01
2.479098971368861593e-01 -7.210927015751259495e-01
1.980373619409371011e-01 -6.064849461731077751e-01
4.249656834820050300e-01 -7.188350473876043978e-01
5.212880469298436514e-01 -5.550506552995507770e-01
5.428546879974102124e-01 -4.594617110343643951e-01
-7.487201404146044403e-01 3.719953517405552024e-01
-7.227763890265218594e-01 2.380894582051380215e-01
-6.311201135705309939e-01 1.381275063014346660e-01
-4.227345508748076575e-01 -6.070630308459439017e-03
-9.831481487654610829e-01 2.919586987167101244e-02
-8.367771773237751010e-01 -2.430102805005052158e-02
-6.111389551159424061e-01 -3.034520985336426890e-01
-1.962978804420570378e-01 6.380856400471193179e-01
-2.494328343276696613e-01 6.182476077852678831e-01
-2.240078754456949761e-01 7.257507885129418357e-01
-1.240402019635400005e-01 4.814052776155335889e-01
4.067680372232108238e-02 4.541643748379529111e-01
1.149901318033357961e-01 5.948734506272366218e-01
-1.156621556946826335e-01 3.601448300287048432e-01
-1.042778093577628185e-01 4.029984609038262944e-01
2.885612094319800480e-02 3.962328289598726072e-01
-1.904700679153601972e-01 4.805160691484336999e-01
2.171671321268144883e-01 5.363042404220221826e-01
-3.127744520124678407e-01 6.428426936393570879e-01
-5.385519372845362085e-01 6.384302845741575139e-01
-4.119347721129786866e-01 4.617847637140886641e-01
-5.998485196593462687e-01 6.630381182633950932e-01
-3.952473038203623279e-01 4.148479920999841308e-01
-2.885386811818417274e-01 4.029987383338569651e-01
-2.958690553570663129e-01 4.424074825640382236e-01
-2.170932128112610660e-01 3.364262470917054326e-01
-1.358309299936732328e+00 5.686430705405673969e-01
-1.233186324446405635e+00 6.804415720980108162e-01
-1.505885823334434770e+00 6.779287646523927124e-01
-1.257431402719842772e+00 4.345951267389986938e-01
-1.212713049112561947e+00 4.979877742222574288e-01
-1.034468355180115484e+00 3.822648765917892599e-01
-1.007447563322336759e+00 4.543426482726176108e-01
-1.067659821392656694e+00 5.800988047893520516e-01
-1.125576197390770306e+00 2.611489988786644956e-01
-1.304712755753164144e+00 3.336152159647840509e-01
-1.056187234102381023e+00 6.164115730645557401e-01
-8.767066631946590638e-01 9.426937633653614812e-01
-9.255629925297134131e-01 9.710623509660536445e-01
-6.073784800838157860e-01 8.594364588723684140e-01
-5.056395007957296128e-01 9.152329738489858313e-01
-6.996649912653184478e-01 1.273338400548937877e+00
-5.693653854857255725e-01 1.326795962050564937e+00
-3.286392928724906071e-01 1.211668684078295533e+00
-3.506710988015134256e-01 1.410105010626621302e+00
-7.676076965199370994e-01 1.234798807310513391e+00
-6.600345786607620946e-01 1.191324737550208290e+00
-6.173215479781732906e-01 1.102352332506988386e+00
-6.617317386069823115e-01 1.053994913814112477e+00
-6.220687075344836225e-01 1.018290731647849334e+00
-4.120284916631140049e-01 1.084274286797939357e+00
-9.203242464351741869e-01 1.106547949885377413e+00
-9.625866637065260134e-01 1.142249843943328180e+00
-7.762310570548355271e-01 1.055329849171618317e+00
-7.973170438371138813e-01 1.171263861241871984e+00
-8.652633202248489752e-01 1.239192455019941352e+00
-4.083576557932271922e-01 9.124917887473058542e-01
-2.996230572168212536e-01 1.053795607363255504e+00
-1.853973484571772579e+00 2.576602440057522148e-01
-1.864792591175631564e+00 1.012994849456784752e-01
-1.506981632391291015e+00 1.931469119171687898e-01
-1.551836485694743972e+00 3.954978400229855473e-01
-1.709097353773058048e+00 3.785312422325700643e-01
-1.260681346900611066e+00 1.769274862793066561e-01
-1.197405185842134623e+00 9.297978379767071755e-02
-1.364582836854498105e+00 2.764942047815505677e-01
-1.413738568373153814e+00 1.138582609654513883e-01
-1.599708756732686199e+00 6.330882327406294197e-01
-1.721342301746799697e+00 5.663395994171489534e-01
-1.187601424075698464e+00 -2.623405824283863153e-01
-1.407593938599785766e+00 -3.132328462039101202e-01
-1.509060307504000997e+00 -1.984549857536731243e-01
-1.297293744256423631e+00 -1.190715171056845462e-01
-1.384770131822195216e+00 -1.498958779471823155e-01
-1.498350740432556893e+00 -7.387949088136464004e-02
-1.568028173779388856e+00 9.029065279210265332e-03
-1.216318543767247462e+00 2.506769290857296939e-02
-1.377999047607230132e+00 3.396840088738219132e-02
-1.182479328259644413e+00 -1.198930031218472525e-01
-1.695750836469958056e+00 1.458226150439772065e-02
-1.797725706383025424e+00 7.608069116689797871e-03
-1.115485885096841212e+00 -4.420009652960472102e-01
-7.722573145671453032e-01 -2.263836187645655862e-01
-7.535496561529508863e-01 -3.146089172761851738e-01
-9.214577536672434732e-01 -1.231696275900229648e-01
-1.021852087304237156e+00 -3.996720397417501819e-02
-4.743278531425881295e-01 -6.310928941854361263e-01
-4.363276042309863767e-01 -6.769061590125472483e-01
-3.514231573890319038e-01 -7.614626015940008097e-01
-3.441383189162576239e-01 -6.628718173579034589e-01
-3.333728296280384362e-01 -8.619833298998891280e-01
-2.525914317077753157e-01 -8.402589889852342120e-01
-5.132284454182102218e-01 -8.626394952563074536e-01
-4.225079113326719038e-01 -8.661139420867857153e-01
-5.044563137004144382e-01 -7.608948596346857274e-01
-3.201955159948629004e-01 -9.751909657291546463e-01
-1.611194111368369208e-01 -9.150819234023308546e-01
-1.611881016364396235e-01 -8.236320371701402188e-01
-5.992241600179400857e-02 -8.099918688797957955e-01
-1.531597934832889807e-01 -7.405077038917649013e-01
8.876820148144913547e-02 -9.045326058529079560e-01
-2.257275733722348410e-01 -1.250940288022577063e+00
-2.329399698342184410e-01 -1.050169829926292708e+00
-4.964632043970638731e-01 -1.014674417600547995e+00
-1.320103865147894129e-01 -1.326475448074107666e+00
-1.611696635221849250e-01 -1.211416034284520826e+00
-2.784759365309582430e-02 -1.199827690146639370e+00
-1.450846594023976477e-01 -1.145326323384663114e+00
6.299276910723733414e-02 -1.276534396771300539e+00
-1.588485277805304074e-01 -1.006838360392869669e+00
1.097773823577516822e-01 -1.432257299104868098e+00
8.688747968647696218e-02 -1.355901034747777567e+00
5.705921689139806241e-02 -9.658938081827005417e-01
3.000092876531527675e-01 6.966302921675949777e-01
-2.033806109936210638e-01 8.299909748989625635e-01
-6.568501493934154022e-03 8.827944269317683501e-01
-2.441400385100827852e-01 1.281454851557380703e+00
1.712567427122392918e-03 1.196179640960022272e+00
-2.230223320194253123e-01 1.099682228916070592e+00
-2.134034647411079538e-03 1.041198944325262055e+00
1.164018660383629861e-01 9.837955306261891852e-01
-1.995512241451994628e-01 9.081172999460646045e-01
-1.062420885366093665e-01 9.373931081983093438e-01
-1.878313179273423394e-01 1.015273088296105408e+00
1.985673860629267040e-01 1.003020664441466314e+00
3.091344302247107656e-01 9.982731405975150407e-01
3.468200755265344881e-01 9.560569660979381101e-01
8.306810068502560318e-01 -1.730578256785533509e-01
8.366471185895600904e-01 -5.002976855241636489e-02
6.686079366123953704e-01 -2.018518960786072902e-01
3.617852381786509919e-01 -1.843560999079003893e-02
3.493937721188953849e-01 3.197364070906626859e-02
4.941931271220325605e-01 -3.437500948375405568e-02
6.716322541777453026e-01 -3.225734141413539868e-01
7.612780130813349144e-01 -3.464286468818098541e-01
7.024410443253137348e-01 1.173441294863586809e-01
7.215184795977743759e-01 1.921169620413423207e-01
8.939049059238410866e-01 5.274773514976362210e-02
4.089717093322143282e-01 2.594244978375788713e-01
4.067669993032363984e-01 1.726359879536912556e-01
5.556534373594432807e-01 6.442369627101199314e-02
3.312442023667451219e-01 8.259330772582833269e-02
9.646086116551652045e-01 2.711112874482280999e-01
8.432521964465270470e-01 1.792264926429558425e-01
9.266891852980553290e-01 1.050182742129552455e-01
7.725717175649871038e-01 4.091990270798975260e-01
7.631590542886631523e-01 3.341025622358844704e-01
1.108846261728827498e+00 4.965047517182730186e-01
8.836504443184631796e-01 4.652492705148827956e-01
8.326246863725247360e-01 5.356354843851968139e-01
1.698992332708106234e+00 -1.796504813669416029e-02
1.600569533207394368e+00 -1.779068038179008326e-01
1.198963768275635333e+00 2.660330710139858779e-01
1.159928487565243804e+00 1.859516969766456529e-01
1.260690419213484015e+00 4.417963685606117741e-01
1.200953490578454685e+00 3.605329343594600444e-01
1.350788043675568595e+00 3.744941997859078664e-01
1.157401739716138245e+00 1.126635747441487312e-01
1.129076228093201850e+00 9.769371211477983347e-03
1.073537063876834896e+00 -7.329719828780693891e-02
1.082706358123813217e+00 -4.450174755028565854e-01
1.159862898544537835e+00 -5.152790709794093926e-01
1.038081384711840638e+00 -5.463130128031701283e-01
1.285790243228550400e+00 -6.047370786063540615e-01
1.057612026030221308e+00 -3.536186795041731945e-01
9.193062507873098754e-01 -3.536160492545862288e-01
9.722069451072785640e-01 -2.148689924507505566e-01
1.007367455021191072e+00 -1.094887827727420021e-01
1.043181951152045928e+00 -3.074342984412058999e-01
1.155891165043156921e+00 -3.381618679294504104e-01
7.458842584487703764e-01 -5.340308499616420734e-01
1.444849863231471243e+00 -5.332567597804794834e-01
1.331006628907237310e+00 -5.133143773837481882e-01
1.329798651821336941e+00 -4.394658000361802430e-01
1.493804238196227985e+00 -3.947846818116269030e-01
1.446051176852140685e+00 -3.066895121188761841e-01
1.525852132125474325e+00 -2.644966348583252524e-01
1.365241040372639603e+00 -2.207682993965719986e-01
1.271342058909906259e+00 -3.490043153061200831e-01
1.757846741494506260e+00 -3.572925703753803139e-01
1.775315298294754429e+00 -3.176772656878290579e-01
1.624466602502246282e+00 -2.733447308085073524e-01
1.678204250076212434e+00 -3.709615883523337820e-01
1.263606449211620131e+00 -2.280507318036627817e-01
1.118320037838083092e+00 -1.646643500565484475e-01
1.194007136440496941e+00 -2.616928194102505212e-01
5.843385722659087955e-01 -9.634038333939340948e-01
4.840193643242622357e-01 -9.135547704982501793e-01
5.157717603784678362e-01 -1.010034394029582838e+00
4.989863771070573994e-01 -7.932650778548405723e-01
3.750465104094315993e-01 -8.508312298034906851e-01
2.817216524936510536e-01 -8.938024240001137821e-01
6.884351231078267297e-01 -1.001678885525894458e+00
6.449509057705613557e-01 -9.052919065346374250e-01
6.308494965218467421e-01 -8.028862878643966416e-01
9.078991425967903872e-01 -1.117510580212895510e+00
8.382564316970054774e-01 -9.395015974684302051e-01
7.717847476830953513e-01 -1.109466025307131343e+00
7.902037581858830650e-01 -7.233554404750051070e-01
6.008614944846387695e-01 -6.596385885839677332e-01
5.093044102512531701e-01 -1.327235677642681688e+00
4.111938620778775588e-01 -1.396865131127805748e+00
3.280446044671176398e-01 -1.353136562056191705e+00
3.807721880793999425e-01 -1.283142719333726589e+00
6.690731744177554896e-01 -1.279153939116071337e+00
5.722827031489482463e-01 -1.242933402138893362e+00
5.560982375154246427e-01 -1.168495397975897188e+00
4.568509902175321713e-01 -1.218235347412573111e+00
6.729607520492090211e-01 -1.152235652564747026e+00
5.300748763169138567e-01 -1.101462946654087727e+00
3.039523447426933367e-01 -9.882069731448829275e-01
7.197899248127805905e-01 7.154000232495186795e-01
7.348838983132620628e-01 5.700492418740212841e-01
1.019175665603587078e+00 -9.528979000633511776e-01
-1.077355427966617096e+00 -5.045129202458642492e-01
-6.273257042088759006e-01 -6.474757933671588805e-01
-6.116394114973063845e-01 -5.642796151900851820e-01
-6.764115690007238557e-01 -7.461104159858343854e-01
-1.137020821287731742e+00 8.616601758104559527e-01
-1.166720924898331235e+00 8.277415078188200548e-01
-1.005539465957309808e+00 8.083739328380814548e-01
-1.147001192696163185e+00 6.949086408959261885e-01
-1.356355630616798535e+00 7.602223139172731292e-01
-9.814378219505586198e-01 6.911200421919727610e-01
-3.182146586653653575e-01 3.383323026691462121e-01
-3.905179735030323007e-01 2.896470482708294325e-01
-4.890866013155799608e-01 3.949210848058639645e-01
-4.009640605439755978e-01 3.326255081380485312e-01
-5.599386995696932212e-01 2.979917674961370944e-01
-5.385934782053088954e-01 2.513937379458320298e-01
-6.521233129473890111e-01 4.476113562784876376e-01
-6.240747622089384272e-01 4.002358013262624081e-01
-4.846659590385171135e-01 2.243656151129198029e-01
-4.681322076825202294e-01 1.720329291756312329e-01
-3.781896289261994504e-01 -1.425043319277663756e-01
-3.330916516817541417e-01 -9.064935157458212101e-02
-3.803768481896155351e-01 -4.999892930091867638e-02
-3.711562369594151867e-01 -1.583492586017599263e-02
-3.573075846044304060e-01 -1.879228975559240344e-01
-2.112461807722406659e-01 -2.081030137929087975e-01
-1.234801317170483997e-01 -2.542144052559736078e-01
-1.504281694452240525e-01 -2.163857764135136696e-01
3.902579256184072753e-01 -2.231627211254526288e-01
2.986808310328163962e-01 -1.301704125734986228e-01
3.291309793543182316e-01 -2.761214376104174639e-01
3.189358695314147840e-01 -4.125548064580429608e-02
4.080422838455987633e-01 -1.411930870834360308e-01
2.389556453425110971e-01 -1.994825203420786952e-01
1.692579618056448409e-01 -2.447433332948633355e-01
2.731653735386193049e-01 -2.823426562196008627e-01
5.888968438292552926e-02 2.258501952087033360e-01
4.394264466362526877e-02 3.565615660575427448e-01
1.700561066386959141e-01 2.245675863758238300e-01
1.727996241203975658e-01 3.669402974810513918e-01
2.892758854007954072e-01 1.779944973940900954e-01
1.914780108067710707e-01 1.776992632191735644e-01
-8.081556046216921071e-03 1.137490440801991048e-01
9.697343606740657651e-02 7.205073616929107139e-02
4.603540251633753827e-02 1.134382859259797649e-01
5.740885778684051699e-02 1.536304962203445257e-01
1.101031833503196278e-01 1.445809164106139910e-01
1.549456723252908563e-01 3.667538580725934055e-02
-1.482663219856733246e-03 2.496424967745894952e-01
-5.145272974804603050e-02 2.367596062700235149e-01
-4.965023291492155766e-02 1.947575737286365571e-01
-1.807364307203031539e-01 3.013767294745844927e-01
-1.077653822002689055e-01 1.804920601572356509e-01
2.063937838332947916e-01 -1.100048391824062517e-03
2.603354332977354524e-01 -8.563213317561192695e-02
4.465897715318641048e-02 2.313000338604656592e-02
1.039393840181385559e-01 -5.041789021510448277e-02
6.780571592134027048e-02 -7.343666706450767412e-02
1.259401189224683693e-01 -8.907822357636860366e-02
1.177557163500823380e-02 -4.726130166584411457e-02
2.952202801269301555e-02 -9.728504800078570380e-02
2.128706097304177702e-01 -1.535935895167317433e-01
4.150960066265431403e-02 -1.952090814313562073e-01
-9.866796135042410487e-02 -7.255385484953296750e-03
-2.468052591175969590e-01 2.616970096722725462e-03
-1.226716590223878856e-01 -9.315643467310374959e-02
-2.240160854428952797e-01 -8.235084054412458721e-02
-1.743458684068755760e-01 -1.092337690803830974e-01
-7.344344222667499589e-02 -8.521457705486398804e-02
-3.980875016321309690e-01 2.906836911065868376e-02
-1.255141104480626824e-01 3.818139843930183630e-02
-1.409687455177618121e-01 1.485774662254604472e-01
-1.693089474285877638e-01 1.184415582224077335e-01
-2.285215554193651133e-01 2.728716466585792699e-01
-2.765619670562804999e-01 2.449213932153789797e-01
-2.945906590653438184e-01 1.222533636595731638e-01
-3.896587363906627299e-01 1.020956359309239531e-01
-2.861061416968126436e-01 7.518861341406639365e-02
-3.900818923624814194e-01 -3.434125084575966880e-01
-1.059465408366685041e-01 -5.785766762679381836e-01
5.296982312182613867e-02 -3.584494405585137433e-01
-3.301130228181982373e-02 -3.003767218403128325e-01
2.675060871153463471e-01 -5.649273532997242109e-01
3.405370413984242228e-01 -7.665193992548331448e-01
-8.684559125602741014e-01 4.837748392998898472e-01
-6.032892194589299928e-01 -4.336909563612613427e-02
-6.087722448914860696e-01 -2.712401676228470282e-01
-2.343022866628482748e-01 4.172102349917337638e-01
-6.318272032231652020e-03 3.722935832492868524e-01
-3.367394975328685258e-01 3.824554178790683934e-01
-1.253198150868744198e+00 5.791760998990831411e-01
-1.015671814842109777e+00 5.046021055219545026e-01
-7.776326820997150335e-01 8.728063436653953344e-01
-5.537268193295812324e-01 1.264644117283727720e+00
-3.458102432263194248e-01 1.333311988571307172e+00
-1.662933095529711913e+00 4.978410053108036637e-01
-1.359316747696816874e+00 -3.961463733787147501e-02
-6.059219400232143116e-01 -4.480226209389091552e-01
-4.429848277803460355e-01 -7.211581313716264319e-01
-7.076091940278468606e-02 -8.923613017536552450e-01
-2.173407555813587910e-01 -1.176620011826373435e+00
-3.171896878258849417e-02 -1.306126649952189744e+00
1.163006011049251553e-02 -1.463329788778386042e+00
1.659852285679140893e-01 -1.417064163016459100e+00
9.190882395246968706e-02 7.693846586311767766e-01
-1.793426502644031861e-01 1.410285176006701668e+00
-1.047208463440856135e-01 1.055498146270479332e+00
1.191232744029158130e-01 1.050592575466996914e+00
3.192887936069339627e-01 1.035013398398545448e+00
7.781303857141577129e-01 -3.397034723513028126e-02
7.068542308565962662e-01 -1.809700361035239680e-01
5.572937231975544359e-01 -1.318089970982556092e-01
7.206033167317702492e-01 -4.040871025704377284e-01
8.139828801046905538e-01 1.070975395137199609e-01
4.628880960453620186e-01 1.334328192336371732e-01
3.139769702759102055e-01 1.315598455845006232e-01
8.633400953017678070e-01 2.612931471666904981e-01
1.657499720377991981e+00 -2.011423616225502531e-01
1.311468149531674676e+00 3.173584928427428120e-01
1.241766649946713708e+00 1.030484088950825577e-01
1.159426120718097808e+00 -6.497122764684789553e-01
8.552479176456159182e-01 -4.272690301990511030e-01
1.083481287764693990e+00 -2.418834157069597313e-01
1.443680074354210197e+00 -4.573141746809391006e-01
1.301742933775908995e+00 -2.774164113963563660e-01
5.842174358266712941e-01 -8.771844520180773763e-01
4.353767157278186639e-01 -1.109023930159239724e+00
1.135783677904283806e+00 -7.571721793203372020e-01
-7.609335155916553406e-01 -5.959492924696293548e-01
-5.031376376730546385e-01 3.603388412908072325e-01
-4.387654983956285060e-01 2.395395363781376852e-01
-3.210751864255202981e-01 -1.666059129048916565e-01
-3.264105081539784847e-01 -4.481059864730644465e-02
-3.418770853818584032e-01 -2.322543806923302590e-01
-6.083528538566310151e-02 2.814193915410873603e-01
2.194994059160169653e-01 3.264872685830684795e-01
1.669576361732637015e-01 1.152338791987410210e-01
1.070209556413530688e-01 1.105879267945363148e-01
2.110136201281239410e-01 4.015392976883561810e-02
1.543020225059379968e-01 -5.432331116426872275e-02
-1.290833719377316446e-01 -4.767468128099108804e-02
-1.337331585900729813e-01 7.922887120976296327e-02
-1.784445366847771941e-01 1.868306447660743885e-01
-2.373518572965842843e-01 8.344668180410598490e-02
-2.659476463883506669e-01 -5.838596753804629058e-01
-4.398672666291669198e-01 4.040372141528844052e-01
-1.374075287144304491e+00 4.474881574966581566e-01
-3.373896471745246317e-01 1.142270381748266894e+00
-5.720348302001877494e-01 -6.102416522644943386e-01
-2.480386998347341443e-01 -9.340358973222555594e-01
1.285818310796535413e-01 9.057451805439981074e-01
8.045576805367127271e-01 -3.325818197121383490e-01
4.499599115023995566e-01 -1.832801828020576007e-01
6.699877815497355948e-01 2.782661504588103685e-01
7.092933732072573827e-01 5.326099266630377471e-01
1.216421280907844071e+00 -4.180268234921725723e-01
1.591228172730162260e+00 -5.114024766538342037e-01
6.136594810706638148e-01 -1.052070228866190726e+00
-1.186200927150141471e+00 8.672260671055226355e-01
9.482910418318822587e-02 3.310256570455815534e-02
-5.541568050846481519e-01 -3.751534929278447783e-01
1.910988173407199842e-01 -8.452903492548058395e-01
-7.866226262893333265e-01 5.408685726584258058e-01
-3.032642669504149735e-01 -5.411579026893585942e-01
-3.167799984698899118e-01 -4.619753631083806655e-01
-3.403219875893296886e-01 -3.831871407321068568e-01
-3.981718955701930018e-01 -3.776669860586110983e-01
-4.005235823686996710e-01 -4.178945975786313993e-01
-3.539372490381754721e-01 -4.214110740768138297e-01
-3.775445055757896129e-01 -4.590438348466920337e-01
-2.788494708537188616e-01 -3.869089778490710785e-01
-1.912905514390170758e-01 -3.552143493584480338e-01
-2.433366928396776818e-01 -3.112085440831604544e-01
-2.626342367946871148e-01 -3.472883718050093771e-01
-3.042891823316020150e-01 -3.082532864641698844e-01
-4.572867346585234860e-01 -3.449007973016259831e-01
-4.984572683169199991e-01 -3.760052019813096558e-01
-4.454486414659890592e-01 -3.885897281933128333e-01
-4.352185264727574943e-01 -4.340116260857843633e-01
-4.897301816713263145e-01 -4.458227537797301854e-01
-4.803967881010205998e-01 -4.113854523675015140e-01
-2.012529685794590961e-01 -5.541680456956276091e-01
-1.575858276735376262e-01 -5.460855676493747701e-01
-1.680298541301657178e-01 -5.065686073771219489e-01
-1.976683658196407012e-01 -4.701664004955895537e-01
-7.923446213388352088e-02 -5.097214465550981011e-01
-2.496218774338808399e-02 -5.357493744090249255e-01
-1.718393569327298920e-01 -4.006495832031229942e-01
-1.051362727597195401e-01 -4.219629103987801444e-01
5.568942711652700300e-02 -4.991278199997121745e-01
2.921404277478957534e-02 -5.576977726026447479e-01
6.317035324486910963e-02 -4.668985856936245793e-01
1.426421577929087858e-01 -7.740145771093376315e-01
1.003832507921485762e-01 -7.339423125259191272e-01
1.428461543338843676e-01 -7.021809746560809806e-01
1.980996136989028877e-01 -7.261332960587925101e-01
1.939851581843137773e-01 -7.700377767004402685e-01
2.665422761316106268e-02 -6.644008265164331739e-01
9.233588848837567808e-02 -7.794321800868824202e-01
-8.303781772131641273e-03 -5.814185954011917845e-01
-1.401539004910793210e-02 -6.875348791656321623e-01
8.440835821966656549e-02 -5.755337663625120781e-01
1.682407227851019094e-01 -5.703962568599423300e-01
1.205847557756833527e-01 -4.295298423053135473e-01
6.725246713454370584e-02 -4.277041203793857660e-01
8.702877591273254498e-02 -3.911310417845224596e-01
-1.217326502435127182e-02 -3.650102527433391475e-01
-7.678359700514331143e-02 -3.590472989642509161e-01
-9.122569885037602744e-02 -3.181490675695111681e-01
-1.878024305596067423e-01 -3.150047049301993307e-01
1.524432431488484119e-01 -4.062068890716112879e-01
1.191210093175716217e-01 -3.577148617233967820e-01
1.463633274032476728e-01 -2.776846655732332358e-01
1.940149856199596123e-01 -3.149761627520337171e-01
1.688076249332869094e-01 -3.470147776853926280e-01
2.834083584280297496e-01 -3.765427757680939735e-01
3.263552682528599314e-01 -3.603353381149654311e-01
3.435769366831936122e-01 -4.090337417465325087e-01
3.213940141184271071e-01 -3.172524042248400233e-01
2.204994523940033979e-01 -5.275641479615224005e-01
2.669858158267921500e-01 -4.809658755334483837e-01
3.249678932870954662e-01 -5.195675206108102406e-01
3.699262194403806769e-01 -5.097516604057973355e-01
4.229237063781169370e-01 -5.391939489757355819e-01
3.443456826786609470e-01 -6.466556245800744174e-01
4.243212859136661907e-01 -5.884479933164787901e-01
4.730458859932168969e-01 -5.699396560301071002e-01
5.159695150501595329e-01 -6.003067344255529347e-01
2.446058302641023474e-01 -7.670521656905573415e-01
2.272526526093185117e-01 -6.451107460986068576e-01
2.608100337990970075e-01 -6.841144042340890907e-01
2.930825074151467979e-01 -7.685981683355072036e-01
3.195611117025012882e-01 -6.836977979959344420e-01
2.870755458291354700e-01 -6.447816670186853338e-01
2.529965353736143840e-01 -6.063997610430572616e-01
3.710610845228936028e-01 -6.975637532129909113e-01
4.489561962927817174e-01 -6.887530093134761611e-01
5.277073798155711426e-01 -5.111872725544350793e-01
4.945520446878193810e-01 -4.693304102764682684e-01
5.957039452006247515e-01 -4.796994113921881353e-01
4.418583689299362960e-01 -4.298682743233854242e-01
4.729222828140334789e-01 -5.182648426965510424e-01
5.804565356174191670e-01 -5.154985684239649091e-01
5.329727866997913122e-01 -4.039377809055334501e-01
4.353752103680673669e-01 -3.856494704190648881e-01
4.251460273046223648e-01 -3.473480811841736515e-01
-8.429857395877699000e-01 3.478383916939566944e-01
-7.932384778201890807e-01 3.240991724738360169e-01
-8.000963045478546309e-01 4.089972564229503171e-01
-9.066907150358671785e-01 4.336594044355645550e-01
-7.509393857665870309e-01 4.567403471940377213e-01
-7.006074550488677888e-01 3.229560454995791807e-01
-6.519775395445759347e-01 3.202090750365821914e-01
-7.029132018726733655e-01 4.712287536694941270e-01
-8.524814532778554055e-01 5.125565961922367020e-01
-8.372189964474132662e-01 5.417285429545589670e-01
-8.055131401404961311e-01 4.570219062732713278e-01
-8.333967680237495124e-01 2.621486740265956961e-01
-9.089324836724193002e-01 2.464074986112763654e-01
-7.343667025133695514e-01 1.993743903560313002e-01
-6.779306566836981185e-01 1.901281454617483047e-01
-7.587856253554778885e-01 2.806843335095773884e-01
-7.462359951985773066e-01 1.604299824159547971e-01
-7.622815412340974150e-01 1.204011761406373338e-01
-6.907405283842918964e-01 1.517637932907772991e-01
-6.656996223184826755e-01 2.331067592873173888e-01
-6.129211706455151010e-01 2.283371318625441737e-01
-6.233425187416471447e-01 1.864949284421468789e-01
-9.808804700822648659e-01 1.430829139003415296e-01
-9.453966493529283310e-01 1.052674712388763506e-01
-9.279832958601670345e-01 2.874108609209875126e-02
-8.915502360161294826e-01 1.049876578048209302e-01
-9.376889599808972964e-01 1.842857042488774133e-01
-1.052490620316174130e+00 1.937443352171265565e-01
-1.028841569368602604e+00 1.517176284280944421e-01
-8.182162102372142476e-01 1.305546006287504335e-01
-8.904722187877857076e-01 1.972462111916090943e-01
-7.432012017028984951e-01 4.108696246350223430e-02
-8.387276070392045701e-01 9.824760944735205781e-02
-9.831570796899349318e-01 3.538748806654026247e-01
-9.363811264176813420e-01 2.845382122034530448e-01
-5.823424426204256710e-01 2.884975693778166553e-02
-5.718388071811806306e-01 1.022624337155513957e-01
-5.683880586905706300e-01 2.258161261540743703e-01
-6.257138381870848143e-01 8.127463307070611695e-03
-6.839776416039794471e-01 2.571495312929370641e-02
-6.561245865438388725e-01 -2.319786193045467876e-02
-5.855565950550446486e-01 -8.478464201141774903e-02
-5.614607155375602732e-01 -1.357851897503428162e-01
-6.155209649839057384e-01 -1.089961418106095009e-01
-7.176361259506486290e-01 -1.237826239931094224e-01
-6.593597730692635217e-01 -1.604314227230897449e-01
-6.572344363061438655e-01 -2.034798725545991782e-01
-7.111967877281285544e-01 -1.717537635641126770e-01
-9.984287288326628707e-01 -6.233699978652322039e-03
-9.409397462724660155e-01 -1.065934273730797383e-02
-8.903718476953121908e-01 -8.016886839600246076e-03
-8.501528772622194419e-01 5.841952469011602728e-02
-8.119209951995804975e-01 7.496594495134067081e-03
-7.151493009367431153e-01 -2.151235884925389030e-01
-6.008464690391466245e-01 -2.346599023242440241e-01
-4.974419056643053505e-01 -2.116062837720814882e-01
-6.046398412664177879e-01 -1.915911275503547062e-01
-5.827746058944127672e-01 -3.389025515535877275e-01
-5.555778368562027669e-01 -3.020815678557350892e-01
-5.225246413869062412e-01 -3.379124979791726657e-01
-4.977086826804376085e-01 -3.023663182583101183e-01
-1.685685572371879437e-01 5.520022059305189632e-01
-1.251950192312837329e-01 5.756079564330097709e-01
-8.556724622151283544e-02 6.432146030075884813e-01
-2.134088264864578699e-01 6.828257693683078555e-01
-2.356455368071211642e-01 5.759961959090581507e-01
-3.933363031732647896e-02 6.744511103600027146e-01
-2.391022254226415206e-02 6.280352538549112129e-01
1.385130426958813138e-02 6.580427220844162761e-01
-1.060473020722815518e-01 5.241896630201365870e-01
-4.219169048892533469e-02 5.171837316962288877e-01
2.269427676213058714e-02 5.200410187228050596e-01
6.540259187856838075e-02 5.840186819577642963e-01
-7.568429473654268713e-02 5.556628968291369430e-01
-6.692340650909785194e-02 5.977285980011496358e-01
3.069647940191373432e-04 4.826713018652126208e-01
6.378179316044928215e-02 4.857124869732770134e-01
1.159203705683915092e-01 6.334037551104154673e-01
-1.430730443742600777e-01 4.389198299956481031e-01
-1.945077098406796101e-01 4.378082579915533179e-01
1.315858817613805576e-01 4.839801823332594566e-01
1.578645203775586314e-01 4.418710525915540144e-01
9.209269038525616513e-02 5.187749100206109354e-01
1.659914863927387796e-01 5.622188281799753717e-01
1.600790403958012864e-01 5.186379209918476896e-01
2.786938476949368804e-01 5.141688218644934194e-01
2.679031636115093429e-01 5.520155652406212310e-01
-5.194449829739850033e-01 6.721979515037799224e-01
-3.709286652632109993e-01 6.682388201541318296e-01
-4.790883266470322699e-01 6.863860378241174454e-01
-3.226289548898649828e-01 6.878401864001580934e-01
-3.365562399270622951e-01 7.367842013936262147e-01
-2.719342088321457518e-01 5.501989125012096693e-01
-3.251898067211717036e-01 5.640719244032086355e-01
-4.513055799953399894e-01 7.821172014172267373e-01
-3.397124198369109171e-01 7.837875882776828007e-01
-4.793160940265560055e-01 6.430088556603322791e-01
-5.297137498110544573e-01 5.921636893948825087e-01
-4.260759334062840242e-01 5.742879345301418192e-01
-4.815352900540143533e-01 6.049523296161342101e-01
-4.218136077265414730e-01 6.138991665507169682e-01
-4.247670264094734471e-01 5.322310067315921822e-01
-3.618377046534788644e-01 5.071600436026102443e-01
-4.100730572094171134e-01 4.959684926990244325e-01
-3.722102281044542549e-01 5.481445242110533078e-01
-3.126595846774743448e-01 5.224281171302707083e-01
-4.719219265642330963e-01 5.039931071895441539e-01
-4.572348082738768027e-01 4.540905838162164754e-01
-7.037131802462563979e-01 5.533901972482171416e-01
-5.865412826147617942e-01 6.182611036999682286e-01
-5.170107300005624129e-01 4.808369231520719933e-01
-4.992772992200611992e-01 4.331872834015453866e-01
-6.484066431249715379e-01 6.433835847425100063e-01
-2.436324192692855828e-01 4.631741627412731543e-01
-1.351530690377949817e+00 4.831381594988098938e-01
-1.376314901845577143e+00 6.115522026529890409e-01
-1.403095153942308659e+00 5.472554972678487228e-01
-1.448857650597369373e+00 6.644452747909818102e-01
-1.249933830398715306e+00 7.273520392198606910e-01
-1.167864268733673105e+00 6.570874556724892734e-01
-1.456917876742758855e+00 7.050173216880578630e-01
-1.551149381208078992e+00 6.512857006544160443e-01
-1.315061360778551514e+00 4.452246370708243250e-01
-1.198040612238471470e+00 4.216961300689240910e-01
-1.282927535601575242e+00 4.055413259542933746e-01
-1.177922906409625270e+00 4.518298779755744454e-01
-1.117908507695257736e+00 4.943918291515237429e-01
-1.123460426956011338e+00 5.347022506497873806e-01
-9.603676163348914274e-01 4.710278331027803467e-01
-1.154024265390518611e+00 2.970827544178948898e-01
-1.104579859464420499e+00 1.934231095370195219e-01
-1.170273943506308978e+00 1.305578761849568170e-01
-1.083677408143146836e+00 1.574431138878865932e-01
-1.146962518259329045e+00 1.709883861713384634e-01
-1.261026909735148527e+00 3.608645423194696833e-01
-1.384067495711027496e+00 4.070062292707524731e-01
-1.262406722895691669e+00 2.933942681959661458e-01
-1.313331213929807673e+00 2.911034590146202028e-01
-9.130498689244052057e-01 5.273555494383238562e-01
-9.869520177989558052e-01 6.527892000578636722e-01
-8.681988203282500205e-01 8.535520813041349575e-01
-8.164751957809436300e-01 8.610160284930479246e-01
-8.231885608449838188e-01 9.071267238642787278e-01
-8.697870138315325628e-01 8.960207189002130646e-01
-8.275220778836996915e-01 9.962832779238322001e-01
-7.761774219762664906e-01 9.595694498443443354e-01
-7.284474192844525575e-01 9.685995431928000610e-01
-6.802126846697009732e-01 9.316135683333782724e-01
-7.295622261596189650e-01 1.014686721081342835e+00
-7.761391853141788033e-01 1.007963814176553896e+00
-9.684949148535842989e-01 9.988582473182708865e-01
-9.193824650724334857e-01 1.058877048414577526e+00
-9.682951791667010477e-01 1.045753555217438402e+00
-8.166621329807756124e-01 8.178928299016620107e-01
-8.210856721096250199e-01 7.728451642091794804e-01
-7.194476644502563190e-01 7.700671297421886052e-01
-7.033198247903157396e-01 8.029491722898891570e-01
-6.825549879295302880e-01 7.254156529505528805e-01
-6.509899027803774940e-01 6.868337280857822469e-01
-7.632297103448245634e-01 6.492208214848309566e-01
-6.986362822090091962e-01 6.342008976252092589e-01
-7.273232923582831910e-01 6.003580316599798072e-01
-7.834685497437733348e-01 6.199236550922436750e-01
-7.711191929944337664e-01 5.766194020168832202e-01
-8.361045922378368411e-01 5.772382836112383009e-01
-8.277275339181865421e-01 6.149190398996042806e-01
-6.984304762275898026e-01 6.820917878235971399e-01
-7.348602189874844370e-01 7.290083880671087702e-01
-7.858053385655663359e-01 7.303501132559506726e-01
-7.477027223216471397e-01 6.845698769501280534e-01
-8.437705185741803948e-01 7.350903115878963945e-01
-8.992145232142203515e-01 7.553574165362285653e-01
-9.187554522104535160e-01 8.046931566114705614e-01
-5.626567271212161714e-01 8.100795692508725443e-01
-5.015479977118408872e-01 8.159453316583178406e-01
-3.903174067382587653e-01 8.664445829662443810e-01
-5.876865678173345264e-01 9.722463926600081185e-01
-5.359216686966062904e-01 8.901345393132626960e-01
-7.624565733582007176e-01 1.277978188834331119e+00
-6.393176434427456645e-01 1.263397588516293579e+00
-6.759638293911305329e-01 1.234769483046413097e+00
-7.225539488468000204e-01 1.311346227632490757e+00
-7.734621114635049643e-01 1.415933461398864113e+00
-4.744966112110761691e-01 1.210803144473395099e+00
-3.960762398354810143e-01 1.156100033762871293e+00
-3.851104501873170993e-01 1.230281422845146189e+00
-3.021173370336783237e-01 1.418396187624169524e+00
-2.981130930533062995e-01 1.384664364073597831e+00
-7.153633039624112122e-01 1.209793315019935145e+00
-7.552551280841941495e-01 1.188141377832040657e+00
-6.062202041496367322e-01 1.174182197587980703e+00
-6.234819472538870588e-01 1.217682860705136649e+00
-6.806287738498090212e-01 1.125575978121169829e+00
-5.646661725164191514e-01 1.083525234824925354e+00
-7.242354681832572361e-01 1.057000271171078420e+00
-4.712152748928880031e-01 1.097829563611658399e+00
-3.778570851865038494e-01 1.113800251212020864e+00
-3.554635414931933135e-01 1.070742874637023334e+00
-3.916936383377382369e-01 1.040568174326846007e+00
-8.649094965249419786e-01 1.116541089755707983e+00
-9.166843941844028398e-01 1.143218320415236633e+00
-9.642479668705591367e-01 1.091936467865104010e+00
-8.084043500277912075e-01 1.102800222869493085e+00
-8.169541192599587554e-01 1.255523405051689911e+00
-4.555782589250579329e-01 9.824056190550649603e-01
-3.539901077358413306e-01 9.221524476657700919e-01
-3.504535557071875584e-01 8.781792045513585609e-01
-3.639015573747295673e-01 9.672783022633022476e-01
-2.623148035997130978e-01 1.077823450598997423e+00
-1.658643291911392925e+00 1.254786812206656887e-01
-1.660299961948669356e+00 2.631181468346783792e-01
-1.660907110320785973e+00 1.731156682138508540e-01
-1.906095881138379022e+00 3.231961993041161385e-01
-1.909212133120083310e+00 1.337728444874509703e-01
-1.936571560010848181e+00 3.612940570990048061e-01
-1.846768915902245123e+00 3.673920098594566364e-01
-2.083657180893843996e+00 4.479267628887209640e-01
-1.990330414902983236e+00 1.538932600871253942e-01
-1.893798059947492396e+00 7.153516190162292898e-02
-1.944149182867482617e+00 1.185888033846944495e-01
-1.461743678958750792e+00 2.018284599182269268e-01
-1.518316719119466640e+00 1.114592003190581909e-01
-1.645812770479242015e+00 4.214175689514091938e-01
-1.591307980654985910e+00 4.245322699782302922e-01
-1.789161492199251136e+00 4.309548214356897500e-01
-1.736461109794617430e+00 4.251141062008712557e-01
-1.359893743041239222e+00 3.580495675836775638e-01
-1.409311411294316807e+00 3.401518191111216893e-01
-1.577773997094193748e+00 4.626014503820181645e-01
-1.871568542506461874e+00 5.401959923682703169e-01
-1.753465798997880354e+00 5.352638495642570993e-01
-1.317935917747667718e+00 1.912307112806680143e-01
-1.286943648106854798e+00 1.459285652820234425e-01
-1.135918663175972787e+00 8.629797547131674851e-02
-1.405647555501288171e+00 2.545571195639417805e-01
-1.387427718463618564e+00 1.403614870728089603e-01
-1.418729153786812747e+00 7.606844401926993182e-02
-1.473500632015536160e+00 7.485533564283805563e-02
-1.365491282281316110e+00 7.113343739286977219e-02
-1.653548904564348998e+00 5.688276550387456609e-01
-1.553637185239328922e+00 6.085590370267820459e-01
-1.786188409021873813e+00 5.730399263257556219e-01
-1.671998345904239347e+00 7.359805404790751293e-01
-1.812522653902761016e+00 6.079170169934163814e-01
-1.238045501542602844e+00 -2.316162232769549689e-01
-1.346596242142439781e+00 -2.171879801127008514e-01
-1.344285333961390716e+00 -1.834386213788316844e-01
-1.242988761278937870e+00 -2.697001054095070627e-01
-1.122695397719983834e+00 -2.599648484757539069e-01
-1.281511138096108615e+00 -4.001946036463156497e-01
-1.345802861184662191e+00 -3.388609403545749799e-01
-1.290959425495354473e+00 -3.263921885255175459e-01
-1.221976624774684383e+00 -3.841467133196490580e-01
-1.226315971550232975e+00 -3.485564666329175609e-01
-1.317967012473234334e+00 -1.552233095839219701e-01
-1.352378634523069723e+00 -1.175545058187560388e-01
-1.328088928460384954e+00 -7.835829972744189076e-02
-1.446343492546354526e+00 -1.499125427861132120e-01
-1.558145111972175645e+00 -7.249127160690845006e-02
-1.521195726088262701e+00 -9.371559498680438749e-03
-1.476863873879199929e+00 -3.785492964817139400e-02
-1.454319916538776791e+00 -1.908016869198677079e-01
-1.487226720129034785e+00 2.640067455104638285e-03
-1.675923367600883562e+00 -1.607403819500179964e-01
-1.662918004232529112e+00 -1.253044944607188682e-01
-1.209593553354833206e+00 -1.564373009498204459e-02
-1.157975600304624653e+00 2.370339189595687247e-04
-1.114139520345222456e+00 1.243492846799870537e-02
-1.249742905946294780e+00 -4.160856753292292709e-02
-1.219703818395901695e+00 -8.600458400335474207e-02
-1.204742712415074024e+00 -1.568874983356274011e-01
-1.162546564872735333e+00 -8.208016258757248884e-02
-1.124026037070892325e+00 -1.146621807340588023e-01
-1.144275637772408150e+00 -1.523496768759340647e-01
-1.703784501525302142e+00 -3.038317813977029977e-02
-1.648599119178425054e+00 -2.240361436519474128e-02
-1.786504015930119538e+00 4.744953826176332573e-02
-1.810862334308864341e+00 -2.738150181842455982e-02
-1.720761940259051270e+00 -1.165476905252418455e-01
-1.752482951228665486e+00 -3.528293502300104689e-02
-1.840549358235821886e+00 5.392299668539744101e-02
-1.749627819564693043e+00 -1.976196966853988324e-01
-9.999859644549254911e-01 -3.343651098965169655e-01
-1.104486967358261573e+00 -3.315547125846410315e-01
-1.141097732045646795e+00 -2.984249412155849379e-01
-1.021108338678966110e+00 -2.916455269289057739e-01
-1.164178211065735047e+00 -3.760255591104202377e-01
-1.055208104007272052e+00 -2.542932067645513050e-01
-1.098676789237766904e+00 -4.069136990208218618e-01
-8.675717028051647128e-01 -2.952307927625241746e-01
-9.016599259578944592e-01 -3.213935057467462997e-01
-8.937279447765227314e-01 -2.074954282908938463e-01
-1.058041382396815999e+00 -2.144979376786584069e-01
-8.301284662938090975e-01 -1.977965496988300376e-01
-7.187951270690877692e-01 -2.883369097887680810e-01
-6.428061666524115259e-01 -3.327980806275075976e-01
-7.179838370071779385e-01 -2.542241294631190640e-01
-7.285170848920136111e-01 -3.560033601066712738e-01
-1.012502320731080818e+00 -1.113135410218779042e-01
-8.671727715249293311e-01 -1.243534830913055333e-01
-9.289016244565424518e-01 -1.671310840789517194e-01
-5.207474239919731573e-01 -6.221090203805619279e-01
-5.781874222233244209e-01 -4.901232554234076777e-01
-4.622681581029968734e-01 -5.279064223408591605e-01
-4.356788885924028909e-01 -5.015830151309350615e-01
-4.050096599420279775e-01 -5.391576028570017609e-01
-3.175630717409781978e-01 -5.822375520278719740e-01
-5.802235655105771883e-01 -4.149890367262920599e-01
-4.843416618405061991e-01 -6.719658480870742689e-01
-3.895701765911042114e-01 -6.714715027302256001e-01
-4.267643489884729857e-01 -6.384552241143061080e-01
-3.020091691444588555e-01 -7.525311577714891564e-01
-3.440135085538575388e-01 -8.081190543857632580e-01
-3.364584421372124878e-01 -6.207827111111279272e-01
-3.741808228287241134e-01 -8.688838729996986032e-01
-2.561800598370177484e-01 -7.932682182075841970e-01
-2.057112872706011175e-01 -8.326742678156243693e-01
-5.208831004145523247e-01 -9.135632887213275266e-01
-5.594347085515728457e-01 -8.592002599937096363e-01
-4.654774735363599314e-01 -8.711881199986371005e-01
-5.119463857233087500e-01 -8.123101362057477681e-01
-5.558048457612013715e-01 -8.057590068959268326e-01
-3.739888862371474332e-01 -9.640610704742312853e-01
-3.354580039512459755e-01 -1.015943942289026403e+00
-5.818127549255215358e-01 -6.943662527009467622e-01
-1.189518357033509388e-01 -9.035495337695406137e-01
-1.592905470043236016e-01 -9.604353268786942621e-01
-1.584341234786743879e-01 -7.806050209061280443e-01
-1.181312032730153366e-01 -8.593247044372389620e-01
-2.064710348062090417e-01 -7.869161746838013727e-01
-1.074964662617602373e-01 -7.751022607769998407e-01
-5.773819817928509124e-02 -7.670858747683316770e-01
-1.317080460457971391e-02 -8.009517407677552159e-01
-1.365400514038177943e-02 -8.446645699725856549e-01
3.390152100444558669e-02 -8.324911910818313387e-01
8.701431557760869184e-02 -8.218869069870052835e-01
4.356841410670558856e-02 -9.209631769722284034e-01
-2.553764573973410501e-01 -1.274270984305583276e+00
-2.850255174540303749e-01 -1.218621734342845819e+00
-2.524987425833092325e-01 -1.199018166757231940e+00
-1.622061292789277742e-01 -1.281063256502329883e+00
-3.138382068071166597e-01 -1.244089893656141754e+00
-2.590548911883997496e-01 -1.122539178778592550e+00
-3.566014330893857442e-01 -1.098584963857990315e+00
-2.861709993854586465e-01 -1.030745221003846135e+00
-2.651104096291521661e-01 -1.001255632459845835e+00
-2.045838266831586649e-01 -1.018804665907987905e+00
-1.931139720773807356e-01 -1.102024982240980444e+00
-9.072158000697157221e-02 -1.308020513242406313e+00
-7.081033254619437112e-02 -1.354374414637389723e+00
-1.201824919598600133e-01 -1.192737896124003161e+00
7.850070514596147603e-03 -1.248430331939262450e+00
-1.408648508898795726e-01 -1.102144874144203701e+00
1.273168762021012479e-01 -1.225567654919486271e+00
7.365236901509422673e-02 -1.317987012256568669e+00
1.139339560340996149e-02 -1.178162440908754993e+00
1.294637050327015482e-01 -1.113492225134702363e+00
-1.152074741586146533e-01 -9.938720198071223644e-01
2.096420736923793882e-01 -1.449363503618061877e+00
5.726132644645048203e-02 -1.448120849057410453e+00
3.883749622799478884e-02 -1.371878740881595116e+00
-5.668788637232183292e-02 -1.395795898837207005e+00
-2.505695703031299987e-02 -1.341912112422234848e+00
1.123855188640427924e-03 -1.423452849989462088e+00
2.925495935164910133e-01 -1.323331137239207589e+00
-1.127258403803127612e-01 -1.366605657190195222e+00
-1.468112620063876106e-01 -1.459238335990022950e+00
1.547435832692158897e-01 -9.688372563141306459e-01
1.741121098503718712e-01 -8.739177350754158136e-01
2.456063869767699526e-01 -9.240885816727072433e-01
2.329571383764381665e-01 8.539319904870280586e-01
1.497416472842260093e-01 8.295516980092800807e-01
2.843645186106900646e-01 8.431924424193345535e-01
2.507034368933712676e-01 8.884844127864931496e-01
1.891140240988028465e-01 8.892466877378237822e-01
1.565550595926266386e-01 9.373781726821110993e-01
4.228756203899695643e-01 7.935056847368464616e-01
3.959870394163899632e-01 8.340874480681991221e-01
3.274020531625227437e-01 7.282311759978800092e-01
3.501261647959946210e-01 7.610880147368325188e-01
4.268548922027810000e-01 8.640320438551971627e-01
3.312513870079876743e-01 9.169686050228809115e-01
9.941760911328974271e-02 8.413470546239583125e-01
4.405225180501695648e-02 8.548554666056416007e-01
1.612993409224537655e-01 7.644236213928524704e-01
1.472029241750136830e-01 7.038125005410033053e-01
1.290809596143485671e-01 6.722015347925521800e-01
1.781196873121765334e-01 6.416605295640340767e-01
-9.146422541537194140e-02 8.018510989433201841e-01
-1.494941994605351321e-01 8.040501397265527039e-01
1.605894756385295094e-02 7.008205218964159711e-01
-4.920685048228322367e-02 8.241013659228231258e-01
-1.121749413192477812e-02 9.204694989314313736e-01
-8.234222389740718240e-03 8.466518133640797972e-01
-5.858156897972503774e-02 8.681183146685712559e-01
-5.963421899940373611e-02 9.074289379689626234e-01
2.320527780662131057e-01 6.119739651616014076e-01
2.243169785394238391e-01 5.770570916247123039e-01
2.909415826058531773e-01 5.880534574256507385e-01
3.287752594947943030e-01 6.537733826263527614e-01
4.191860649330654831e-01 5.536830503382204061e-01
3.206387415881397085e-01 5.441846180678032718e-01
3.447037001630455233e-01 6.116164995528347026e-01
3.838036656066176611e-01 6.392516910011617481e-01
4.140923240182037834e-01 6.728382499972248576e-01
-2.399484638521766910e-01 1.177512546194786180e+00
-2.663308162401785695e-01 1.205887378982134939e+00
-2.371662960745509752e-01 1.139285357893784933e+00
-2.461172313711837423e-01 1.240946581651870995e+00
-2.990822837396872047e-01 1.236959264289463123e+00
-2.434788472391680725e-01 1.321153219850873306e+00
-1.441638928271561648e-01 1.299447170287883813e+00
-1.412503561671938079e-01 1.341035151765289868e+00
-3.408939773717388488e-02 1.353624597698955823e+00
-9.203707257424058319e-02 1.265392481148548853e+00
-1.917035085764876856e-01 1.333115232520498461e+00
-2.958437490583232798e-01 1.346693687141321094e+00
-4.652645216494440822e-02 1.228464936961842335e+00
5.294119731203070917e-02 1.201052164975267011e+00
4.623187459615567263e-02 1.164068015169906323e+00
8.580474308440468739e-03 1.149970603505992894e+00
-1.629719298610046441e-01 1.079727411222657807e+00
-1.149816368505440223e-01 1.097019112031472732e+00
-1.441696640274294505e-01 1.137347804823597430e+00
-9.002851514001805611e-02 1.177715481087825866e+00
-4.042608687599844736e-02 1.139628799020362182e+00
3.723700911922342427e-02 1.060844729736061476e+00
7.375600462652404099e-02 1.080487130309475186e+00
-4.130011659044339339e-02 9.832018617483986311e-01
-4.759258955915527528e-02 9.477283953048669662e-01
1.441659634483236641e-01 1.009973469132270596e+00
1.764905692296551420e-01 9.702351300157445735e-01
9.502055648678112143e-02 1.161045903505326438e+00
-2.052310861534495934e-01 9.496821456632915659e-01
-2.001247870914810434e-01 8.670812873589838210e-01
-2.553868725213611635e-01 8.999239190731593840e-01
-2.407413410471052895e-01 1.034029421477742128e+00
-2.192686296033704296e-01 9.902477686807351631e-01
1.677055329029153996e-01 1.045185716020899491e+00
2.172354109195164251e-01 1.040548946154090437e+00
6.744574953838345932e-01 -7.514825991808708749e-02
7.135565869967085417e-01 -5.637376582833198563e-02
7.955457963493076656e-01 -1.886735793891391455e-01
8.368258641231929307e-01 -1.301661209264487196e-01
7.601259106059179427e-01 -2.137852018004137433e-01
7.764312679571615528e-01 -2.692765265450609569e-01
7.242789096537858295e-01 -2.367062287531217779e-01
8.607249936408677415e-01 -2.737545699520699816e-01
8.923923778600755252e-01 -1.393069862643148416e-01
9.176376420083460772e-01 -1.093892403421436316e-01
5.933465273274074470e-01 -6.952180447085769266e-02
6.118970100500196185e-01 -1.650504752795847740e-01
5.978135625538381070e-01 -1.156973646118409360e-01
6.405310845650080687e-01 -9.752201609085849043e-02
6.527257660590152222e-01 -1.497000441118290781e-01
5.791293927161080823e-01 -1.898301894228262288e-01
6.348387159441964966e-01 -2.207412080181939129e-01
4.991641885547160040e-01 -2.113998745910910249e-01
5.263044776399025126e-01 -1.753413181291480216e-01
5.515481201507060893e-01 -2.234504041182403811e-01
6.882287306636862834e-01 -2.582885755601977418e-01
7.056408375328171445e-01 -3.059775899547568789e-01
5.640482880261683540e-01 -2.387525466524456630e-02
5.396515247953173056e-01 -2.659902673534494943e-01
5.804812975889835913e-01 -3.211867836277855770e-01
5.919766224150070366e-01 -2.767163065998785032e-01
6.285950708014433896e-01 -3.198209341209004020e-01
6.717063819179763806e-01 -4.080102098203250982e-01
7.195321321188630215e-01 -3.599492562820216235e-01
6.232016874042960453e-01 -3.671364136435968928e-01
6.682216946670277435e-01 -4.479168262133691458e-01
7.122754607945327443e-01 1.545123780952631087e-01
6.672951373522459928e-01 2.355399963237691796e-01
7.116304226042028391e-01 2.435735287917816516e-01
7.553549298067140372e-01 2.150779246967703950e-01
7.234652358979298814e-01 7.062530684125753466e-02
8.298078615450009687e-01 2.662144552090934396e-02
8.514555883567469508e-01 6.339201069141886524e-02
5.107177053051876747e-01 2.820964255309575952e-01
5.573229832218082880e-01 1.451971439555649057e-01
5.043791409800728598e-01 1.932643666052645259e-01
4.556103619844877883e-01 2.292554188016561745e-01
5.014509481311724137e-01 1.535638795514044086e-01
4.527202417065038786e-01 1.856731682965352681e-01
5.314040551769578791e-01 2.996426443011802540e-02
3.094925304163692048e-01 4.310874646652168019e-01
3.687345673719030215e-01 4.145502928416109900e-01
3.902225892083828196e-01 3.714895167031218026e-01
4.114485529638591821e-01 4.390862039971503150e-01
4.168293196049327465e-01 3.253197424804959437e-01
4.690042291367830796e-01 3.120974984791378692e-01
3.847814286110035620e-01 2.986963974483850537e-01
6.085592724354222938e-01 3.497267314978738106e-01
3.600557236114434456e-01 2.118482850485143010e-01
4.085113452844388870e-01 1.280020103138539977e-01
4.224417126948080692e-01 7.156367161082373418e-02
1.024175743425700391e+00 2.661685833260660217e-01
9.127125597844907290e-01 2.679387215928782928e-01
9.194718064375205779e-01 3.107075989654807802e-01
1.020918589762814355e+00 1.588102267036553550e-01
1.031493617318353095e+00 5.471743694575090938e-02
1.026428889509763298e+00 3.712676098133514402e-01
8.125523351817132145e-01 3.402148018856376854e-01
8.154541474773356891e-01 2.993812218487089671e-01
7.220097666209116527e-01 4.251007287828155734e-01
8.190378845721494327e-01 4.195987482468384044e-01
8.208965040008047165e-01 4.965010010457143741e-01
6.614334505693506561e-01 4.449874803028080472e-01
6.918231446656235573e-01 5.035595415293154797e-01
1.054386578587892531e+00 5.330992604329213291e-01
1.005735064651046118e+00 6.015644190682627457e-01
1.158951882264654953e+00 5.001656259664364335e-01
8.727150132792126369e-01 5.027414657366101602e-01
9.550423304889339438e-01 4.549677486702857765e-01
1.043814168025802624e+00 4.003687569906456689e-01
7.717858431560244981e-01 5.329192992028694009e-01
7.956394825599418796e-01 5.701437157801841904e-01
1.138395735442247814e+00 3.858177248140349791e-01
4.741883486201375897e-01 4.828572373353718361e-01
1.652960312879079519e+00 1.251239670818311556e-01
1.578421120268971745e+00 8.029379579408693623e-02
1.761781116525903856e+00 1.351766835033268721e-01
1.732248939683661115e+00 -1.173738140454027995e-01
1.796573266240050426e+00 -2.785950155940964956e-01
1.315594851860562020e+00 2.427779437829429565e-01
1.265981083923328310e+00 -4.325245772939942390e-02
1.209197042863158877e+00 4.681283944243239681e-01
1.262095694255403577e+00 4.822233527156794541e-01
1.293414912150814722e+00 4.051017356575964956e-01
1.272440356130460026e+00 -9.372110112891403333e-02
9.684115997766744588e-01 -3.891644821715999902e-01
1.093019825301817960e+00 -1.162243477190802593e-01
9.416709914613271559e-01 -2.418101997220193644e-01
8.168168876774349885e-01 -4.414604297687744761e-01
7.926599206769326944e-01 -5.119964254165030315e-01
8.950935555627802520e-01 -5.312664830564303164e-01
8.436816197911386483e-01 -5.398327173471829665e-01
7.021608286370027985e-01 -4.910461227287759578e-01
1.388101303818056742e+00 -5.264196216608597600e-01
1.423798072739279164e+00 -6.967752378983675943e-01
1.176495566780398683e+00 -2.965646045530317410e-01
1.872841984088136513e+00 -3.691491564488190158e-01
4.758506169734676994e-01 -7.425492427686140040e-01
7.675668592427147274e-01 -8.501342249785955874e-01
9.634341718493257822e-01 -1.075808619323282089e+00
9.101934696857317819e-01 -1.071202775858305811e+00
8.272132210936974372e-01 -1.010115280414977557e+00
8.198211167651454634e-01 -8.853810332719392884e-01
6.724463645359977093e-01 -5.667395527895378038e-01
7.074938914118622524e-01 -6.201884972218671965e-01
5.679095317935002329e-01 -6.061821671155456226e-01
7.228386434177979103e-01 -5.783141797011432939e-01
5.160775340280197021e-01 -1.365043306069938511e+00
5.277635313808242135e-01 -1.486605532659075912e+00
2.616910196492345242e-01 -1.168826074810548343e+00
7.878795774132473229e-01 -1.355320845424559328e+00
8.290414579134668394e-01 6.698701040653777250e-01
8.609177232555782489e-01 7.402345231306677320e-01
6.052397847624995109e-01 7.561910191174988638e-01
4.755242607711070435e-01 7.675255403530916176e-01
4.771748240778011518e-01 6.604109176060691810e-01
5.689337791084891904e-01 8.994831206879370100e-01
6.019729254048290512e-01 7.934501149692234634e-01
4.770891270381549254e-01 5.982871509763431073e-01
4.437189874908060716e-01 6.320853301238069655e-01
5.332181676104535972e-01 5.379856319543002696e-01
1.077471543438907720e+00 -8.946066283864047008e-01
1.150407279252069204e+00 -9.786697520732424715e-01
1.055126006508618763e+00 -1.011531556188496328e+00
1.095340092686705624e+00 -1.121728210603842868e+00
1.094082279298678184e+00 -7.769646372372959187e-01
1.220996229062555782e+00 -7.206626096321516739e-01
1.139174870506897808e+00 -7.995990330274830304e-01
1.210478856624857658e+00 -8.682527954068094411e-01
8.220901060645551262e-01 -6.129265442287139543e-01
-7.923580287719932391e-01 -6.497140896259884224e-01
-8.438818541163936038e-01 -6.936413080961335575e-01
-6.977974618851331412e-01 -3.978315058413834926e-01
-6.393885148981266475e-01 -4.082008167552744760e-01
-6.107685983375477079e-01 -3.740714598790965129e-01
-7.261281248207769323e-01 -4.281176001238851669e-01
-1.115737486414992263e+00 8.984231250548021519e-01
-1.056302441301721462e+00 8.958980478619342769e-01
-1.085433184934260442e+00 9.309555446649984134e-01
-9.591309563432728336e-01 8.707682267660055153e-01
-1.021137540488723516e+00 9.826595083510208939e-01
-9.726589966829948253e-01 8.370455609575397915e-01
-9.549092027378592862e-01 7.869646761349013975e-01
-1.106588415623633415e+00 8.132500727104622351e-01
-1.049778343914667955e+00 7.845440066268684065e-01
-1.198785540528666260e+00 6.986109219770544332e-01
-9.323204132189504278e-01 7.381687697366140499e-01
-1.414321904745043712e+00 7.707932427967141287e-01
-1.250483499457911263e+00 7.706397774327132799e-01
-1.321650660981386283e+00 8.983359591320814186e-01
-9.307275285530310915e-01 6.542278922772589711e-01
-8.793816471033601978e-01 6.579622486978896623e-01
-8.727419690221933646e-01 7.046241630341423257e-01
-9.248039365182674221e-01 6.940253722105522716e-01
-6.080673912393027569e-01 3.208472838604751742e-01
-5.328800446380853595e-01 3.278701977317508010e-01
-6.766119196486178877e-01 5.006710282559726499e-01
-5.886069672094405014e-01 3.488958706815858402e-01
-5.642977520297036698e-01 3.787349677455594255e-01
-5.939343587168294247e-01 4.284475931054582687e-01
-2.190464471351978859e-01 -2.774776545784842785e-01
-4.844196800062027242e-01 -2.592515054100963945e-01
-4.165597209406922685e-01 -2.728945211007577365e-01
-3.474035635703588420e-01 -2.741520273190964363e-01
-3.686275391350604114e-01 -3.099856743984285012e-01
5.839006163005109329e-01 -4.320630726742856198e-01
5.209624219864719130e-01 -3.571405143692256146e-01
5.736326008923180453e-01 -3.733854418705866429e-01
3.768784504617494480e-01 -3.531213228438956908e-01
3.798679399347978380e-01 -3.093638558435117258e-01
2.908814756562555504e-01 2.912762573894085438e-01
2.503343049110562379e-01 4.528032066288814050e-01
1.964723560803511015e-01 4.005766908505606350e-01
-1.571833696182532714e-01 -4.428913346341695756e-01
-2.251778055363921893e-01 -4.253116722953899087e-01
-1.167840591724280952e-01 -5.323110376618377382e-01
-6.363704179192644639e-02 -5.585051862214730489e-01
-5.046761409199736204e-02 -4.010202151162591266e-01
6.413776900515815935e-03 -4.723144043252318069e-01
4.068640769301831543e-03 -7.260214495826941006e-01
-7.582968369269057866e-03 -7.610028182859505108e-01
-9.929651047174019307e-02 -7.348256082542914402e-01
6.816161628490320645e-02 -6.432759772037870416e-01
2.479592030701895933e-01 -4.041917358555620621e-01
3.125267372362099949e-01 -6.052292158945152822e-01
2.173622558180701159e-01 -5.684649887127585233e-01
5.730529366145613590e-01 -5.625349948612943241e-01
4.910004696149531944e-01 -4.179403891560556361e-01
-7.485966569957603900e-01 3.237507422774764665e-01
-6.883377838355549949e-01 4.177554254106478626e-01
-6.496226518463135147e-01 3.687644143096874272e-01
-7.918667885076686730e-01 1.624351593908397173e-01
-9.414043335870527773e-01 2.246447882622852610e-01
-9.952510298654654308e-01 1.860756117841275425e-01
-7.073180987553219223e-01 -3.822510272523898384e-02
-6.104096101807460206e-01 -1.519416951633758006e-01
-5.526863669381916200e-01 -1.815493967687790422e-01
-9.545325514187342764e-01 -4.647146773158173511e-02
-5.433222558389986245e-01 -2.644933885137075169e-01
-1.343281344119619525e-01 6.184532991041804539e-01
-6.137962595060037635e-02 4.804815225677897539e-01
4.431461599256939637e-02 5.537481676462315816e-01
2.276338070545662617e-01 4.963916242924630295e-01
2.127825606486409282e-01 4.345703542096340244e-01
-3.981086122565218877e-01 7.499490299931317328e-01
-3.640859119870196170e-01 6.266770739502335319e-01
-3.700716054207027761e-01 5.912883028666867657e-01
-4.737415656340140391e-01 5.567875112549073302e-01
-5.127471493748236853e-01 5.445250942913401060e-01
-3.520954081190039719e-01 4.670657214626015019e-01
-6.416866678925580159e-01 5.269999872710210420e-01
-1.219496759137634001e+00 6.019268772168582249e-01
-1.399625179584024215e+00 6.921578785799765710e-01
-1.124716518403407806e+00 4.493244585758608967e-01
-1.066560477061435863e+00 4.960155260681799461e-01
-9.490281528350850149e-01 5.667822039980171533e-01
-9.364535374144979940e-01 6.094458305166219336e-01
-6.570787996567173384e-01 8.034864383589979120e-01
-8.248602619135098069e-01 6.591186739282973717e-01
-4.511528344778827915e-01 8.934852595428742772e-01
-5.357975619658668087e-01 1.291375651649872003e+00
-3.508225232270001381e-01 1.291873670886363845e+00
-3.477046440337249744e-01 1.372845083364415242e+00
-7.566694272522802578e-01 1.096541878666978054e+00
-2.475035672992464408e-01 9.336437678421491970e-01
-2.802782966878926696e-01 1.010022183080587332e+00
-1.949035709504438829e+00 2.757826388461675493e-01
-1.410140811210478740e+00 3.020495026900895108e-01
-1.401395372724629995e+00 -1.844349004378382784e-01
-1.405745721973727047e+00 -2.672749185128467375e-01
-1.443134514473881191e+00 -7.267490188029007703e-02
-1.393578087022684375e+00 -4.007216614021419723e-03
-1.195760828285246102e+00 -5.246687690604490834e-02
-1.088946638708865322e+00 -3.154677080977401349e-02
-1.035897853913305466e+00 -3.995888280349428334e-01
-6.682669689304866489e-01 -3.662997109917872640e-01
-4.515464379594836264e-01 -6.006198344730226957e-01
-3.712601418099332751e-01 -5.813886193795002599e-01
-3.773524287555760082e-01 -8.233463544797139377e-01
-4.544797308329925900e-01 -7.654704816705956150e-01
-6.332612778037935986e-01 -7.660168962635717227e-01
8.559211124182805261e-03 -9.415102680243502276e-01
-1.713116782195604759e-01 -1.171033982686841446e+00
1.574387082913560748e-02 -1.291689926672235700e+00
2.659098379368071002e-02 -1.335135355445046024e+00
-1.165768308709019471e-02 -1.097789673031900337e+00
-1.047068154173290966e-01 -1.084931243446307425e+00
1.571922919778820649e-01 -1.454559300500124941e+00
1.502378991215758408e-01 -1.374043239167951347e+00
1.162898676621900995e-01 -1.030087359747748899e+00
2.353790905906024411e-01 9.621859020779771621e-01
2.888603967620581026e-01 9.573873432124219152e-01
5.063438435804238358e-01 7.955139208994788103e-01
1.221773926395283705e-01 7.359320336001813345e-01
2.760037114650001899e-01 6.660999190659232516e-01
-1.023154133316680758e-01 8.489716811104812688e-01
3.625687017796576650e-01 5.711692201382193579e-01
-9.217339258626151832e-02 1.444186540809019759e+00
-5.792502412535698031e-02 1.068854818543173213e+00
-9.745535581841889561e-02 9.734088625201814393e-01
-1.365968746399250922e-01 1.000439398141419689e+00
1.238898668324304592e-01 1.086101910588279873e+00
1.792597351008231588e-01 1.081127362009626225e+00
2.789086887452803531e-01 1.075648193248763373e+00
6.919633161629681339e-01 -1.289337610519913913e-01
7.482221647546563048e-01 -1.588911056456171478e-01
5.469926628148384928e-01 -6.996237557611344193e-02
6.011076916816586735e-01 -2.369593370639248575e-01
6.732535065145250908e-01 -3.647698124244018736e-01
7.666343439583478414e-01 -3.998451016639779088e-01
6.683161862647271079e-01 9.615684911545224756e-02
5.035539406763192005e-01 2.388507348696606025e-01
5.266878262631680130e-01 1.122960369146293047e-01
5.026121759932929978e-01 8.064746997143698581e-02
5.473048688167201359e-01 3.611880567675808118e-01
4.943677518463316378e-01 3.740394835382610528e-01
5.843501579631348308e-01 3.887505748506312475e-01
3.268203144247981418e-01 3.139746228145399720e-01
3.556774160334966739e-01 3.439067904062308445e-01
7.052865971847346316e-01 3.577882694894022331e-01
1.854265855257996254e+00 -6.638130495291560962e-02
1.208161165417366512e+00 8.764189869389345244e-02
1.093592255099255617e+00 -5.510381696473009017e-01
9.630371170585143581e-01 -3.382437349424153306e-01
1.446320334925452311e+00 -6.137292619738803356e-01
1.471344096590557315e+00 -5.726613956881316803e-01
7.939136759861697978e-01 -9.581424330651749921e-01
6.698779831863483913e-01 -7.285038644665734475e-01
4.086820212927964602e-01 -1.528925763010931638e+00
5.410132604624967589e-01 7.575849449800370339e-01
5.737845514887907061e-01 6.152394851482614335e-01
6.362340016940638554e-01 8.556285939689372011e-01
1.126908075519520880e+00 -1.043206596881640413e+00
9.783044945685781535e-01 -8.322238134083146388e-01
1.024844247380209517e+00 -8.672132117513625671e-01
1.044687733084539660e+00 -7.441325748265813500e-01
8.810596431398352024e-01 -7.015576863245197581e-01
1.177661451501472945e+00 -7.382790859239853898e-01
-7.069267892235059358e-01 -5.167938990125544585e-01
-6.958311028658703545e-01 -7.818977971210379074e-01
-1.085910317954955850e+00 8.577123988020788348e-01
-9.736975944536504501e-01 7.268933054819377571e-01
-1.031302002911019366e+00 7.390840098782024414e-01
-1.077029726385730246e+00 7.297286380870458000e-01
-1.372782251208283233e+00 8.724829095153249225e-01
-1.402695747534477566e-01 -3.377313389189727233e-01
-2.110482264478991399e-01 -5.897667440977694131e-01
4.788105525132476115e-01 -6.641155589199556619e-01
-7.082516125499921378e-01 1.122315885717285466e-01
-6.714784325652389807e-01 6.228319573398302667e-02
-7.624506897552859597e-01 -1.481925736784131808e-01
-8.197430174388024016e-01 -1.600259677312978190e-01
-8.160554980830955207e-01 -1.253964062728727125e-01
6.793501639168182671e-02 6.639829956642480102e-01
6.691539742512143951e-02 4.179431754979013869e-01
-5.711561961864559667e-01 6.879702967702430172e-01
-6.241586130546100675e-01 9.417643969521743985e-01
-9.166471879751281193e-01 8.439425708623793376e-01
-8.688323813087684977e-01 8.138410461189342637e-01
-3.590502918785110631e-01 1.183823873685470263e+00
-2.824554881871764178e-01 1.121550194033207770e+00
-8.544855243531406241e-01 1.355357322633421902e+00
-1.640571457632861385e+00 -2.780060046448085131e-01
-7.853910147072112879e-01 -3.482046925498265555e-01
-5.799969107342408670e-01 -6.519099408607291757e-01
-2.019535661390072512e-01 -9.729758718522232286e-01
-1.953604583136724360e-01 -1.300297016304492015e+00
2.911367995127936981e-01 -1.248825208052368962e+00
1.622475609364950055e-01 -1.194356300282626071e+00
2.235650339601586434e-01 -1.200231754646038373e+00
8.450961126948637603e-02 8.823965805382615324e-01
1.728106935445222758e-01 1.243940963365687713e+00
7.452623879970455834e-01 -2.919913096664515373e-01
6.224879205420968953e-01 -3.920799205829324924e-02
4.040929584442126687e-01 2.215169733816680919e-01
3.545121916337119483e-01 2.641797424822702189e-01
1.414273292731476950e+00 -1.040104549231505859e-01
1.648491738814835017e+00 2.820633737708722055e-01
1.685660521505514042e+00 -5.600716494839993453e-01
-8.787024614842697812e-01 -6.111050799157440316e-01
2.526897548542401672e-01 -8.479830987270584597e-01
6.415505004247888943e-01 -4.722184620261135612e-01
6.339422990529930413e-01 -5.197912547641131420e-01
-7.535345486302496010e-01 4.973239100190784967e-01
-1.020302031941837884e+00 7.135758041103973381e-02
3.409348955543744508e-01 4.988760335663132151e-01
3.559983781706709260e-01 4.574652103850877505e-01
-2.370128402209118745e-01 7.678162994045146794e-01
-1.056018203527824273e+00 1.120923684147784760e+00
-3.531521630326321937e-01 1.534129517746729343e+00
-1.990310342727823700e+00 5.520155563345157529e-02
4.373026562485992641e-01 8.993265608494565022e-01
-2.201198490781603456e-01 -5.103832713738114535e-01
-1.504779393929520925e-01 -5.902118446869538682e-01
-3.723042608082755694e-02 -4.894489959036895099e-01
-1.218865702744188068e-01 -3.795897977377939991e-01
1.445639961034213966e-02 -5.153420145812138697e-01
5.978684988559947178e-03 -4.314676768563449061e-01
1.544088703804092633e-01 -7.404466070657798049e-01
8.727492083836486947e-02 -6.862665036802714225e-01
4.981616453483844048e-02 -7.487420263088461203e-01
-5.051068965134996452e-02 -6.038230353231656133e-01
-1.283444377062953612e-01 -6.616154603114237087e-01
1.643529253349817337e-02 -3.240097730863285563e-01
-3.960502655721764159e-02 -3.342546540545598965e-01
1.315341852034848935e-01 -3.152073523621602980e-01
3.748004016778331282e-01 -5.571338673211705395e-01
2.368790130028129992e-01 -8.042096704201153745e-01
2.849406545138880031e-01 -8.145171743564326716e-01
3.003473462146921125e-01 -7.266968121078289933e-01
-8.787343684689101764e-01 3.251563399508633490e-01
-8.862279715850607253e-01 2.811132438764788466e-01
-7.777809308822299927e-01 2.471824091307341653e-01
-9.631287503440107978e-01 6.639455849069460236e-02
-8.755781831099380685e-01 1.484791896912122933e-01
-9.361590967393146334e-01 1.471252779647778952e-01
-7.245854188199668533e-01 7.303222892216967854e-02
-7.827488667820532431e-01 8.521792965340033166e-02
-9.837653732720905708e-01 3.076431792143915489e-01
-5.838186489651524536e-01 1.474898196151007423e-01
-5.273965277079124547e-01 1.082559969118340737e-02
-6.463523659860032078e-01 -7.194618375975586622e-02
-5.096485243387282038e-01 -1.603357479569865740e-01
-4.566296133185891448e-01 -1.864119926262399196e-01
-1.041677636766405790e+00 3.685326437008992762e-02
-8.702745328229906097e-01 2.218395069817480358e-02
-1.751922273699611787e-01 7.449526202503570227e-01
-5.372746602755887890e-01 7.152667437817815665e-01
-3.889100578522930451e-01 7.801166369267014122e-01
-2.531279225314483350e-01 5.026361121121694087e-01
-7.303702202683243216e-01 5.267851450379520406e-01
-5.721577784504022768e-01 5.718510242636244412e-01
-6.333470441184330113e-01 5.990847958255878236e-01
-1.385340581918719449e+00 5.135296287785630076e-01
-1.334564560619421636e+00 5.260587064165044291e-01
-1.315135123705921449e+00 5.969691867343854819e-01
-1.503842373996572501e+00 5.243812496121728062e-01
-1.468005788422000135e+00 5.577841666805184451e-01
-1.443604893176876125e+00 5.207225955582855947e-01
-1.332802835074174519e+00 6.353180226907848560e-01
-1.282227534320496964e+00 6.602904110786086411e-01
-1.390114134918560840e+00 6.517793186527209848e-01
-1.225968099222308982e+00 6.420588975373900942e-01
-1.168913450347111915e+00 6.112645898134660971e-01
-1.403523601060490567e+00 7.308337771876757261e-01
-1.295023905289685917e+00 4.804187883892633293e-01
-1.159451796584469063e+00 4.830512461989384110e-01
-1.070067582856175648e+00 4.574586451608240734e-01
-1.084711478426179099e+00 4.147226623692474301e-01
-1.036436364139624811e+00 4.232084882160015993e-01
-1.088560986911707440e+00 2.334406248286454433e-01
-1.189178919285685865e+00 2.124892886332055419e-01
-1.088589151399473653e+00 2.818793186160559183e-01
-1.137357250376585194e+00 3.292706363688026605e-01
-1.076622240261419394e+00 3.223059533380964181e-01
-1.227599922968882318e+00 3.876134874013557052e-01
-1.170839339669864643e+00 3.759607896865371224e-01
-1.198398166336180681e+00 3.407342043284109501e-01
-1.322668597561374115e+00 3.786098555735296634e-01
-9.174314316208346254e-01 4.827356224894436831e-01
-8.911551698835521451e-01 5.671564374856464807e-01
-8.235651634389833387e-01 9.512951178282763598e-01
-9.241542710763974711e-01 1.015033456161222869e+00
-8.740762069491176955e-01 9.845483187442928275e-01
-7.247022086382634010e-01 9.244161691891139565e-01
-1.013282601283664208e+00 1.027070393643369384e+00
-7.646629547823160511e-01 8.183452319069557390e-01
-6.558246173240273036e-01 7.615693063325063017e-01
-6.833148905975207077e-01 8.442271952884371489e-01
-7.306533286806210503e-01 8.415876806510930175e-01
-6.277364729201104776e-01 7.148487821624088800e-01
-5.505124178889461151e-01 7.611097616736218763e-01
-6.703182488881840317e-01 8.826339908071486606e-01
-6.351890010066792991e-01 9.020549988319446211e-01
-8.094625687752291521e-01 6.932925164440842947e-01
-5.050724779241700935e-01 7.750774830775871704e-01
-4.448510776032053027e-01 8.195778381905960419e-01
-3.907545970545869274e-01 8.201165002504127166e-01
-5.660489671558465163e-01 9.298069287555718043e-01
-6.279366307990587037e-01 1.332716227008662546e+00
-6.547075322675852682e-01 1.371247215244656426e+00
-4.529559193801868666e-01 1.312962917865019286e+00
-4.193349825597849079e-01 1.199156383213156651e+00
-4.552428567485502509e-01 1.170916308842469444e+00
-3.503722926393498249e-01 1.255141859441796459e+00
-4.007064053442495055e-01 1.397343409069378817e+00
-4.027218166368283225e-01 1.435489718527567460e+00
-7.261636176855054137e-01 1.246917641221952699e+00
-6.410006977981616005e-01 1.148922273691659335e+00
-5.840315423640001224e-01 1.129441816949786181e+00
-4.918990593151371105e-01 1.141704520523714184e+00
-5.267453378952345888e-01 1.113128852218469911e+00
-5.486680977126744407e-01 1.156728176446287337e+00
-6.491550040104774322e-01 1.085637743875257799e+00
-6.002264665651779740e-01 1.053764677299042773e+00
-4.354042557643612033e-01 1.128565865571443227e+00
-8.762007766313901769e-01 1.074239954126826158e+00
-8.292504300712262300e-01 1.079416741284407122e+00
-8.113168033860483908e-01 1.216659492597817804e+00
-8.349535801832976833e-01 1.150260771776693280e+00
-4.679170403226687314e-01 9.442340031759207664e-01
-5.297612929033843621e-01 9.584339604311925553e-01
-3.651182423799027577e-01 1.003808481083404480e+00
-4.168734312754481253e-01 1.003225253713149856e+00
-3.047520499787812476e-01 8.922381256089209067e-01
-3.356217304492730147e-01 1.028694332457645411e+00
-3.205913217393870362e-01 1.099155436613106218e+00
-1.792107855681811301e+00 1.853229430143498724e-01
-1.698003481325943032e+00 6.202445821555609140e-02
-1.740958258274333259e+00 1.014762383215632446e-01
-1.959866993359405951e+00 1.786499592787833268e-01
-1.916942334506694934e+00 1.901506904223408401e-01
-1.873784706769543673e+00 4.088626050111342503e-01
-1.500044029146747393e+00 4.055302055965144814e-01
-1.409838958604662018e+00 3.789839981092383847e-01
-1.489349598981859257e+00 4.470561931750436924e-01
-1.540389338442594847e+00 4.384536095354799601e-01
-1.290246321586018707e+00 2.193048997484134677e-01
-1.237394853382467463e+00 2.140542881790208907e-01
-1.262571374752762710e+00 9.912600343700768424e-02
-1.358682960100868531e+00 3.191878458981161071e-01
-1.319728656233018604e+00 2.550150337292327318e-01
-1.373975111060391052e+00 2.068053053241028783e-01
-1.412452542943072098e+00 1.783952072476869821e-01
-1.467155424922029772e+00 1.166026547444986294e-01
-1.592621572978840883e+00 5.704718457796045250e-01
-1.528693173609527944e+00 5.651048489913611528e-01
-1.564664919684988442e+00 5.295162121588059545e-01
-1.622709338071690821e+00 6.023833774124861540e-01
-1.751667757502088696e+00 6.041018849078672037e-01
-1.685355332229473868e+00 6.020743956548150200e-01
-1.559971458930660582e+00 6.943035572264597555e-01
-1.610375028352443838e+00 6.706658209790690162e-01
-1.293947998859204640e+00 -2.429584824050614600e-01
-1.349397905511622531e+00 -2.572173859144558650e-01
-1.293194334286197344e+00 -2.840751719654465157e-01
-1.192403279261415872e+00 -2.984074033575900842e-01
-1.355799033291290367e+00 -2.965293218877821935e-01
-1.289968198451437287e+00 -3.630786133537391991e-01
-1.514823301026062552e+00 -2.386814381851403988e-01
-1.163311326804507440e+00 -4.146292312913919531e-01
-1.285409762129732236e+00 -1.983885661641264508e-01
-1.413659011035658386e+00 -1.153935960160314272e-01
-1.462834009665454182e+00 -1.089487686924403287e-01
-1.508464281742942337e+00 -1.153629649163331744e-01
-1.559380611420319696e+00 -1.607008881372912479e-01
-1.507788189095853548e+00 -1.540014016570985245e-01
-1.529021995462108929e+00 3.182923575445308767e-02
-1.480269932930848631e+00 3.831081013908532035e-02
-1.597828759755621553e+00 -2.078599447686262786e-02
-1.606352088165147185e+00 -1.315116871172895274e-01
-1.616208217106583245e+00 -1.674909382818517145e-01
-1.272261674330839476e+00 3.102764741857528576e-03
-1.267404740061032209e+00 4.947974252437007531e-02
-1.161996411809703256e+00 4.816895543088146187e-02
-1.101666996800949816e+00 4.402318464953407923e-02
-1.317222863235440578e+00 3.854548297982108435e-02
-1.333012116540369885e+00 -9.428382145085398248e-04
-1.272523725111788462e+00 -8.242254830699320689e-02
-1.300379265610916990e+00 -3.749858114778911039e-02
-1.238541040205556998e+00 -1.211054214910772808e-01
-1.746182045065640898e+00 7.582366316262714907e-03
-1.739782720444603026e+00 5.378045684483821059e-02
-1.761926644791826702e+00 -7.606673530797491978e-02
-1.703562040096165742e+00 -7.882269532840918691e-02
-9.177915600289214826e-01 -3.882742888089878441e-01
-9.427088975033042217e-01 -3.489563781364632966e-01
-1.046425640237898191e+00 -3.590163184922350870e-01
-9.866136268228342665e-01 -3.737618653729459783e-01
-1.167044979532654292e+00 -3.371578954699158137e-01
-1.083046048721543642e+00 -2.893305690977813760e-01
-9.399661469363579380e-01 -2.360872959777901570e-01
-1.004089510464671875e+00 -2.268132838407395380e-01
-9.840936460861258173e-01 -2.653641480249351869e-01
-8.777799802229293569e-01 -1.668369383292819808e-01
-1.096037198687735748e+00 -1.857721790135896667e-01
-6.657546142710036863e-01 -2.873471452003601989e-01
-7.582870504085696961e-01 -3.887296404186956766e-01
-9.763502202365610394e-01 -8.346477423494358394e-02
-9.107893012360391838e-01 -8.353300095928491154e-02
-1.043021626232809362e+00 -7.216459512312989322e-02
-1.072212805529109803e+00 -1.074900238410754216e-01
-5.088721035685694893e-01 -5.831339002573403540e-01
-4.861875928520130175e-01 -5.527332642282291042e-01
-4.919137959048579534e-01 -7.183843189694593123e-01
-3.947757127650235454e-01 -7.220448935395096246e-01
-3.463039196369985251e-01 -7.143561786124943414e-01
-2.926653802320272613e-01 -6.630108403686792995e-01
-2.991045573805048430e-01 -7.080091588409184178e-01
-2.938924508414862968e-01 -8.493590403081860973e-01
-3.010089000817979810e-01 -7.992157984459715703e-01
-4.759756568673720323e-01 -9.231872640490431658e-01
-4.850864887057858010e-01 -9.685785193482059352e-01
-6.081230640071709770e-01 -8.536712466433209467e-01
-4.642730940109279225e-01 -8.157260499494846107e-01
-5.419674062553613281e-01 -7.076929029304473984e-01
-3.662832722276762043e-01 -9.203379383939559455e-01
-3.305798064214398035e-01 -9.151186495058180048e-01
-6.142578961522385805e-01 -7.022327519522775230e-01
-2.080722803065382653e-01 -8.763694182789506515e-01
-6.351113249418387230e-02 -8.537036702922151665e-01
-1.106556295605754525e-01 -8.178349024198985351e-01
-1.477892413345202605e-01 -6.982103562909942607e-01
3.481959001945343635e-02 -8.766290573129617014e-01
8.318555320615989013e-02 -8.609655569043807022e-01
-3.115149198417181964e-01 -1.163079423783363708e+00
-2.744288364428795757e-01 -1.153884351236967865e+00
-3.358185352526558143e-01 -1.194801234900408016e+00
-3.103797227718641527e-01 -1.110944585343924818e+00
-3.482648032959029250e-01 -1.057190314168296785e+00
-4.460564170897910463e-01 -1.027367356631420092e+00
-3.970418727183011032e-01 -1.040366202005372553e+00
-4.061109719430622822e-01 -1.082156606241896579e+00
-2.978214860516803508e-01 -1.071695649773612535e+00
-4.982577774855078689e-01 -1.063070673129382193e+00
-9.855572039645686677e-02 -1.237980862768732537e+00
-1.351221415217936372e-01 -1.260371799384939928e+00
-5.899662362069139909e-02 -1.220940892837686587e+00
-9.829769860738422904e-02 -1.132056644823510538e+00
7.092701530997222448e-02 -1.242141527087971653e+00
1.216599874767503447e-01 -1.265358233410907696e+00
7.006994253170706344e-02 -1.202393433217061824e+00
5.368881857227509463e-02 -1.159211881853152715e+00
1.066310216614005657e-01 -1.181742809918847836e+00
4.948427858046462735e-02 -1.409771474151790827e+00
1.045809836747655791e-01 -1.395067903306541846e+00
-1.310265997851878944e-02 -1.382458739302189210e+00
1.357497346728404330e-01 -1.334781245293724661e+00
2.330351921024143846e-01 -1.317245897737715055e+00
1.812399114638587050e-01 -1.128336000508763703e+00
2.412183868602564007e-01 -1.134415425002873512e+00
2.024635292009394627e-01 -1.164682350500227503e+00
2.675979358718533554e-02 -1.029928566659465305e+00
6.659479915116149618e-02 -1.010542038470022552e+00
1.779160461991963205e-02 -9.867289049491085873e-01
-1.184659008032868110e-01 -9.504054034575423193e-01
-6.796251289309168664e-02 -1.025921190257753857e+00
1.893156570075209266e-01 -9.095684825697973874e-01
1.934323825149885379e-01 8.410942956745793841e-01
3.100514755058927929e-01 8.799646253771159499e-01
2.130877986538029512e-01 9.284162193595647539e-01
4.098907185098834560e-01 7.599977922201857083e-01
4.920805763191561932e-01 8.386464886499986893e-01
4.831928938576244281e-01 8.705410932036302674e-01
1.271125645875837706e-01 8.006274110968131241e-01
-7.364227738754536290e-02 7.566261812269313713e-01
-1.472506918459667857e-01 8.384420468485186406e-01
9.835909460765450418e-03 8.143516549495476431e-01
3.353556968644159225e-02 9.013607195838098107e-01
3.771758796367057909e-01 5.264048120959423649e-01
-1.942881032164335553e-01 1.160655477001437674e+00
-1.950560927777616471e-01 1.246715397255288682e+00
-2.414093831799834222e-01 1.361524715985432010e+00
6.495886725905384608e-03 1.236867931219421735e+00
-3.612881491732627959e-02 1.314688920691664542e+00
-3.241235754587564744e-01 1.481390441487440590e+00
-2.531317650533114194e-01 1.400007648437210372e+00
-1.797737070945529814e-01 1.117489233603442766e+00
-9.603163198991332417e-02 1.139939915612619759e+00
-6.460917681622127540e-02 1.106289299631124656e+00
-1.659254036928725640e-02 1.089708556471819856e+00
4.826369675845373214e-03 9.963822907625543568e-01
5.784767205710478200e-02 9.705269607891493511e-01
1.056666242711183992e-02 9.517496872385315942e-01
5.231200203079863775e-02 1.013863235896254489e+00
7.172249610473578618e-02 1.121636679560364946e+00
1.325303986066207473e-01 1.122253973951881534e+00
-1.554438092210792544e-01 9.241381045484745593e-01
-1.522163380962588408e-01 8.795420484934731720e-01
-1.603738127330322782e-01 9.680240818657622759e-01
-2.057366091619033110e-01 1.057377237720596552e+00
2.725988133115127554e-01 1.037400220384528060e+00
2.342786035558571678e-01 1.078660903722888476e+00
1.904410883482921535e-01 1.120433584088222245e+00
8.095730151792540630e-01 -2.423785012906506942e-01
8.633348833777312326e-01 -9.520477386907073847e-02
8.097112761757816468e-01 -8.444921751807800414e-02
4.561060563582713945e-01 -4.117922521668190144e-02
6.218730822752327470e-01 -4.150011349751492329e-01
7.172614903118796903e-01 -4.480317845687735168e-01
6.110040927709057268e-01 1.976222812350655611e-01
5.968233533279466707e-01 1.635321700953542845e-01
6.644969058344871726e-01 1.930789533193424112e-01
6.946789135124719072e-01 4.318164059745864536e-02
7.764527338244386900e-01 4.884791066049002511e-02
6.066958481561982586e-01 4.757442226116817552e-02
8.878250508543149566e-01 1.496912926038858338e-02
5.517397158479419028e-01 1.974257007469073510e-01
5.181304953011909298e-01 3.278956680607825191e-01
1.002173527334739633e+00 2.393290550220555923e-01
9.577687527637992471e-01 2.271940508241513390e-01
8.991014030959522119e-01 1.820826106029451996e-01
9.559418875784758685e-01 1.860158341798637816e-01
1.070105008330876517e+00 1.700536589324084247e-01
8.838749119228358486e-01 1.418953668742101715e-01
7.150965256845804863e-01 2.862579473838447464e-01
1.029858785912331820e+00 5.917536273303256912e-03
9.867400490369305777e-01 3.272694443251297075e-02
9.788979506482470283e-01 3.094620262119854304e-01
9.330274647177136949e-01 3.494068470023466433e-01
8.732276552567027617e-01 3.432408021898672446e-01
8.184126417259793840e-01 3.776025991620964861e-01
8.166764118991052257e-01 4.615130250950780777e-01
7.664869300768651916e-01 4.513368726739205306e-01
7.048532680089301117e-01 4.666176148315684946e-01
6.682757006939641364e-01 3.273748977086828882e-01
6.287315233590791141e-01 3.131898631102884578e-01
1.007333567087573378e+00 5.212487512098302744e-01
1.162430292029935641e+00 4.547475622689356456e-01
9.289315613829243201e-01 4.934951067396575186e-01
9.849605890323189783e-01 4.140206198420560701e-01
1.114755289221569967e+00 3.281211481317364842e-01
5.255288786374695542e-01 4.557650016935835824e-01
1.767482840439111413e+00 -1.633572769738557695e-01
1.573897569137696850e+00 -2.469466662202152718e-01
1.625641874206117610e+00 -1.472350409534101678e-01
1.610932409620934536e+00 -2.209140402391994162e-01
1.748945472550982316e+00 -2.632308095810320103e-01
1.238122075936783251e+00 2.200412676094186948e-01
1.217026250745050664e+00 3.089554558938747975e-01
1.192484407235009591e+00 1.415632824745878815e-01
1.225346965350045947e+00 4.259019752926033187e-01
1.206826514226576164e+00 5.098646098622453549e-01
1.155920506210736942e+00 5.366374886810979516e-01
1.242049183644204691e+00 3.846489447126079098e-01
1.294004098764877320e+00 3.634597674311114690e-01
1.183200680644622471e+00 4.066009995270992161e-01
1.344986012825350130e+00 3.384676528556377351e-01
1.414374517956843658e+00 3.711317108308090362e-01
1.126915980007373363e+00 7.640194518639381593e-02
1.103788027096122670e+00 1.253756018554570972e-01
1.125060267859291585e+00 -3.057830592848444218e-02
1.099140993187849524e+00 4.453805035712597032e-02
1.164149847781037250e+00 2.866360548728142874e-02
1.217080885086314179e+00 -6.818461655156500718e-03
1.039828737525971381e+00 -9.431981642737467808e-02
1.077344741386451421e+00 -3.427488615618616563e-02
1.313894418122210528e+00 -8.355178177741640067e-02
1.366089463353717504e+00 -1.210840215994037766e-01
1.147595259296399162e+00 -4.650223970509305693e-01
1.115661370962766741e+00 -4.859213799984452575e-01
1.057431298852775647e+00 -4.748146094144505835e-01
1.110077953063278278e+00 -5.210359482412646459e-01
1.241445585108942984e+00 -4.613688488817807021e-01
1.270706792655671435e+00 -5.031643309765887473e-01
1.163211857501251334e+00 -5.642627880927487682e-01
1.124226313805781308e+00 -5.836893981685495891e-01
1.167270512776490632e+00 -6.073237946801465226e-01
1.207533265302633829e+00 -6.357284318213033414e-01
1.227803529740430388e+00 -6.035725788588854890e-01
1.069690341659395916e+00 -5.836702785154058715e-01
1.009834309769122473e+00 -5.726406375003151306e-01
1.054238679018269842e+00 -6.175716720673154470e-01
1.112890031827953097e+00 -6.213253012389119423e-01
1.214061732936142501e+00 -6.789053977098995496e-01
1.255979642533202156e+00 -6.585737780876526060e-01
1.355182016288448033e+00 -6.670166385682574361e-01
1.294891270055934296e+00 -6.427513578379824288e-01
1.061463975825402750e+00 -4.041064079470068626e-01
1.120386025139726405e+00 -3.684732608030130141e-01
1.018618514867402070e+00 -4.287633990871257406e-01
1.006203208323669163e+00 -4.743474474483029280e-01
9.563108571813806469e-01 -4.743231783314906247e-01
9.608671407831578248e-01 -4.321083594682403328e-01
9.884265909099253511e-01 -5.214953323745501468e-01
9.155707002803756822e-01 -3.052643073459773149e-01
8.770988158977264249e-01 -3.164196154051512888e-01
8.569692555042293103e-01 -3.866277444933516327e-01
8.644957461183349068e-01 -3.500998574235888450e-01
9.279863152816036909e-01 -5.013701571673274682e-01
9.972855941849435579e-01 -1.836939177967782943e-01
1.027951424271061898e+00 -2.315870231471506280e-01
1.020083178506134836e+00 -1.529033922089726716e-01
1.062295522286117677e+00 -1.472229796589887840e-01
1.003232132591882042e+00 -3.204260661194263671e-01
1.059534363048518557e+00 -2.750893374874175956e-01
1.096172982808899299e+00 -3.225185842875886166e-01
1.121854939093187786e+00 -2.914248452811331602e-01
7.482474297242225347e-01 -4.880463183642501090e-01
1.526558212108080737e+00 -4.329938701159579129e-01
1.560546914233241100e+00 -4.737537641223240614e-01
1.417013384165672019e+00 -4.927906166395441545e-01
1.474215838218837726e+00 -4.991044503934578547e-01
1.510610959919042040e+00 -5.415074515370407182e-01
1.360002834990635678e+00 -5.570894971400952578e-01
1.326565311715096840e+00 -5.858477369386142497e-01
1.271193429400328423e+00 -4.298081392978904125e-01
1.300104395932883072e+00 -3.974902040232957123e-01
1.586993606855318317e+00 -4.374254531927622702e-01
1.551379232170913669e+00 -3.984510200070255914e-01
1.600608300188465005e+00 -4.000249786294378107e-01
1.639584920832912740e+00 -4.458674468310658279e-01
1.623908435498620850e+00 -4.781834315901676846e-01
1.464513176730918520e+00 -3.506189405059945141e-01
1.517179122966820337e+00 -3.643969893797448512e-01
1.433870799684040742e+00 -3.804879867349789668e-01
1.411727858158038806e+00 -3.370754175126497998e-01
1.392874969147641417e+00 -2.957159770435978108e-01
1.476036672656408477e+00 -2.735189754142438590e-01
1.323400940010376114e+00 -3.676325282974772235e-01
1.371805468156905849e+00 -3.631133179203450689e-01
1.477123757449503971e+00 -2.309843895320262130e-01
1.528961421852272462e+00 -2.255434906244609683e-01
1.424226901005020141e+00 -2.242177382568150690e-01
1.352059889431042050e+00 -2.647744427605460138e-01
1.214655902924474562e+00 -3.366195386705283510e-01
1.679070368247478351e+00 -2.939011588849624323e-01
1.728189533643754494e+00 -3.041856153768651705e-01
1.733148244880270861e+00 -3.877954865261553641e-01
1.703794240621905320e+00 -3.379689031097926621e-01
1.645256832339540676e+00 -3.247315728781738353e-01
1.589090011591648866e+00 -2.913297760360225586e-01
1.654499736623365136e+00 -2.461306278068498277e-01
1.655817297582846459e+00 -4.040407173163084176e-01
1.226988123982003742e+00 -1.867516374670080692e-01
1.276694051730807411e+00 -1.844516117015748691e-01
1.171290495687435262e+00 -1.801151001383554384e-01
1.153448754401582788e+00 -2.124813205348151657e-01
1.137769367889555294e+00 -2.507278149843107373e-01
1.244358227421913599e+00 -3.020830325553570117e-01
5.447094555553798623e-01 -9.845194326652498829e-01
5.326520904897871223e-01 -9.391082786329761900e-01
5.704493210263966718e-01 -9.173093875665097041e-01
6.144303380568196804e-01 -9.298853758057328278e-01
6.354294478854644046e-01 -9.803263135733606415e-01
4.773667572500269185e-01 -8.670811084975107441e-01
4.901693673786141625e-01 -9.622955930544067060e-01
4.342542757828894984e-01 -9.238479323266701737e-01
4.846050666675962293e-01 -1.036312951768805446e+00
4.573181036479193606e-01 -9.962915538662374670e-01
5.658824615468933672e-01 -1.035144047108748744e+00
5.284728514586635173e-01 -1.058808995332343184e+00
4.712624800284456184e-01 -8.215093672428104288e-01
4.208971951098400832e-01 -7.950502323875796584e-01
4.472226482083318522e-01 -7.690222870500211805e-01
4.251046932222299901e-01 -8.378744708953814735e-01
3.776281918210285249e-01 -8.949153734339634347e-01
5.280851078310274671e-01 -7.645030134937961241e-01
5.555803933019560770e-01 -7.309949219643547824e-01
6.649696815452316168e-01 -9.534246888100919026e-01
7.186135519067231581e-01 -9.785690419747480329e-01
7.422358291282777909e-01 -1.024146836084820711e+00
6.892104969357601973e-01 -8.840389891589659488e-01
6.987621487042183777e-01 -9.296346261069118322e-01
6.362504231201785432e-01 -8.575569428279818940e-01
6.771913858984153212e-01 -8.285515048056832921e-01
5.809514502533025260e-01 -7.827685264462579395e-01
7.594242829203560197e-01 -7.943527436507787920e-01
8.076032195073089559e-01 -8.294818046388384714e-01
7.990889952819529851e-01 -7.777202805146059550e-01
6.077428701244819154e-01 -7.518710070703767956e-01
5.775550305065068057e-01 -6.945132056742765458e-01
9.804475510621717405e-01 -1.034823946274643580e+00
8.530838353764319537e-01 -1.054974261933655511e+00
8.815313892944077745e-01 -1.023277375919478427e+00
9.509861453641693663e-01 -1.118933175111072487e+00
9.350395220510057115e-01 -1.161858479598290916e+00
8.498405960509978208e-01 -9.799548410595356751e-01
8.721825018613306169e-01 -9.238980464539682247e-01
7.744980377648067460e-01 -9.951587340894857414e-01
7.945193277968720658e-01 -1.039117486929652889e+00
8.981256600419952330e-01 -8.944185557495198946e-01
9.226154434233516666e-01 -9.419700994276594130e-01
7.192680874812835690e-01 -1.089897165839079474e+00
7.595630409941948047e-01 -1.065793369313459360e+00
7.510128619740832345e-01 -7.365259491825527638e-01
7.387474241370920458e-01 -6.794134151100126306e-01
7.041212455552328109e-01 -7.033749374927322773e-01
6.820424666724461682e-01 -6.525059828986143895e-01
6.208633616454144466e-01 -6.178146931141439424e-01
6.500211364980745810e-01 -6.750483062165515413e-01
4.602158045129036701e-01 -1.364451407189246179e+00
5.655772970575213554e-01 -1.330383721260311125e+00
3.470321862711258087e-01 -1.390971170038346916e+00
3.950193180364837131e-01 -1.361163103994547763e+00
4.678774306375180769e-01 -1.398843757543073885e+00
3.630010512470469575e-01 -1.427197056946524434e+00
3.038544250437145711e-01 -1.423762350266483123e+00
2.827913342242585615e-01 -1.385562172155276439e+00
2.688963551966725984e-01 -1.448226506951243664e+00
3.215401268192890627e-01 -1.464153129638612327e+00
3.246029622598745612e-01 -1.283296180036465062e+00
3.580486463765054084e-01 -1.250486859308129306e+00
6.158891748924892884e-01 -1.305232342713323890e+00
6.183409508728586745e-01 -1.261552946619740823e+00
6.612034891504365852e-01 -1.327240607792848470e+00
5.671313020304367125e-01 -1.200111285716608744e+00
5.284756552794912521e-01 -1.263037728644957669e+00
5.018180555447850910e-01 -1.184570406960395283e+00
5.200273430626269899e-01 -1.142291446848780589e+00
6.154025508432749980e-01 -1.170238817469519077e+00
3.986780476975045895e-01 -1.215748050191240992e+00
4.367415102147120254e-01 -1.183044270003539511e+00
4.163314245333395447e-01 -1.252385153508235982e+00
6.752992641389845563e-01 -1.113401267351486590e+00
7.271473905702280360e-01 -1.133307714851012449e+00
6.237791064128022089e-01 -1.127026398081421021e+00
3.357415514124226230e-01 -1.212418641529632080e+00
3.737944454662176508e-01 -1.177676531654963110e+00
8.430146876851557503e-01 -1.160217639182683724e+00
8.925244271168223387e-01 -1.156275058229523145e+00
8.896083635385680921e-01 -1.193343678238185435e+00
8.477589065949936442e-01 -1.226200451682490478e+00
9.503656405509872673e-01 -1.197501638065125329e+00
7.819240726079006443e-01 -1.153579475121710107e+00
7.248999412585169777e-01 -1.170189884658979995e+00
7.691142026206885252e-01 -1.190351030804202681e+00
7.536319607065545823e-01 -1.283941330131606717e+00
4.377994438650500975e-01 -1.033576500514699514e+00
4.719766028410750103e-01 -1.073896955720883728e+00
4.157919889823349369e-01 -1.070477053876748519e+00
3.581107319354974172e-01 -1.059955182901663129e+00
3.515513844426385592e-01 -1.008935088214391484e+00
3.206970197671363265e-01 -1.089876524419370885e+00
2.674299336918364856e-01 -1.056454808575060023e+00
2.958048465154758389e-01 -1.133451575813421597e+00
7.535410374144690948e-01 6.748541264059777500e-01
8.561770287679785207e-01 6.370618277902470039e-01
8.234927912572721498e-01 6.032184646274736384e-01
9.499219529777990223e-01 5.972804428681767197e-01
9.246486865928368326e-01 5.637731094391330577e-01
8.884103341994274983e-01 5.988870384846531891e-01
9.119228575211703047e-01 6.306574616210737227e-01
6.977309948377353743e-01 6.089079733119864279e-01
9.565593552102557018e-01 6.404277830764444346e-01
6.877348961696672092e-01 6.843244352057971103e-01
6.011848242047554969e-01 6.518784999519194878e-01
5.388627176951722442e-01 6.557916098887934808e-01
6.351582588554566255e-01 6.136226021590489577e-01
6.607016672061920559e-01 6.482891209909630303e-01
5.029091733304034140e-01 6.955501204571706841e-01
4.580708537908599887e-01 7.312997866247041845e-01
6.703690609905866848e-01 5.715452425890917842e-01
6.049291121373047142e-01 5.775363579653450818e-01
5.450671534312853117e-01 8.540588915673086312e-01
5.614478460313507835e-01 7.841919556969401128e-01
5.829526507488164144e-01 5.489397361481025417e-01
1.040626050073548248e+00 -9.170570953543115689e-01
9.730964954046817939e-01 -9.430119026710133134e-01
9.418149573623422199e-01 -8.950117288781936908e-01
1.004763307570410324e+00 -9.973048396093925350e-01
8.961736481392262865e-01 -8.502720891349603294e-01
1.051152133528118426e+00 -7.923603002960536434e-01
1.016234201117286906e+00 -8.121731873360363840e-01
9.624948851681124351e-01 -7.144388864772570624e-01
1.000728472536515312e+00 -7.042959899506118226e-01
9.328038621478611514e-01 -7.899183461664303074e-01
9.686777998023251568e-01 -7.746035362089672693e-01
9.391308297950529127e-01 -8.441934586045114486e-01
1.002587781546279810e+00 -6.577483147613859549e-01
9.187210313293021624e-01 -6.788305767030451410e-01
9.064840734335946060e-01 -6.254657622173177556e-01
9.556981977850546039e-01 -6.516686395516007035e-01
8.886709159245088641e-01 -8.004378859939136337e-01
8.398254634253621287e-01 -7.647674439983933592e-01
8.846927198257716896e-01 -7.529218123271174123e-01
1.085226508466451412e+00 -6.891992777159623440e-01
1.106296219571662798e+00 -6.599044837710799083e-01
1.089559742272776965e+00 -7.307498986031550903e-01
1.127969286492773282e+00 -7.114929667597682528e-01
8.709474295241312891e-01 -6.486626330641017679e-01
7.888291998813145023e-01 -6.807614739994897191e-01
8.347747203285011963e-01 -7.148929165655427687e-01
-8.742011637448408035e-01 -5.732870937397135380e-01
-9.762181354747633266e-01 -5.528575669285996641e-01
-9.214329146824892236e-01 -4.649831105231069239e-01
-9.775301313483349963e-01 -4.715983973884197988e-01
-8.601608816108436972e-01 -4.533878963493950809e-01
-7.802762198557007256e-01 -6.191352377288913411e-01
-8.140923777535337136e-01 -5.294308650686569973e-01
-7.586844376366479459e-01 -5.227821944590343994e-01
-7.123003453009179031e-01 -5.587134131396760406e-01
-7.636786051877783033e-01 -5.608916197056739161e-01
-8.103571173422237095e-01 -4.877340713814664053e-01
-6.689946425229695848e-01 -6.037278161366292917e-01
-6.209003061386367817e-01 -6.064964162287982408e-01
-6.701591098663703949e-01 -6.554175964764029638e-01
-6.627849801257883477e-01 -5.591402809711485400e-01
-8.093407932738478916e-01 -4.489049588914141298e-01
-7.905438640754979263e-01 -4.165894674344230997e-01
-6.467486826862897109e-01 -8.023935079420131400e-01
-6.953206496156744132e-01 -6.874828181602254951e-01
-6.502197553957738130e-01 -7.113115633932330928e-01
-7.479171257380524684e-01 -6.682859923136293956e-01
-7.224587729128785218e-01 -7.185033366813681210e-01
-6.675585809560692363e-01 -4.417403882748308641e-01
-6.351069327015927968e-01 -4.812913495178720580e-01
-1.091883559502950796e+00 7.691114305868511636e-01
-1.033942689021864592e+00 6.935717160069913012e-01
-1.092395538660377863e+00 6.953958713166595862e-01
-1.310492220419708476e+00 7.873474514714604577e-01
-1.186954263474599980e+00 7.675256352988084618e-01
-1.194545563604048510e+00 7.355486623300329097e-01
-1.210065643986365735e+00 8.026671345585526529e-01
-6.006239201572818320e-01 2.746722691990924337e-01
-4.385027260074804700e-01 -3.066914100948150979e-01
4.832504234003600074e-01 -3.121891332033581157e-01
2.970844584283114931e-01 3.608773830429826135e-01
2.645403904935587081e-01 4.042097392327826388e-01
-3.871263602420790817e-01 -4.997112185069234602e-01
-4.330966500517439144e-01 -4.687398190187224700e-01
-2.906761518887487350e-01 -4.253626864900855176e-01
-7.151637453206807771e-02 -6.704632395893392882e-01
-5.260151036783993622e-02 -7.219505923667940417e-01
-9.572036289481215821e-02 -6.983043140577490648e-01
1.994282104043811621e-01 -6.807770415557902188e-01
1.314820931029416773e-01 -6.619434242189973228e-01
1.064194714742357217e-01 -6.216585643206252731e-01
1.419788555797478757e-01 -5.965233443902797639e-01
1.696228309400875101e-01 -6.381650006534341779e-01
4.138555118984852954e-01 -4.905840447432390228e-01
3.446440657979528144e-01 -7.259096371874844689e-01
3.905848541060383261e-01 -7.534291328378747155e-01
3.817902629170759066e-01 -8.062854318393022357e-01
-7.987036366972610768e-01 2.091925427431059192e-01
-8.535996825740714833e-01 2.260783444217395743e-01
-9.904670204608529982e-01 2.296839858991590044e-01
-1.039615921649453822e+00 2.364974509810668646e-01
-9.731821529733323262e-01 2.663699505349303442e-01
-7.688060662908926535e-01 -3.886002421207894464e-02
-8.873244375296333031e-01 -4.783076440089564091e-02
-2.614728350905238807e-01 6.614051331139815249e-01
-1.157450983925316784e-01 7.267958945017100048e-01
-4.454891574329908344e-01 7.406830795729986150e-01
-6.178636521208824561e-01 4.765365077049099063e-01
-1.437685868289870106e+00 6.223199961681913361e-01
-1.425685300161494196e+00 5.866883116101792028e-01
-1.486363415897263618e+00 5.984075563684565502e-01
-1.500584214052712584e+00 6.355088947084915896e-01
-1.229913530027897162e+00 5.393050459293609045e-01
-1.269023216863500059e+00 5.122466335576632002e-01
-1.298306399654921561e+00 5.538026962159112720e-01
-1.185574277427832168e+00 5.673555766787918841e-01
-1.347905618989909016e+00 7.181666952412427696e-01
-1.298220386297308737e+00 7.469856004536965521e-01
-1.294504905240553061e+00 7.032078429394205132e-01
-1.138754188511264642e+00 4.079209770749424036e-01
-1.121914858020588879e+00 3.640645917100315820e-01
-1.072225868879167265e+00 5.399702870143131550e-01
-1.024457123269881142e+00 5.448048905666011965e-01
-1.207363244816702874e+00 2.956957278952739299e-01
-1.177384588230935503e+00 2.579062051212576701e-01
-1.221040533794156779e+00 2.533332395833295392e-01
-1.270537758240484871e+00 2.540394295187275997e-01
-9.234451148696971590e-01 9.300052220920139723e-01
-9.714812501747691620e-01 9.147543516229804661e-01
-8.760073532876161417e-01 1.027743741026035496e+00
-8.260981445717088256e-01 1.038348461410344870e+00
-6.269966621053683076e-01 8.303705959411562532e-01
-4.899406925415631386e-01 8.620819696161878820e-01
-4.362878994897449458e-01 8.537181759285077387e-01
-5.186749605329370461e-01 1.435082334494296674e+00
-5.888087892170612569e-01 1.244524039883656341e+00
-5.700339121519366614e-01 1.198373117255302489e+00
-7.015629425086639115e-01 1.168279459235550766e+00
-7.395752755183314653e-01 1.141942561700946435e+00
-7.850614149442430856e-01 1.133622326390445245e+00
-5.078121043490171349e-01 9.916443388970036521e-01
-5.369807626911607956e-01 1.038578536750308645e+00
-5.061743788021176860e-01 1.069355168082621432e+00
-4.457070099372252292e-01 1.052049408163658883e+00
-4.798407829280517678e-01 1.022635098323969594e+00
-3.033500057707086417e-01 9.368215497679674986e-01
-3.181973391014348285e-01 9.834000065599228790e-01
-2.605353090218157086e-01 9.670384682794873621e-01
-1.873330185362902078e+00 1.525846089442372266e-01
-1.825768972005215929e+00 1.243193230597925830e-01
-1.509473339422627181e+00 3.220222100250243469e-01
-1.597778865133501647e+00 4.964563489798997642e-01
-1.692951868028060414e+00 4.563656875779821820e-01
-1.321603157250809124e+00 1.208938044314453869e-01
-1.310272051468611476e+00 7.947993056954855140e-02
-1.360310390549356985e+00 1.063010399632994540e-01
-1.661044590586976399e+00 6.435682564533760086e-01
-1.714034603228504983e+00 6.306582542140138914e-01
-1.403429708755704830e+00 -2.257134140561288249e-01
-1.457597096028391936e+00 -2.337869777039498220e-01
-1.384516582520545436e+00 -8.004156565042155891e-02
-1.415871745362639489e+00 -4.147936504943858238e-02
-1.605465032486326438e+00 -6.607234442727406842e-02
-1.566822899056554252e+00 -1.139544141462611182e-01
-1.631982504007507773e+00 -9.960327967301772778e-02
-1.148071940531393498e+00 -4.109194748079110504e-02
-1.105632804710225514e+00 -7.300701617038221625e-02
-1.042668768005824198e+00 -4.409135234300338158e-01
-9.616113454957305740e-01 -3.062479535476224646e-01
-8.322278450466665811e-01 -2.695137256158924854e-01
-9.638533973814843447e-01 -1.980127371005197257e-01
-9.899626231783972274e-01 -1.579392864498154470e-01
-4.274991642468265463e-01 -5.696748428060741665e-01
-3.912448144207117395e-01 -6.185926845599833968e-01
-4.177555039058717390e-01 -8.167742995689034613e-01
-2.532547627527006462e-01 -7.476985735506290753e-01
-2.512354260131058337e-01 -7.049829756975519723e-01
-2.038245230786846218e-01 -7.447520093725582546e-01
-5.974063649019566435e-01 -8.092971826983186290e-01
-4.271720663073589330e-01 -9.419911176210894466e-01
-3.885812921245070939e-01 -9.999380063518161776e-01
-4.393465567843244934e-01 -9.812255741099966677e-01
-1.438730554340313279e-02 -8.905848823527706681e-01
-4.181485148409255781e-01 -1.123139499565024790e+00
-3.820046677800952861e-01 -1.172624544282886871e+00
-4.605907192868443079e-01 -1.117458876654193967e+00
-8.138079565506656232e-02 -1.278386432247537341e+00
-3.923644966206130125e-02 -1.264710662555047938e+00
-4.431085838697101931e-02 -1.158338451907613864e+00
-6.059798769838039417e-02 -1.069940158291296184e+00
2.154998255043909516e-01 -1.383318670747986978e+00
2.381374023880796498e-01 -1.415837518731233091e+00
1.625465253611637906e-01 -1.011976502292052382e+00
2.179177876844163864e-01 -1.069312802304390297e+00
1.235551549993318399e-01 -1.073011843054653580e+00
2.730944743553493925e-01 9.222112406275989605e-01
2.512651091291932537e-01 8.067164433456565087e-01
3.114305258725225678e-01 8.021109046046499547e-01
2.845446024499744264e-01 7.680602002204146572e-01
4.540566824141176738e-01 8.173807574574266654e-01
5.619580897123373220e-02 7.352358804123874103e-01
3.274334721182020624e-02 7.751980116001508936e-01
6.599564535488819383e-02 8.093602042289453902e-01
-1.038475168343783589e-01 8.936840529959546586e-01
-1.473361432361182111e-01 1.176909857404312421e+00
-1.470124982289019999e-01 1.214167686930545331e+00
-9.480432447866683765e-02 1.221928548980396600e+00
-1.369963147034096718e-01 1.379665148695946808e+00
-2.268871601600623567e-01 1.426645388348477095e+00
-4.666424327978915126e-02 1.026196205580882870e+00
-9.213734787963330508e-02 1.012053183697831038e+00
-1.503993356643198165e-01 1.038806904133253273e+00
7.191279502407840196e-01 -1.433931613783246718e-02
7.511164375553625039e-01 1.643423329982303047e-02
8.738503501933621020e-01 -1.681451788820918225e-01
9.221803734829944199e-01 -1.917666573409734510e-01
8.876490697290417842e-01 -2.138987399846321857e-01
8.035173178185277543e-01 7.139570160178526637e-02
7.573736381027834641e-01 1.044324351629981329e-01
7.667930384932829524e-01 1.465540919813460019e-01
8.285474900441289758e-01 1.431405837586594010e-01
8.719326569857782649e-01 1.027614722647214596e-01
6.176141441862452730e-01 1.209841606969244421e-01
9.856634456036578174e-01 1.010184511293619469e-01
1.026859103741202484e+00 1.060614565053748792e-01
1.059458431039316695e+00 1.329636386487908495e-01
1.074841953474495293e+00 8.644147726187739744e-02
9.085309512730411763e-01 2.236129148867572192e-01
8.585220435787684901e-01 2.200920011828191303e-01
8.132493430076908059e-01 2.586759924528750365e-01
8.697829427829434357e-01 3.828988962109914906e-01
8.699330667148665874e-01 4.279192562265101696e-01
9.283084588527901193e-01 4.265877031311639533e-01
9.131826380621529404e-01 3.915586276010653566e-01
6.860051289612268954e-01 3.991205236651493293e-01
1.059129529138638004e+00 4.548114167383092710e-01
1.104048627430292084e+00 4.647168338792211917e-01
1.126547006468485268e+00 4.281448440288825874e-01
9.597063659786312373e-01 5.261786244864190554e-01
8.979344066825011295e-01 5.333225917295920659e-01
8.576457085737779762e-01 5.685995377558320518e-01
9.973483845201821518e-01 5.605062241127684031e-01
1.536038013731505281e+00 8.257593851853457789e-02
1.713358234177275286e+00 -2.125561212154113144e-01
1.698559779332332154e+00 -2.516958799737794017e-01
1.279612241187236377e+00 2.895713124026128016e-01
1.255564894642130724e+00 3.363595437047975367e-01
1.371338878616895185e+00 2.982896600686896216e-01
1.312020810725082143e+00 4.458458607502693294e-01
1.173449255258307566e+00 -6.456458705582332480e-02
1.231897502574228698e+00 -1.439892335001825008e-01
1.190234517252798385e+00 -1.502450120927205368e-01
1.177567742021393915e+00 -1.050860949306684639e-01
1.244184466173816839e+00 -5.312887974618477616e-01
1.300194744925975421e+00 -5.431997271861200849e-01
1.263081877304558454e+00 -5.725400348295842656e-01
1.046198858003058785e+00 -5.129612187280796487e-01
1.050786994872923152e+00 -1.934325625276155092e-01
1.100969738828811550e+00 -2.008471809919203377e-01
1.387796554124300030e+00 -4.480579361748986966e-01
1.502005310021342632e+00 -3.236610120401565704e-01
1.536913237535326049e+00 -3.059606160246186035e-01
1.595921459901801231e+00 -3.299876613735699959e-01
1.626091154047690113e+00 -3.651373235896818725e-01
1.564377708490350072e+00 -3.564941225427497584e-01
1.350604451041179432e+00 -3.090799011088445902e-01
1.306031903802851835e+00 -3.232026271990733890e-01
3.864208370536821313e-01 -9.415504756650802110e-01
4.359627064423018949e-01 -9.632257551215474001e-01
4.009954529041244720e-01 -9.901726659326293145e-01
5.309270379322345024e-01 -8.930597301786663555e-01
5.232278640896226296e-01 -8.460765467029486286e-01
5.517776382491049736e-01 -8.204120057798246490e-01
5.958924933811314828e-01 -8.329665029145417732e-01
7.291960158187866803e-01 -8.661213929047002491e-01
7.847028788420108425e-01 -9.041088130022848501e-01
7.485992807264699733e-01 -9.559895465733572184e-01
7.125584443770824894e-01 -7.626811884476355496e-01
6.661671470545859064e-01 -7.761800140483552379e-01
6.292499827068335216e-01 -7.154258509616900907e-01
8.100144096562448270e-01 -1.081175768193394449e+00
8.632510900607532900e-01 -1.092609606441992787e+00
8.639958335914075249e-01 -1.128857107867771159e+00
8.189977694953359810e-01 -1.120585537332421611e+00
8.955222337827184464e-01 -9.763180420131966075e-01
9.501849367727787099e-01 -9.877869253989673970e-01
9.303592937774347593e-01 -1.029309757565979977e+00
7.524364653391489854e-01 -6.322972406268827505e-01
3.818100518233736307e-01 -1.460557261918680849e+00
4.240928434043073625e-01 -1.433505146163966959e+00
3.650484981054789024e-01 -1.491360055963130815e+00
4.946275715241867377e-01 -1.294229262836677163e+00
4.468746247464704391e-01 -1.330140502510416489e+00
3.904430569012787844e-01 -1.324263917532365387e+00
4.371932606046116110e-01 -1.291525484618100350e+00
6.233333844886778108e-01 -1.217203051567883776e+00
6.727662112148632412e-01 -1.191267561991606660e+00
7.224248356446884012e-01 -1.210979606989168733e+00
6.725715109010046433e-01 -1.235820851989051672e+00
4.859445201492478272e-01 -1.113886513353052665e+00
4.629497470330791731e-01 -1.150346629887633476e+00
4.038334694816728132e-01 -1.140217760987493945e+00
7.804398531586388410e-01 -1.221374356392143090e+00
9.089984184604704698e-01 -1.223529826869714343e+00
7.232871260002525782e-01 6.450811599757659831e-01
6.302336353009049263e-01 6.884358778226147280e-01
1.043169801485151371e+00 -6.976291727014671817e-01
9.238239805920549497e-01 -7.345838119937675437e-01
-8.682717751420355734e-01 -5.354799941147411202e-01
-9.224221944811973328e-01 -5.437032803880775811e-01
-9.762677780704666075e-01 -5.157226345203024254e-01
-7.129458125722352158e-01 -6.015775922057925440e-01
-7.228860262194479747e-01 -6.401678377915341889e-01
-7.523070832191204316e-01 -4.837080744927750864e-01
1.116768530527425946e-01 -5.059163258073885450e-01
1.182093607970987476e-01 -4.647494527069037651e-01
4.824571773572390310e-01 -6.209974376271681917e-01
5.245667901924414567e-01 -6.755719545405840520e-01
-9.376439768921562834e-01 3.691335627054374569e-01
-1.117920321365869496e+00 6.185747565808713544e-01
-1.105219195968532242e+00 6.560418800192809874e-01
-1.336449080401474143e+00 4.168130194293017676e-01
-1.429157213603489796e+00 4.468053117642597494e-01
-1.411355688084920068e+00 4.836396510992897468e-01
-6.814799658556810469e-01 9.754760779620992306e-01
-2.993228205976734557e-01 1.168591359676510510e+00
-8.188935944921992283e-01 1.293315104831334050e+00
-1.614350031554720788e+00 1.388972888716482335e-01
-1.567869947704293665e+00 1.024340215284999106e-01
-1.614228795708646302e+00 8.845324023028756921e-02
-1.564180005521457861e+00 -2.021206488384793554e-01
-1.174551474462023570e+00 -2.269457623855616613e-01
-1.223177110130293732e+00 -1.947070509698457519e-01
-1.158425466180989849e+00 -1.906007337950776648e-01
-1.111058180264739459e+00 -2.234763472141466645e-01
-8.197365905014886156e-01 -3.795342284023758839e-01
-5.602636232182252041e-01 -5.720351136347940901e-01
-2.389496370730710972e-01 -9.793754329301644912e-01
-2.851345441484470777e-01 -9.511997792568510635e-01
-2.912808285033960387e-01 -8.998407241844781357e-01
-2.035089441769099561e-01 -9.242582457500848614e-01
-2.839363680741969764e-01 -1.297792838898146117e+00
2.306244499262088132e-01 -1.275954233748675115e+00
2.333782600871164015e-01 -1.238395627801470944e+00
1.752717084914604262e-01 -1.257427410728837014e+00
1.433524877209636506e-01 8.686788781406867832e-01
1.470774316152339833e-01 1.156821098283693505e+00
8.277071371644737496e-01 -2.972924670085494991e-01
6.192661642149988044e-01 2.760833265731452713e-01
1.042183836529108287e+00 3.000705481917698703e-01
1.098567880800593866e+00 2.940330861753999159e-01
1.142501233874013700e+00 2.640560060659509767e-01
1.085373486929597009e+00 2.548395205885907733e-01
7.558539320972229580e-01 4.942924752387706233e-01
1.493917906786809136e+00 -1.902613426195365609e-01
1.436571624763429700e+00 -1.875623642272905844e-01
1.560669567480180708e+00 2.802639000232884370e-01
1.523219046147537226e+00 3.355353508965750464e-01
9.555984856100678826e-01 -5.559140991537256937e-01
9.891463664317944326e-01 -6.115239938589499546e-01
1.184781770633134501e+00 -4.442283204648894146e-01
1.162464777183527920e+00 -3.937801898609445406e-01
1.196675907054916443e+00 -3.712551049421101146e-01
6.529200946802323768e-01 -1.026910268147613881e+00
6.710677715552941791e-01 -1.068701282219678417e+00
6.309572170870393348e-01 -1.088627881150699750e+00
8.553590017973959903e-01 -8.655991082805929437e-01
8.471054636233517066e-01 -8.140833111268925837e-01
6.138850326371879662e-01 -1.351626281437879662e+00
5.681797638814793938e-01 -1.372553841103737682e+00
1.392164671280106125e-01 -8.119285838638377051e-01
1.949172490085639142e-01 -8.118615632061464416e-01
-1.115945242103110191e+00 1.253928177885257900e-01
-1.056380034087194719e+00 1.141410798796753806e-01
-1.075978563081631423e+00 8.071247704198027118e-02
-1.914610863240388816e-01 7.873862873654389194e-01
-2.927368756526220750e-01 7.993591493090371758e-01
-2.963667783006357914e-01 8.459625266242424280e-01
-2.456268597147089894e-01 8.143293002477806075e-01
-5.308200342536238958e-01 -9.610579980866451599e-01
9.482110203256365333e-01 -8.142518130394993392e-02
9.292889080874267016e-01 -3.214024791937660636e-02
9.827735418307723680e-01 -1.409264108051204965e-02
9.853142986248043522e-01 -6.039266825574555325e-02
-6.875665055886841515e-01 1.341992637196102400e+00
-5.613168308154747876e-01 1.402816797684647510e+00
-4.362269085960885362e-01 1.345951547691315309e+00
-5.080343119856062239e-01 1.520865608507735223e+00
-1.025902189609638526e+00 1.160242655830545644e+00
-9.389920503982874811e-01 1.272580415640615303e+00
-1.610479734027342014e+00 2.250901945111928870e-01
-1.753461656150438364e+00 2.015572402136065477e-01
-2.000838433519269710e+00 3.229027813967133564e-01
-1.930244888874588893e+00 4.265030988993512295e-01
-2.028673014362224247e+00 1.220722857360908575e-01
-1.690188381134200002e+00 4.140891713468042856e-01
-1.901696994651853156e+00 6.181882326343295375e-01
-1.928740287640060114e+00 -2.346734826927989945e-02
-1.702113551864339769e+00 -2.346244613531522083e-01
-3.728876185023197176e-01 -1.281833463173641663e+00
-5.488745386772387880e-01 -1.067036811244013172e+00
1.354227993488475723e-01 -1.558367922235691649e+00
-2.981693123493553976e-01 1.309308317346812744e+00
-8.460771180539572445e-02 1.346535264084901984e+00
3.033853859076321782e-02 1.364414139239527035e+00
-2.740851343283375319e-01 1.517509580366562805e+00
4.150806085020142810e-01 1.019002828297398411e+00
2.573660859218164232e-01 1.164657508580801304e+00
1.626906087767215681e+00 1.079208009769280496e-01
1.536060539220859944e+00 1.292329469695195354e-01
1.655303386752436712e+00 -2.012683292207491023e-02
1.612571795238005201e+00 -1.383536062853295973e-02
1.468503352672253071e+00 -1.109496661603805584e-01
1.885374312976100919e+00 -2.153064958056842282e-01
1.452793023010556572e+00 1.111990535041965100e-01
1.243372437950695630e+00 5.691935358740757289e-01
1.607310260798374912e+00 -6.014155259461635428e-01
2.919720995646261641e-01 -1.554745798781894228e+00
1.017694090862711898e+00 -1.219847804496432486e+00
6.923231568805015002e-01 8.226018276998464662e-01
1.308498756126637241e+00 -7.698408032644638022e-01
-9.765592006470202868e-01 -6.062133869624596327e-01
-1.136645408464997731e+00 -5.282323329739491147e-01
-1.203666240616358074e+00 9.712938770607136840e-01
-1.112861813735900096e+00 1.053807221621554380e+00
-1.470906409839874529e+00 8.272692458872098475e-01
-6.574796699880607331e-01 1.474844936269801732e+00
-9.944650660079883409e-01 1.201801647681995266e+00
-1.702934452580618485e+00 3.004086863712362998e-01
-1.707419246958906234e+00 2.123346742613371751e-01
-1.800036065344787550e+00 2.354481064317256178e-01
-1.952389975294381186e+00 2.308459388646292298e-01
-1.780380205631096668e+00 6.832190078551999557e-01
-1.845999844810157553e+00 -1.115251138868133401e-01
-4.672113173307660405e-01 -1.173637878547846070e+00
9.942610297954198803e-03 -1.530395696424354135e+00
-1.386861003182608687e-01 1.469268622378330003e+00
3.452319942489696092e-01 1.081774487304904442e+00
1.370382629095335369e+00 2.285665179222627075e-01
1.360204844436373239e+00 5.071803919713469000e-01
1.521522902569764746e+00 -6.454025968213246145e-01
1.840707068819686487e+00 -4.342521980469024601e-01
9.299609704233453567e-01 -1.273898881758229296e+00
6.108456396839218039e-01 8.713115630992819272e-01
1.135377863995685743e+00 -1.018190568116202677e+00
-7.591011336981730029e-01 -7.774163070951769505e-01
-8.836334775652422424e-01 1.329989920078528121e+00
-1.612729065447650267e+00 -2.958082689454585856e-01
-2.600923585530052207e-01 -1.383141980284612327e+00
1.293159463713552115e-01 1.283325036246690143e+00
1.626972582004488688e+00 1.780250694401028511e-01
1.622259781743211615e+00 3.083853994111890873e-01
-1.225181414049547168e+00 -4.897567284114406894e-01
-6.257349427732203928e-01 -9.589842020073069406e-01
4.892346081466072416e-01 9.581989307633920205e-01
1.122514430745114700e+00 6.264240525800600645e-01
1.080258098992018967e+00 -1.149786667866143919e+00
-1.746503562280358191e+00 1.506801582438422882e-01
-1.878087896356103847e+00 4.755644428964570514e-01
-1.606042375645243325e+00 2.618078094613089379e-01
-1.604601992576031977e+00 3.843334802728756716e-01
-1.655608403206859203e+00 3.769533155732452956e-01
-1.787700517189023230e+00 3.511494154619512753e-01
-1.755850986050937701e+00 4.634222828441065811e-01
-1.946769780572097930e-01 1.375863892769963792e+00
1.490942250902779209e+00 1.787050838647475104e-01
1.570000396701170198e+00 1.989579269374155412e-01
1.694718622207662229e+00 -6.814955131685981882e-02
1.736059246507327458e+00 -1.413810097481270345e-02
1.687496720393131033e+00 -1.158939892627890711e-01
1.437322613107047564e+00 -6.677925228485442899e-02
1.498101449430974119e+00 -2.772318850597153828e-02
1.327166514459398705e+00 8.746026910248394515e-02
1.459482815483550189e+00 6.268845651459008239e-02
1.461031365815184335e+00 1.681069103602799569e-02
1.360434444425535405e+00 1.231930582886533489e-02
1.402469421613084855e+00 -2.415203466505463567e-02
1.262972762536899163e+00 4.339595991999155473e-03
1.309288502796540854e+00 1.097332325065195242e-02
1.395082521320669899e+00 3.351876170925092713e-01
-1.807161187483640408e+00 2.791124751191964570e-01
1.496137156641798027e+00 7.459638864930388802e-02
-2.476139173569961716e-01 -5.457587004543982268e-01
-1.347840483630890207e-01 -4.864733146914602124e-01
7.409000293266901002e-03 -6.250610972606795990e-01
-3.783309960972505021e-02 -6.438791275767553612e-01
1.704082938827156668e-01 -4.530814025681778046e-01
2.188984510471540523e-01 -4.843721443066181798e-01
3.205312353381181700e-01 -4.733782124782877077e-01
5.447217034699369798e-01 -6.435249613477769248e-01
-8.948765142624612867e-01 3.816901129226873413e-01
-9.327637890869192594e-01 3.209300479496808300e-01
-7.587206915288644549e-01 1.953212290724933888e-03
-8.002017544290932483e-01 4.799487943943552687e-02
-8.499489783505672635e-01 -8.751680576176962267e-02
-1.623122430127305338e-01 7.045545059392698262e-01
-1.289071376127274016e-01 7.682091019296545253e-01
-3.791222285514052603e-01 7.109478528757333660e-01
-1.174674268255049947e+00 5.229199801606583264e-01
-9.670498725272952401e-01 5.251629578260351705e-01
-1.007353520658950785e+00 5.759901891760635939e-01
-9.968419009807432118e-01 6.140571458997714505e-01
-6.166643657236572373e-01 1.401609761449082781e+00
-4.488327917828122682e-01 1.382801165122955478e+00
-4.299961250370017973e-01 1.533832545846345985e+00
-9.167319812376140131e-01 1.296628335693736922e+00
-2.478451237892612680e-01 8.574680935561684869e-01
-1.699226359644391282e+00 1.122527247178998350e-01
-1.662445236491300715e+00 2.195754117222460389e-01
-1.949983955516764400e+00 3.212123464484475388e-01
-1.896737700360195955e+00 4.466134176425926028e-01
-1.815074710088606214e+00 3.969137551415810039e-01
-1.992349821807574806e+00 3.662154338291420119e-01
-1.968053214991537070e+00 3.983019151156763638e-01
-2.051147338924884878e+00 1.677764101742054426e-01
-1.508627261079703130e+00 1.503392039763493393e-01
-1.558280980887001732e+00 1.854177542547006952e-01
-1.557655503855235990e+00 2.277467021617227416e-01
-1.597527820958738687e+00 3.009390123622641133e-01
-1.647519476318370923e+00 3.034362376102868741e-01
-1.616968737471490281e+00 3.405323547725394584e-01
-1.560667089365123328e+00 3.531034329111843451e-01
-1.678339125698367518e+00 3.403615380577305616e-01
-1.762616832034634040e+00 3.856464331171547411e-01
-1.816313323077790143e+00 4.710534382516236573e-01
-1.844368091086509898e+00 5.073601797100125710e-01
-1.812073781368671144e+00 5.397662983789626168e-01
-1.784033010901959981e+00 5.019851633352812037e-01
-1.624958124758076883e+00 7.577739712722278975e-01
-1.558151159314802525e+00 -3.293337880140863594e-01
-1.361809920963927167e+00 -4.300096127656233280e-01
-1.965701372187861340e+00 2.159862148232290918e-02
-1.789444854876585778e+00 -1.641333162601945894e-01
-9.677363908929170755e-01 -4.061401137747926438e-01
-8.434078849006708678e-01 -3.364354446420581013e-01
-8.300728914765576061e-01 -2.347300503339569133e-01
-5.972789321295441933e-01 -5.249879863268805957e-01
-4.223622822286438594e-01 -1.227457287475851588e+00
-5.863281146624848006e-01 -1.014888380001000900e+00
7.740310546566459005e-02 -1.549854602703976791e+00
-1.974734885981301036e-01 -1.428236880149503785e+00
3.664319590644427027e-01 7.987675037293894276e-01
3.885483155176694403e-01 9.150749750366334867e-01
2.606020370147424381e-01 7.329791284584016298e-01
8.306962864420451564e-02 7.026028863875333208e-01
-7.228246947866485625e-03 7.415437900169948859e-01
-1.931745093594477158e-01 1.289889855392151619e+00
-8.793112583943944738e-02 1.305596725993031670e+00
-1.943166803845176038e-01 1.494124244184351191e+00
2.575330456993083494e-01 9.984263052318048670e-01
3.006889630824999826e-01 1.123429082725361239e+00
7.564946020304154084e-01 -7.053191608058913264e-02
6.410106336116281334e-01 7.159654228619197203e-02
5.765151753637580700e-01 3.184700849195298278e-01
7.614073424398488665e-01 2.539626488044618990e-01
5.890273264216990823e-01 4.646945926361897850e-01
1.661084390578131620e+00 7.406532846439924100e-02
1.545629940183034678e+00 1.704857528562417346e-01
1.598355126963797668e+00 1.530425667699036596e-01
1.662265970400129467e+00 2.649685471465982808e-02
1.733370628297645766e+00 -6.177023666859621925e-02
1.574648039058610172e+00 -1.265155921785097726e-01
1.590137588125062784e+00 -9.174270653210842008e-02
1.601905048761113060e+00 -5.346157436917137185e-02
1.536635151218321838e+00 -7.715602131639821837e-02
1.487486165165083474e+00 -7.042289542415171300e-02
1.394389902884909826e+00 -6.115228959381520391e-02
1.512022466023243306e+00 2.184351323466566797e-01
1.480948622069796938e+00 2.687218800844434763e-01
1.428540164158558667e+00 2.837419799354683470e-01
1.401035080455239390e+00 2.571944204474368445e-01
1.504282553444952653e+00 2.980297765453061576e-01
1.404634534423533365e+00 1.503176472654286500e-01
1.433800906533193809e+00 2.084780651496919435e-01
1.351097227212919583e+00 1.933873024754713399e-01
1.360305450396401605e+00 1.411880251813573961e-01
1.317320703861254660e+00 1.700299225778842960e-01
1.410568528068312011e+00 1.393748771635710919e-02
1.414930321124231893e+00 5.922218982554602884e-02
1.368063124525469521e+00 5.337003832003348047e-02
1.366400778648289460e+00 9.673907236363088469e-02
1.352603808035889088e+00 -2.701059926188363602e-02
1.310444558004317139e+00 -3.432819616145807440e-02
1.563348683419472529e+00 -6.239330007305237125e-01
1.865988230079334009e+00 -3.880642140928608486e-01
1.749940158532783396e+00 -5.212786366960417972e-01
-9.226175365532471861e-01 -5.818719763899236064e-01
-8.146183176602264098e-01 -5.704852865224554481e-01
-1.076500078027444518e+00 -4.702747016382373690e-01
-8.317032348240731565e-01 -6.064948972840060737e-01
-1.133928869299251518e+00 7.397195080164281622e-01
-1.414289354994065606e+00 8.528821939742290414e-01
-2.748700800751335271e-01 7.071886748343314544e-01
-9.652255513963119427e-01 1.239980150433312556e+00
-1.712641254256024759e+00 2.609419130651264296e-01
-1.859182504731018204e+00 3.015356210942776172e-01
-1.876678517146899594e+00 3.432155902897726096e-01
-1.760574156444158156e+00 3.010082242478063774e-01
-1.506045839397067931e+00 2.794385822778150397e-01
-1.725075361964204523e+00 4.987076348723275543e-01
-1.735620515416575804e+00 7.053260397468411602e-01
-1.432134319418947976e+00 -3.970360225914197905e-01
-5.097927442191392267e-01 -1.119462443613028269e+00
-4.299868145605945796e-02 -1.511072787361085190e+00
-1.440574574270800934e-01 1.257124784575679000e+00
5.349995642371363491e-01 4.945594371877602979e-01
1.492236367994987489e+00 1.276454270334892172e-01
1.619755959096877529e+00 2.966214472087472243e-02
1.548147333435994311e+00 -3.796266590616467068e-02
1.534188331538409278e+00 4.074302489636366653e-02
1.285902753249104080e+00 9.409757308211895432e-02
1.317024755708228856e+00 5.167203519676338841e-02
1.261789594820137195e+00 5.242223265155095124e-02
1.359294141603151207e+00 4.096960853500135613e-01
1.424945570559044361e+00 4.675060811302161334e-01
1.475945124062444380e+00 -6.689594876600980511e-01
1.820592995023669447e+00 -4.606198629869407979e-01
3.575585773777697485e-01 -1.542868367068410906e+00
8.894384673414086340e-01 -1.297371419843448503e+00
5.383486003945846532e-01 5.813146044951994496e-01
1.007737855674251337e+00 -7.595303820790967331e-01
-8.623847141797920113e-01 -4.949934248067731635e-01
-9.217952200383934258e-01 -5.033609331012521837e-01
-8.555031608051435477e-01 -4.108306478551346230e-01
-3.047661550459919710e-01 -1.346200122711697311e+00
3.925976148282278588e-01 7.205635796596336906e-01
1.061320948886403798e-01 1.201177120800453135e+00
1.599047901439745623e+00 2.284367409688948525e-01
9.356196454685298258e-01 -5.903635981285187961e-01
6.457159813491678557e-01 -1.432184397216901717e+00
-1.526289731942799710e+00 8.023388484118348929e-01
1.177012142217348956e+00 6.011169374797539211e-01
9.846750161479589369e-01 -1.163529328118310335e+00
-6.002037479763546735e-01 1.291862354764388598e+00
-5.941023199438036917e-01 1.366515776859540399e+00
-5.400714888655345769e-01 1.361324305465339446e+00
-4.582214107792464963e-01 1.418903098737400947e+00
-4.876065133065413670e-01 1.354752400673117307e+00
-1.705788956942872359e+00 1.640141674784162951e-01
-1.844998936250439536e+00 2.160875634579144666e-01
-1.832325560010655829e+00 1.679223666337962551e-01
-1.904649768288278588e+00 2.812105264392234516e-01
-1.906957879095355635e+00 3.849698206655496335e-01
-1.843074637830008911e+00 4.381109107683265336e-01
1.623389374533220630e+00 6.993250626486231802e-02
1.698807302640590988e+00 8.586308436169873270e-02
1.736645367880307989e+00 4.228343410138554748e-02
1.652435702321760180e+00 -6.613450320230948587e-02
1.449830973227593356e+00 -2.373160225395549300e-02
1.460392252374686173e+00 2.326097489116017436e-01
1.448867577641322235e+00 3.179823320094272709e-01
1.536728677899598328e+00 2.480888471233322901e-01
1.400337117104500706e+00 1.888204450749004226e-01
1.451015177373910836e+00 1.600389363337787196e-01
1.310942626288714274e+00 1.305580260313137231e-01
1.271346926973870195e+00 1.745493932499039558e-01
1.290235512495653714e+00 2.120699735158578791e-01
1.409669214964663020e+00 1.061205035761058624e-01
1.357130786255672739e+00 -7.374599030591391657e-02
-1.755685727572992683e+00 2.488209896618358286e-01
-1.820016062580074756e+00 3.230691930367344256e-01
-1.996686154713125161e+00 2.757812966820785139e-01
-8.394223260877035908e-02 1.385405395348896729e+00
1.576324315387050090e+00 3.579646600119128913e-02
1.563295001185037503e+00 -4.359125535494377292e-03
1.508211311082899853e+00 1.542163600189757657e-02
1.338237970259145593e+00 2.750638710465017622e-01
1.253469646021714956e+00 1.395179725804428783e-01
-2.096253768789529737e+00 4.067785846463834454e-01
1.471698308736409277e+00 4.352267197928342268e-01
-2.031393588005612205e+00 5.228601425899837007e-01
-7.426424550294855598e-01 1.435299060711986430e+00
7.975292815930531964e-02 1.325032547391125082e+00
1.802218279124132128e+00 6.563726855833497409e-02
1.536444669913169747e+00 3.862161017500030380e-01
-6.147993965428570906e-01 1.491519524519559825e+00
-2.089376263826318247e+00 2.996537160608305217e-01
-1.987371771892756600e+00 5.600946081773275909e-01
1.685920114307095430e+00 2.404277089204051865e-01
1.473619750563428976e+00 3.420836893771004306e-01
-2.061757949012962943e+00 4.891942178697991084e-01
1.581787913772170429e+00 1.200523679723810716e-01
1.574284514219695730e+00 3.542522902580076405e-01
-5.757354380493465706e-01 1.505994432539250916e+00
-3.132531947035409325e-02 1.408463322191422895e+00
2.292874886148332791e-01 -3.574586070975809826e-01
-2.228143277444295800e-01 3.768251814719936754e-01
-1.904797414062949334e+00 2.390211180404568092e-01
-1.453389866596183966e+00 3.715709998060781616e-01
-1.734469332634598626e-01 -1.343995088076472388e+00
4.143140628228013655e-01 -5.096840665207327120e-02
1.255424018551912990e+00 2.584347711928722258e-01
-1.224549326602737853e+00 8.449681548238726636e-01
4.452034016335509325e-01 -2.229443344158938412e-01
1.397223929689517807e-01 3.030242053513400036e-01
-5.567311852254130944e-01 5.658539208247544139e-02
1.728164510869494019e-01 6.038893084841177039e-01
-1.179282876684589976e+00 -4.530025205106491537e-01
-5.326545953404495659e-01 1.191598112157018080e-01
-4.769364598722927728e-01 2.712633916287843228e-03
-4.889552026723782419e-01 -9.114753212892386103e-02
-4.724052162078052897e-01 1.284139353488498392e+00
-4.064310335721602052e-01 1.276689902183180569e+00
-5.036885769225712961e-01 1.472933427045386656e+00
-1.507339870844964791e+00 3.630389192313820956e-01
4.083193637772106199e-02 -1.118415260355152041e+00
9.988851268484313928e-02 -9.445075206111880339e-01
1.223343080138434402e+00 -5.245680938957521938e-02
-4.861435698148638407e-01 3.119905701246098451e-01
-5.185681536791634239e-01 1.978000286623458892e-01
1.693906804059092663e-01 -1.090665936193651708e+00
4.492935658911678676e-01 1.633857480320601713e-02
1.454402594550943562e+00 -1.473815135238571161e-01
3.112482370073488269e-01 8.703437653385923123e-03
2.723337977018823741e-01 -4.438183616770414730e-01
-6.589979103968475194e-01 1.302466982015537678e+00
-1.493884102498521105e-01 -1.053016388785379176e+00
1.060510709965770682e-01 -1.473197747372265942e+00
-1.018597050668565290e-01 -1.408001094043505041e+00
-3.185035807974082728e-02 -9.645480840891781371e-01
-4.099832653027650486e-02 1.272603657737698457e+00
1.326431766167037063e+00 -1.813229514266353481e-01
7.938505737790223504e-01 -1.255634262288619629e+00
5.516441147854845850e-01 8.210279516644491959e-01
-1.057439747672484387e+00 8.238658967904249897e-01
-3.909424313470037937e-01 -2.442340856477369926e-01
4.778935653552956464e-01 -3.639227246649485159e-01
3.046580129913634138e-01 2.493487099189263534e-01
-1.509997698014768241e+00 2.355257927203025792e-01
-3.682516383387591380e-02 -9.239358134392148258e-01
6.064990000914120827e-02 -1.491259590531860635e+00
2.171698855583218402e-01 -1.103711850766797564e+00
5.073038431688079442e-01 -1.300212897091165831e-01
1.683544441311129347e+00 -4.836645597785028117e-01
-1.510345348135436472e-01 6.618916417597122681e-01
-9.173403659750589689e-01 8.872145210865797216e-01
-1.421802223494525119e+00 2.197444909448203476e-01
-1.680392893033535895e+00 -1.952168995183713729e-01
-5.298580859606736304e-01 -4.142758209565996497e-01
1.438770576196693463e-01 -9.287683968156171810e-01
-1.918863605779792536e-01 -1.230071581195284924e+00
1.184618880820155762e-01 -1.301029870357279350e+00
-7.261514065702610876e-02 -9.797310542047009685e-01
1.217478447172968492e+00 1.801429822705313821e-01
1.324906163146994054e+00 -1.348211870442441174e-01
1.815874295265228477e+00 -3.321330362117925206e-01
2.778809381752739838e-01 -1.208413006798995104e+00
3.474446622053152245e-01 -1.134523833735517906e+00
-1.456658904331160853e+00 2.880567392338446719e-01
-1.634721802412968383e+00 4.617263548488599878e-01
-1.379401944234173616e+00 -3.492668144958204213e-01
-1.573371066362845072e+00 5.753342822489199843e-02
1.378633115247428709e+00 -1.745141016156347702e-01
1.406991612371260025e+00 -1.467170212155894937e-01
7.869333346321757405e-01 7.032985129160733706e-01
1.118072859606708436e+00 -8.761645342632252698e-01
9.945062511913221881e-01 -1.120264926267226624e+00
-5.124435805554522494e-01 1.321333511437606800e+00
-3.968332226156097708e-01 1.317333915893180496e+00
1.169813343483404149e-02 1.276534585549470080e+00
6.097467363563808390e-02 1.239644117041280635e+00
-1.908683097733482326e+00 5.070136557417526113e-01
1.325969504947080435e-01 -8.480096979266463775e-01
3.593100399811139933e-01 9.958560409066564700e-01
1.386365149303215638e+00 -6.002310510205073335e-01
2.636645659258462504e-01 -1.012151848611038352e+00
1.639396793157317234e+00 -1.055659837502165438e-01
1.778329911033655897e+00 -6.034872797847996156e-02
-1.629896114511261151e+00 5.326890072754809635e-01
-1.939117801819496779e-04 -1.137351198570288879e+00
2.867944509151447718e-01 -2.401551661209131161e-01
-1.028603216205679349e-01 1.046112792220246362e-01
2.046734847490209730e-01 -1.487489258223160027e+00
-1.501759391266371813e-01 -2.920297833965759815e-01
-4.815494026602500366e-01 9.320164536426125967e-02
-3.956249224869600595e-02 4.069168577194945957e-01
-1.452879124385509257e+00 1.557839152558021245e-01
9.305931337520424729e-02 -1.137378361356933487e+00
2.524148911583643518e-01 -9.676793282278064456e-01
3.891534349934757109e-01 5.087481921422415398e-02
-4.956623275022782882e-01 2.735965450951952094e-01
-8.846941026206972883e-03 3.359210016948226962e-01
1.835302875664332478e-01 -1.223865435912016020e+00
-1.510725867951871360e+00 7.168043451358073748e-01
1.889119487347195037e-01 -3.864036172054278739e-01
2.658606031795502367e-01 -3.262312479684277289e-01
4.472859123774998724e-01 -4.736945585163824801e-01
-5.257329148844093192e-01 -1.130336055716037041e-01
-1.786570918647792272e+00 1.377412890520390287e-01
2.452951872327173780e-02 -1.215973777707583192e+00
1.468118964589021913e-01 -1.152837617513893242e+00
-1.975795956278787041e-02 -1.050826320473765341e+00
1.802496962170023531e+00 -1.474637453923133001e-01
1.173554681074173267e+00 6.764981831159191938e-02
8.320072536942237917e-01 -4.900465582029794875e-01
2.107216262363386938e-01 -9.891461080351444668e-01
3.800113066762444980e-01 -1.100901590622630266e+00
-1.348547262087892884e+00 2.316650750134794101e-01
2.745493973493706164e-01 -1.287246447113847170e+00
3.120913145232111566e-02 -1.073769941819955109e+00
2.386763586735550502e-01 1.116470502773710516e+00
6.447530170570114905e-01 4.879630112919285945e-01
1.554139330966452848e+00 -1.963838451884711012e-01
1.172026220435695265e+00 -1.876526191061298268e-02
1.277070726034885695e+00 -1.405217300186050178e-01
5.322780601215107987e-01 -1.403598343319459651e+00
7.075186590992754709e-01 -1.296896876757365202e+00
-5.314909111184677043e-02 -1.112074410025983173e+00
1.675947289732946932e-01 -1.049801323297807620e+00
1.550839480516055024e+00 -1.547788607685948725e-01
-1.613350147018647540e+00 1.808808359034028146e-01
1.801956414199527678e+00 -3.690552126000702926e-01
-1.556359198664629018e+00 3.112890688770040826e-01
5.967174228165356142e-01 -1.398409577636373857e+00
7.601878068855923154e-02 -1.095197015057505441e+00
2.162549289618130588e-01 -1.030634298015143280e+00
-1.864605236158790591e-01 -1.065025115209516482e+00
5.107554784689065652e-01 -7.557107439584377986e-03
2.665225166792251077e-01 -1.096635304692161750e+00
-4.852264277967138079e-02 -4.443185441148565507e-01
-5.433423021240616491e-01 -6.422977552642031296e-02
4.124140250479309544e-01 5.958853395577782264e-01
-3.456771905255440203e-01 1.447943334631405454e+00
-1.655964497939375057e+00 7.372803251210822972e-02
-1.427360267523642978e+00 3.543678763449107511e-02
2.001172597898478733e-01 -9.485791718879573731e-01
1.186174125724922535e+00 2.230359184347571744e-01
7.185599732702394604e-01 -8.126830923994134981e-01
2.959529039570169551e-01 -9.409398458593809522e-01
-4.201543112041944417e-02 1.184622486586458301e+00
9.001965785541659049e-01 6.685020968978080402e-01
1.817250356320305738e+00 -1.034576682272113496e-01
-2.856068001887085428e-01 1.446619018812479673e+00
1.767869324669971487e+00 -9.725074194940794628e-03
1.401747732080377506e+00 -6.413157556156559025e-01
3.058991262828754665e-01 -1.505210872757795526e+00
-1.961587894363370221e+00 5.110980548197823214e-01
1.710837757323152797e+00 -4.180713586500311996e-01
-1.123858582397914363e+00 5.769973060820881017e-01
3.208914398775369325e-01 -1.171982960723762845e+00
-2.479666155447077247e-01 -2.338616731867610155e-01
1.227615890276400723e+00 -1.014309148406528915e-01
1.080167760750206374e-01 2.460085428725110046e-01
-2.407391780530192260e-02 -1.007983297861552163e+00
5.077336438239367089e-01 -8.574620606278508805e-02
1.133759705150299890e+00 2.269513920310656796e-01
-1.024894897100444791e+00 9.366583441102567242e-01
-1.513122140240603208e+00 7.555129765019958921e-01
-1.771034619701095769e+00 6.355943620229186353e-01
4.801071662674497031e-01 -1.434183108157672804e+00
1.682014336165656987e+00 1.396223109150150909e-01
-1.901829517510032375e+00 2.701811440508774392e-02
-9.669308247036795256e-01 -1.260629805795454583e-01
6.532133968968458770e-01 7.728477476456765416e-01
1.011338301098457571e+00 -1.077528379777790812e+00
-1.004948889076724194e+00 8.862506993019623192e-01
1.885067380473929299e-01 4.745752053939525927e-01
-6.718338339534364323e-01 5.791268439827005343e-01
-5.919845102263215919e-01 7.398103438067387128e-01
-1.058746857474635705e+00 9.225078003667233184e-06
-8.714364951361802669e-01 7.751221486518897752e-01
-1.539547429761087605e+00 -3.741576106700508081e-02
-9.367517547018299195e-01 1.182495278314941389e+00
-1.572786212825047603e+00 -2.385511455001755043e-01
-3.892567616026679778e-01 1.471925349696018070e+00
1.063091048253668403e+00 6.044846012383316980e-01
1.120908383943718833e+00 5.755308513241451651e-01
-1.614289042433062926e+00 7.071093308145913747e-01
-2.968313158367629212e-01 1.270861053993863621e+00
2.420077602148665644e-02 1.109526332608012034e+00
8.510251593832197647e-01 6.954623776499260224e-01
1.102159352680899485e+00 -8.258417033782690098e-01
7.423645512548335823e-01 -9.157503664192063741e-01
6.553027579190413565e-01 7.285761963341736980e-01
-1.985450552487657339e+00 4.390956404361857079e-01
1.984831674794063361e-01 1.155131792943372870e+00
1.735055340760052855e+00 9.230439607627931309e-02
6.227721199018020071e-02 1.278900819162198887e+00
1.618238143785353467e+00 2.501253303351912982e-01
-1.514036346978712977e-01 -1.382461235107276476e+00
-1.665818964651455403e+00 6.843855017327058476e-01
-1.213656418307358154e+00 -4.203248216041517438e-01
-2.010500664076693145e+00 2.011886800669314135e-01
1.310411114494246743e+00 4.852843129567946945e-01
-8.315514144725942858e-01 -6.480798604494716342e-01
-1.990026164629540573e-01 -1.372974501818745141e+00
1.361457955533340591e+00 4.503421550147323482e-01
-7.391340378731255933e-01 1.351081610804304667e+00
-1.626342355327633493e+00 -2.006119288143153323e-01
-1.939175883087831398e+00 4.717059122030748952e-01
-9.041843836109324517e-01 1.213695133329147469e+00
-1.860432676896950133e+00 -2.135726226017133425e-02
-5.687153238754332207e-01 -9.069142665017686511e-01
-5.859490989501211500e-01 1.436537662181641473e+00
-1.308707008422594908e+00 8.499073525678004781e-01
3.952347392951435778e-01 9.613759875306132630e-01
1.804898721225162594e+00 -2.000206387653283013e-01
1.089799221269288187e+00 -9.437662837868715515e-01
1.538088204082309340e-01 -1.489630083942103500e+00
-1.067622904473046530e+00 9.675060669998524210e-01
-7.716415102383472613e-01 1.315418472080683410e+00
-1.591974614311411074e-01 5.122086146265545370e-01
1.115020988440191818e+00 -9.181226280281049590e-01
-1.371770971931550731e+00 8.002018231604745013e-01
1.780452642747987646e+00 -4.022135640758151554e-01
1.181709199583431680e+00 -7.835236794331364996e-01
-1.026143415316129515e+00 -5.268954642018770507e-01
-1.518431061122240688e+00 -2.752893376840017114e-01
1.252019248277444152e+00 5.178254927430103738e-01
1.685308565696899352e+00 -4.474474985965901097e-01
-1.063359775509705507e+00 1.010937972087363468e+00
1.570929934456951893e-01 1.196920554487233446e+00
1.651099630005981478e+00 -5.116243915542288967e-01
1.535460318221151116e-02 1.318374477616241380e+00
-6.545715470527737612e-01 -8.430174358384069366e-01
1.579476765771449021e+00 2.997526378864016072e-01
-1.566120869603623067e+00 7.321190942995819961e-01
-3.342043146538509202e-01 -1.264733566672068488e+00
-5.362357199744473002e-01 -1.005940109566126894e+00
1.088871523012362452e+00 -3.876970098660415531e-01
-2.040002195271990004e+00 3.111183905111196135e-01
-1.772101196648766308e+00 -1.130509626324308764e-01
-1.991661535110949011e+00 2.279028394851916328e-01
-2.537159688140895875e-01 1.467615649845677828e+00
-9.206481235432428800e-02 -1.441340870869933344e+00
1.569133696786275234e+00 -5.481730194591115657e-01
-7.772097758267725309e-01 -6.905573884138188623e-01
5.426603546606104667e-01 -1.434435542490015925e+00
7.485737548717714684e-01 -1.317311428780051807e+00
-1.489077513954817911e-01 -1.413262964486320383e+00
1.466979856284165606e+00 3.808476302618780673e-01
-5.755333952014241028e-01 -9.524224062709514271e-01
-1.171550963870500395e+00 8.998814453500448840e-01
4.316408735999629487e-01 9.347283183912995508e-01
-1.271558013615651017e+00 8.191535321214741261e-01
8.366025611553472574e-01 -1.268184206718696805e+00
-5.525978079877571503e-01 1.459853173308876206e+00
-2.037176087618709275e+00 3.619287275280832494e-01
-4.525075884710048901e-02 -1.434077726271119291e+00
1.656754516863423010e+00 1.970057542464119793e-01
-1.464755812112137567e+00 7.446765827704069363e-01
-4.587243820755054213e-01 1.456128552011549004e+00
-1.466336966472584269e+00 -3.161025575605330151e-01
6.981030536535038911e-01 -1.343264352790035643e+00
1.037148794084247205e+00 -1.043188040486278112e+00
7.007299590794956456e-01 7.576613813442428791e-01
-1.813283464571535442e+00 -6.760438400824680949e-02
1.116664267420102441e-01 1.237556307677812439e+00
-6.422482331731703686e-01 1.431075188164916190e+00
-6.130263397787707458e-01 -9.006473971259232325e-01
8.955112651969075743e-02 1.029823199584163129e+00
-1.011938430763192898e+00 1.072891824989469001e+00
4.771046923827755304e-01 9.104973537360528946e-01
1.191984440975529802e+00 5.515447255359943179e-01
-1.147891816594063030e+00 9.326125075679301268e-01
1.064774759206100541e+00 -9.692294856503971268e-01
-8.192460527361155043e-01 1.324221364019034342e+00
1.499000829494282039e+00 -6.028094517327223789e-01
-1.264141117634379308e+00 8.688725359191141751e-01
-1.731514057813663188e+00 -1.549099120258395357e-01
1.309984797764013331e+00 -6.862750934137265002e-01
-1.927410197285449378e+00 5.419391496143823872e-01
-1.974084783535969168e+00 1.068097083262616459e-01
-1.350184060168074796e+00 -3.810599520459458378e-01
-1.994565819876077173e+00 4.797264224439297120e-01
-1.714137829269691604e+00 6.598697961620515473e-01
1.532318311440977299e+00 -5.751822315312432599e-01
-1.934864983947409023e+00 6.599914224257340256e-02
6.516373675897291218e-01 -1.374235313809224923e+00
-2.023824443518825067e+00 4.051609779777263776e-01
-7.422815797461775889e-01 -7.381042202393905960e-01
1.819282766066830703e+00 -2.514996305944925403e-01
-1.464168436814682339e+00 7.784266645512172289e-01
-1.123796814904736374e+00 9.626476515063350226e-01
1.755604952385101836e+00 -4.334547585907298495e-01
-1.417248288961608260e+00 -3.535370003722859145e-01
6.051953543424622994e-01 8.291348819572054163e-01
1.147324951884048483e+00 -8.455538331410780151e-01
1.618567422318020865e+00 -5.398293200957320348e-01
2.447692148109996135e-01 -1.516424036212759230e+00
1.800630975414692914e-01 -1.519338411234805619e+00
-7.857437154035661342e-01 1.348150803338194592e+00
-3.662323202375593612e-01 -1.218241870012636952e+00
-1.338863088178690042e+00 8.258695700956164565e-01
-2.032027796268610409e+00 2.598661591617582589e-01
1.414798332283513149e+00 4.158109586159676185e-01
1.180393124612685529e+00 -8.227822148632709665e-01
-6.741745766543862928e-01 1.407437451386385652e+00
1.776492406115703027e+00 3.131793243702669927e-02
4.267009396885483863e-01 -1.472232825485785712e+00
-1.247465225770391761e+00 -4.385357218325913187e-01
-2.266969372046057363e-01 -1.323997379670102337e+00
-7.087873269720924574e-01 1.382326167784215576e+00
1.086302824948787382e+00 -1.007103332032473153e+00
1.263721849861860980e+00 -7.440479333605283241e-01
1.803418183926213780e+00 -3.765311912708561165e-02
-9.984197384311170875e-01 1.114820024988174341e+00
5.175943560631545148e-01 8.874075928600938523e-01
-1.574064415359193170e+00 -2.754137157454601414e-01
-1.222416238157862933e+00 8.921663019383422322e-01
-4.175949875349099782e-01 -1.171307532456991707e+00
-2.024032115164046797e+00 4.480713338673476542e-01
7.945986657595026648e-01 -1.298026059488459838e+00
1.019682202748542377e+00 -1.145840620585083292e+00
1.038139873955160164e+00 -1.113483125137666452e+00
-1.947992333983987467e-01 1.447212996313696820e+00
1.836243695849210766e+00 -1.654935443262817163e-01
-1.843057669451124259e+00 5.766783099125964984e-01
-1.346897130576909796e-01 1.418439557604666890e+00
-8.651683265077041440e-01 1.277189584893820173e+00
8.761331481098344476e-01 -1.250956453728369056e+00
-3.746212672325775761e-02 -1.470404176987758049e+00
1.873867474355462096e-02 -1.498184249622797060e+00
-4.465578300908746301e-01 1.488381469218590381e+00
-1.127467724372616553e+00 -4.788946238509662057e-01
-1.307422365039579759e+00 -4.153667749713584878e-01
1.708047486163952966e+00 1.508636624470299226e-01
-1.519954150867006470e+00 -3.107144625395358850e-01
-3.850217264407975737e-01 1.495217886135249419e+00
1.053849282999924197e+00 -1.081164503554924661e+00
-1.627449908245696353e+00 -2.356854860808035301e-01
1.846785643631880358e+00 -2.247447917291680308e-01
1.168514227605160632e-01 -1.511871592728632363e+00
-1.424276490270216078e+00 8.025162706465843732e-01
-1.046507486475850124e+00 1.047363455952050382e+00
1.838122959197566075e+00 -3.005272981781724195e-01
1.223076235855562466e+00 -7.649593083907841873e-01
7.367676948876140663e-01 -1.352294869822419976e+00
7.505711778741267493e-01 7.411325429696452582e-01
-1.847881122310753188e+00 -6.210633616463788476e-02
-2.468526268584016470e-01 -1.344224492407718019e+00
-1.893946395537028149e+00 5.721622412280324976e-01
-1.100947537127866527e+00 9.920952921956837089e-01
8.055995653817611402e-01 7.236413961741359202e-01
6.431818704695219102e-01 8.054515876641470395e-01
1.726974915233707497e+00 -4.653444993260045237e-01
4.865223950047680712e-01 -1.463137387556198377e+00
1.010678736914054854e+00 6.368922101099030453e-01
-7.712908020392178488e-01 1.372447900156424705e+00
