1.472065226836615670e+00 9.883916752694841268e-01
1.452671949746451974e+00 1.005866873800720818e+00
1.406134740495410540e+00 9.974381133500558327e-01
1.405686634731825535e+00 9.977961882282108119e-01
1.407666728780990750e+00 1.001700089106565716e+00
1.434764671452931628e+00 9.983071425046586844e-01
1.485316565974597713e+00 9.997796822610430789e-01
1.431657707476088115e+00 1.000333612932559291e+00
1.446204681588268315e+00 9.989475203516546831e-01
1.412956207973956602e+00 1.000358844045794005e+00
1.408474994954278969e+00 1.001723530238357807e+00
1.460644212543790177e+00 9.978833189688923744e-01
1.487574549099802912e+00 9.942559553039904685e-01
1.486874793205435807e+00 9.940085085527915476e-01
1.486544202309647789e+00 9.967761671440928950e-01
1.455335554181038216e+00 9.992836932252008308e-01
1.487803897405590492e+00 1.005600790346739659e+00
1.486713794029489888e+00 9.975504680576350314e-01
1.486506298069793175e+00 9.980706475631010433e-01
1.473921545960666490e+00 9.987170592080969467e-01
1.468413235543165829e+00 9.962923021203652363e-01
1.488102025591957256e+00 1.001751144677197614e+00
1.420422426904336399e+00 1.000309444151594063e+00
1.473098230440408773e+00 1.008922735850793950e+00
1.487343119527208879e+00 9.976321211099106190e-01
1.415626068665697845e+00 9.934984898670596865e-01
1.405902791335550406e+00 9.961259284365659994e-01
1.480302601821637198e+00 9.917816362858523638e-01
1.470749593543289269e+00 1.000039870265559294e+00
1.486895363875276432e+00 1.001239753790154952e+00
1.486325814584893878e+00 1.000515212562951950e+00
1.485999208597469590e+00 9.998036209816941744e-01
1.474416948416445106e+00 9.958558637118593015e-01
1.483586244985603875e+00 1.006432564915992867e+00
1.477294783807943102e+00 9.961110094909036983e-01
1.476914035227841371e+00 1.002319184743123204e+00
1.455921296394905751e+00 9.940770175408907283e-01
1.486071390356947131e+00 1.004431620709313133e+00
1.433088624222378371e+00 9.992081568727094742e-01
1.479106695802233418e+00 9.998452548432267273e-01
1.415084287573575628e+00 1.000275685627686428e+00
1.441412640145882218e+00 1.000551210476788189e+00
1.453002569178919456e+00 9.971720257552376676e-01
1.408475029662182187e+00 1.000977061913423061e+00
1.423783931792624857e+00 1.000951678547181256e+00
1.482550115021549431e+00 9.915942388422342990e-01
1.403909505665044799e+00 1.003286800869534590e+00
1.486518628636062322e+00 9.988750512493214107e-01
1.476577238164076045e+00 9.987043834926951913e-01
1.481841853943668852e+00 9.999495475999213845e-01
1.440997779788096844e+00 9.998449292697196844e-01
1.460577922556705932e+00 9.956784567642390504e-01
1.487824719279511321e+00 1.000867529069262130e+00
1.483431272456886552e+00 1.001448565417922820e+00
1.477362731365355453e+00 9.974270177713349117e-01
1.481756562419224599e+00 9.991255177862525816e-01
1.432940881370535324e+00 9.995504431065332929e-01
1.463037712872562013e+00 9.989112583211812169e-01
1.469828056466880417e+00 1.000130294690528610e+00
1.435694830521971443e+00 1.000310658564774080e+00
1.486236314904301192e+00 9.997288562343441543e-01
1.478951763530853114e+00 1.003306776590730198e+00
1.474066588905798891e+00 9.998793038990296811e-01
1.486018515574612175e+00 9.983868757142819739e-01
1.476915438943103398e+00 1.003966233982452438e+00
1.479549383810104812e+00 1.003555414255336675e+00
1.473426866460286755e+00 1.001380612192469544e+00
1.486151234599397908e+00 9.996416902407586624e-01
1.478455249277300432e+00 9.981683943671233461e-01
1.473136039033182909e+00 9.969029912232535429e-01
1.483978479932382077e+00 1.000354166139814538e+00
1.486178230646943099e+00 9.996700659722420612e-01
1.482183168709467980e+00 9.993514186727259219e-01
1.482855852633019555e+00 9.998761112503766757e-01
1.483835966700755016e+00 1.003875104023723264e+00
1.481724593018676206e+00 9.992224752632012930e-01
1.470312672191366188e+00 9.932429511031442004e-01
1.475259286569264194e+00 1.004190137232244595e+00
1.476221705441107757e+00 9.950872823459913086e-01
1.486115468381550286e+00 9.995704354516851131e-01
1.482346676430774890e+00 1.000618740307109622e+00
1.485332028007270599e+00 1.000081041542846716e+00
1.467987168480938021e+00 1.002347357159999897e+00
1.443402621599728208e+00 1.001461384405685662e+00
1.480659715274423860e+00 1.000723726999996677e+00
1.426727990061406048e+00 1.000032986315164019e+00
1.416106610531559840e+00 9.992910198024955726e-01
1.424410026766509407e+00 9.990925653108149174e-01
1.472797231415572172e+00 1.001534125578029677e+00
1.443411080801063839e+00 9.987358190946060699e-01
1.477684220020129002e+00 9.981987568141243994e-01
1.483204967327006685e+00 1.003514441121108103e+00
1.475908141748334179e+00 1.000521297964961143e+00
1.485983192129367580e+00 1.001522528965560932e+00
1.487071427853359662e+00 1.002647436115579049e+00
1.487782538684277345e+00 1.000168468967362889e+00
1.486855516194169669e+00 1.000622742442265345e+00
1.467453904818447619e+00 9.992134570026500739e-01
1.417349731213153552e+00 9.961074060266286168e-01
1.435099828778853892e+00 9.992924100210701654e-01
1.415307799466932526e+00 1.007432168800242334e+00
1.471816982369623217e+00 9.994269692939459215e-01
1.486278915787760502e+00 1.000942624619262311e+00
1.419541880570804659e+00 9.976381832775801373e-01
1.482925692811993823e+00 1.000363601977104500e+00
1.457895554800527016e+00 9.975063470298252133e-01
1.445294486566033543e+00 9.972668769544161815e-01
1.479987446676996887e+00 1.000919174454165228e+00
1.484560538888984427e+00 1.000797097306139083e+00
1.486030105461647599e+00 1.000134872751263559e+00
1.473802609148446185e+00 1.000428733537193304e+00
1.478735730947952298e+00 9.985814470258378428e-01
1.486214355214647842e+00 1.000297053805670577e+00
1.480259679741297907e+00 9.996656329326739643e-01
1.468120155133897153e+00 9.970999493147093551e-01
1.480349772450249235e+00 9.985885027744781928e-01
1.486347979872356451e+00 9.998736566524949465e-01
1.486339075370246121e+00 1.000723954180799957e+00
1.455265775515820925e+00 1.000621578421434510e+00
1.478459726574452349e+00 9.999950946864583079e-01
1.425654632053707349e+00 1.001451892690782941e+00
1.486242873692583233e+00 9.980741972952570373e-01
1.486605483500351044e+00 1.002079195118056543e+00
1.460964965215937328e+00 9.972727803769056987e-01
1.486201628374049788e+00 9.935005988377028086e-01
1.479649935406281536e+00 9.953614865375804976e-01
1.446976013407700101e+00 9.995328641874136055e-01
1.470995135505754225e+00 9.991164517678481349e-01
1.414658425549108367e+00 9.894461619180778822e-01
1.409570938540514184e+00 1.000398986840112858e+00
1.471721877788060739e+00 1.000890885600025593e+00
1.415088774138279604e+00 1.005905018735583578e+00
1.456584903933327624e+00 1.001630691474401536e+00
1.478718379985583420e+00 1.001289304119345802e+00
1.475948449171965660e+00 9.987264579773843520e-01
1.475354855958171285e+00 1.000016641890096425e+00
1.486041672134875036e+00 9.998536899331710304e-01
1.460480817915502882e+00 9.992502336741435620e-01
1.482162757496600536e+00 1.002850420582193758e+00
1.486024469747820653e+00 1.000523031215761582e+00
1.485746766803452079e+00 9.970181079481100772e-01
1.483200231971990579e+00 1.001509819325505868e+00
1.484735772970224188e+00 1.000097570532065827e+00
1.479212820817689344e+00 9.959688596271070171e-01
1.486173084938841482e+00 9.998986345478463322e-01
1.475446873950030824e+00 9.968223455582996273e-01
1.479026271627215117e+00 9.957806259876239574e-01
1.486073950182531522e+00 1.002643735538605529e+00
1.484901572865845898e+00 9.952817697377526196e-01
1.483216889113954329e+00 1.001784585000428329e+00
1.483629401178921281e+00 1.001761107068649848e+00
1.479819654219948877e+00 9.999197496047899092e-01
1.462039164322873175e+00 1.003425780066225181e+00
1.482517546975292699e+00 1.003412868971909067e+00
1.485996676337308697e+00 9.985739195667909796e-01
1.483059862881805913e+00 9.992018267600881742e-01
1.487139292543451896e+00 1.000681158929314973e+00
1.477259189129927375e+00 1.002876536809040875e+00
1.486107468169519219e+00 9.988918003930058465e-01
1.435388253978455486e+00 9.964941199693400087e-01
1.485824704053390288e+00 1.008432184415479549e+00
1.486130599619456261e+00 9.990996710057677976e-01
1.487920177190520166e+00 1.001343888238382052e+00
1.486078380160120505e+00 9.975290182717012621e-01
1.487117668661297687e+00 1.000642763799701296e+00
1.480357604527440030e+00 9.966638751362350002e-01
1.461564381217000275e+00 9.993778908118776672e-01
1.455097050427294203e+00 9.961381427671424094e-01
1.486074651746492892e+00 9.982444135138728303e-01
1.488026664028012647e+00 9.920706303197991405e-01
1.485947676642090709e+00 1.007130615799553430e+00
1.453738181294093268e+00 9.929267806537236396e-01
1.485712754019482551e+00 1.002097891028825183e+00
1.475519340772833310e+00 1.000250320879560340e+00
1.474275939454373630e+00 9.991032662297768541e-01
1.471526390954714936e+00 1.001188122986433005e+00
1.469401986465253884e+00 9.940420930820946799e-01
1.476442512113291583e+00 1.000941336520133174e+00
1.452413938703377205e+00 9.964595840086529766e-01
1.486139037490804338e+00 1.000819783782570971e+00
1.470770433981634095e+00 1.000741182636124549e+00
1.471936989470704837e+00 1.001229188342303456e+00
1.487059710543515489e+00 1.004723716315303994e+00
1.483130082446443065e+00 1.000984496695397130e+00
1.488639950777471022e+00 9.946030600441054803e-01
1.486252342497202950e+00 9.994343701539408764e-01
1.482719691585513200e+00 9.999661907169230535e-01
1.482058949685343352e+00 1.003504907548536940e+00
1.480383389009870765e+00 1.000906279434486512e+00
1.486035290213958859e+00 9.999375962695511433e-01
1.476991942875286457e+00 9.998264015204160193e-01
1.479373254054867415e+00 1.000903044311660439e+00
1.486355452068308880e+00 9.998003943851210273e-01
1.486512778147438096e+00 9.986611608604147872e-01
1.486086461981371176e+00 9.981782559648778586e-01
1.484290021436900142e+00 9.991075324313848371e-01
1.479665674003691533e+00 9.993203797557560497e-01
1.486365451032762852e+00 1.000553603470510700e+00
1.486055686709014889e+00 9.993576263356578337e-01
1.466755026124944239e+00 1.001600569062488955e+00
1.481541997920165610e+00 1.002306094056745644e+00
1.480580772224640018e+00 1.000134957382188938e+00
1.486102080392404545e+00 1.000384514818536630e+00
1.463736739425600897e+00 1.001979987818628182e+00
1.475994831832473375e+00 1.000162470222073940e+00
1.477364886238463404e+00 1.000808228595647220e+00
1.474113346312694084e+00 1.000660044421762152e+00
1.468833045004128923e+00 9.984465224901164504e-01
1.474336826782224774e+00 9.996223811183443386e-01
1.480295847357162575e+00 9.996004156186024669e-01
1.481129492046523000e+00 1.000523222273588031e+00
1.482053643223538941e+00 9.972895733957980458e-01
1.482337719832867329e+00 9.996640429591925336e-01
1.430359242610218518e+00 1.002279472241843550e+00
1.427821312317245184e+00 1.010655724671146283e+00
1.459761904895861662e+00 1.000405507822293982e+00
1.474322943431296329e+00 9.992670987222845858e-01
1.477641704397192113e+00 9.994653844449481461e-01
1.464550618929795656e+00 9.996512327628214178e-01
1.474446036274580596e+00 1.000799459654719614e+00
1.434280504450972771e+00 9.936572476718248392e-01
1.477674032285128725e+00 1.000868064249460065e+00
1.466336383245106623e+00 9.963223845854296545e-01
1.469878737622093423e+00 1.001267501360694645e+00
1.434089899992698758e+00 9.947828236335961583e-01
1.486317114850928656e+00 1.000163924089819689e+00
1.488373072015572118e+00 9.973291304691422887e-01
1.453685730926768560e+00 1.001117517020717163e+00
1.436962858453594949e+00 9.998648860249359505e-01
1.473131785432608476e+00 9.993716382826293154e-01
1.471541897347765859e+00 9.969838715067436130e-01
1.477165638077049037e+00 9.957782270316909434e-01
1.453230595795332203e+00 9.980362760129301014e-01
1.477408786568123578e+00 1.000483421914474036e+00
1.409142122602419889e+00 1.000106692520702278e+00
1.457288942938804510e+00 1.011837726643933344e+00
1.487509833175498120e+00 9.998712085489868118e-01
1.453273503251867105e+00 1.000853211604590953e+00
1.485497103867312818e+00 1.005341871824757316e+00
1.486041983675079337e+00 9.982561631549005110e-01
1.484373554441228649e+00 1.005879974184723746e+00
1.464593127131359696e+00 1.000059917625196970e+00
1.454987579603087333e+00 9.989299738787036365e-01
1.486187813211358399e+00 9.981132465674993348e-01
1.471151271480130918e+00 9.983011870937334997e-01
1.465606432381434843e+00 1.001610358854935212e+00
1.477487141720624120e+00 1.000310570871672855e+00
1.480222879730865415e+00 9.998248282529528241e-01
1.477836380780852554e+00 1.000078605200611426e+00
1.473748764376720644e+00 9.909148722040735935e-01
1.435067203801720703e+00 1.000441768643013374e+00
1.468664495656155866e+00 1.000031871215607771e+00
1.485075927421233954e+00 9.968518216449883118e-01
1.439439606523361226e+00 1.002302730808146691e+00
1.464256717235763894e+00 1.005571596877259388e+00
1.487520622846684182e+00 9.982647184177121380e-01
1.489149380400984546e+00 9.987149972385548358e-01
1.480554273591137227e+00 1.003322409571862250e+00
1.486720638434299913e+00 9.961991482812853071e-01
1.487007758086749787e+00 9.911729562026714291e-01
1.484200146328639169e+00 1.001437581832809176e+00
1.430942247557456692e+00 1.003519122823136378e+00
1.487216345815945306e+00 9.942162929611381150e-01
1.482913332613196911e+00 9.973559825921380906e-01
1.458801117983872686e+00 1.002734882416367101e+00
1.472344567479860089e+00 1.007870559466227611e+00
1.487004813574153816e+00 1.002001048934189287e+00
1.486839717285598050e+00 1.000027193766798383e+00
1.470057799226905493e+00 9.983164140064186842e-01
1.430728666234728719e+00 9.983973474485365873e-01
1.477181245834607859e+00 1.002373516519873942e+00
1.464027700855925485e+00 9.928045965562979358e-01
1.456446250983078006e+00 9.955855384311170786e-01
1.464050491952953115e+00 9.971565317741120094e-01
1.409575504089557674e+00 1.000725545239669056e+00
1.471800480513617115e+00 1.002065575469203162e+00
1.426400006529797260e+00 9.987537170270446296e-01
1.444292539234170558e+00 1.002211911596023075e+00
1.465690105959161604e+00 9.989294583243072401e-01
1.465201580237609935e+00 9.980114386981766561e-01
1.475368037858503012e+00 9.994551578839113715e-01
1.459193047864837611e+00 1.002094022325968670e+00
1.427275798682273500e+00 9.984944108761151238e-01
1.424611022825262863e+00 9.994951502777901231e-01
1.476948700368142520e+00 1.002067400008247233e+00
1.471269170179904995e+00 1.000564852295859897e+00
1.486757123318712015e+00 9.991349992204211494e-01
1.470532858856469893e+00 1.011555067762479387e+00
1.476084843474456454e+00 9.974642094632217848e-01
1.473057980232150621e+00 9.990252863317252707e-01
1.485991269030839002e+00 1.000485000211237097e+00
1.474998713521992189e+00 9.973235371440514196e-01
1.468603683722937703e+00 1.001449458173352625e+00
1.486053213861342925e+00 9.912176083817292316e-01
1.479996019012875808e+00 1.004407295550951762e+00
1.486660099081413833e+00 9.990864127526252192e-01
1.473576358236776684e+00 9.997644353573714726e-01
1.462590568469939623e+00 1.003349560391386452e+00
1.478609388976050099e+00 9.989351565027835278e-01
1.455248387323146320e+00 9.968102924412906019e-01
1.474380212667706580e+00 9.989340981947821829e-01
1.476103972310722101e+00 1.001338293824225234e+00
1.479517751810138337e+00 1.002715134555142606e+00
1.480621811174029023e+00 9.995635020074351562e-01
1.479076714313832808e+00 1.001418063022312621e+00
1.477306909766694432e+00 1.000495268631344636e+00
1.486036090443385582e+00 1.000558163251869193e+00
1.486159783136292489e+00 9.976664102692448521e-01
1.483985342328292489e+00 1.002046676418945292e+00
1.484568895499497998e+00 9.978584198876726541e-01
1.478327922108177317e+00 1.003729143436643767e+00
1.485978185313795441e+00 1.002082135296071153e+00
1.479563197511489125e+00 1.000833425202070304e+00
1.455039845899374962e+00 1.000692453071798216e+00
1.465354767542436099e+00 1.001070643152915940e+00
1.482690331472077183e+00 1.000085913416931760e+00
1.484868433213306638e+00 1.001514609775728815e+00
1.466666239549333728e+00 9.992450284676885897e-01
1.486150674093970281e+00 1.002654627866260251e+00
1.486300919850195523e+00 9.942514550696346376e-01
1.480820971465571567e+00 1.005272192643224871e+00
1.479494736563756740e+00 9.991472181780473028e-01
1.484738050669997422e+00 1.001753845402648890e+00
1.475647209428549766e+00 1.001270970175502484e+00
1.482439727217551573e+00 1.005713891947112471e+00
1.477004203079303357e+00 9.986038299985861011e-01
1.478155798562561074e+00 1.003179743472282892e+00
1.486326072799412312e+00 1.001016757091304887e+00
1.485386903230196287e+00 1.001290802230115462e+00
1.479529221900584002e+00 1.002090888976686411e+00
1.482226713859852163e+00 1.004040160507694290e+00
1.486087194722061966e+00 9.982294444224841801e-01
1.484335937060401678e+00 9.971670694025683845e-01
1.486218546365122517e+00 9.977828815145179941e-01
1.480622820884939017e+00 1.002240809310114722e+00
1.478072612615513481e+00 1.000949240015367891e+00
1.465432756502822453e+00 1.012231591198872627e+00
1.483126354453699003e+00 1.004796186160479055e+00
1.485088706660026459e+00 1.005818831671734470e+00
1.481314336808022158e+00 9.945794548686224257e-01
1.486141777483106718e+00 9.984196772765526751e-01
1.475383182170263874e+00 1.000014579002040938e+00
1.454546141250691704e+00 1.000180652337875120e+00
1.484101748626254658e+00 1.000321376486076552e+00
1.484461300037956955e+00 9.998779192087378087e-01
1.473186085962296055e+00 1.005197091171031287e+00
1.471417632372524098e+00 9.957796639257130433e-01
1.439759844831467461e+00 1.001078761195421718e+00
1.448122302602888878e+00 1.002010823480736335e+00
1.486246320729155856e+00 9.982926570038677117e-01
1.467295452856942850e+00 1.004909920703699777e+00
1.421365545751595905e+00 1.001037582032898721e+00
1.409538893423395445e+00 9.976310325594998085e-01
1.425806293329537455e+00 9.963444003332034837e-01
1.463867923351389821e+00 9.995766303733009117e-01
1.452875280623396437e+00 9.974634836071479826e-01
1.454577964989966388e+00 9.946883847765805031e-01
1.430643367881468508e+00 9.938206763887529327e-01
1.441567791707326851e+00 1.004054726876951076e+00
1.488048983265700231e+00 9.955966915086931213e-01
1.462442236913782390e+00 9.906982197301703597e-01
1.414436408908776199e+00 1.003324466120990577e+00
1.486517594157652500e+00 1.000781583715941059e+00
1.488055536287727021e+00 1.001284471045425173e+00
1.432383546167779631e+00 9.958286168003496197e-01
1.426661684186855794e+00 9.961840019230466803e-01
1.487288241289454804e+00 1.007256873693680665e+00
1.486574620774258060e+00 9.989018533290359159e-01
1.438535872694366446e+00 9.994369744403168720e-01
1.457274603848514483e+00 1.005466293278272305e+00
1.486356004126226926e+00 9.961547997341463345e-01
1.485631815611335282e+00 1.002335143768453118e+00
1.484577744482447281e+00 9.994279610847590645e-01
1.485593504977447576e+00 9.977723947032474117e-01
1.464988967914409912e+00 9.999921912135262270e-01
1.477146487737984737e+00 9.986798388571104246e-01
1.481797667238328842e+00 1.000838308000778554e+00
1.478815441659176555e+00 1.001248953393258034e+00
1.486409589344452886e+00 1.002644739701550769e+00
1.477926104999564449e+00 9.986016227626327568e-01
1.486342572844128629e+00 9.980377462753966533e-01
1.480062383760905931e+00 1.000827421853714982e+00
1.463213488226275949e+00 9.978455422547128917e-01
1.476384071025204525e+00 1.001053888894139821e+00
1.485942123798322800e+00 1.000624214134907541e+00
1.485822987756666658e+00 1.007098964368294380e+00
1.474458572219924379e+00 9.991710072318956692e-01
1.485222969353034106e+00 9.998239540342228615e-01
1.483361968084496718e+00 9.999857180297903048e-01
1.486649028220723201e+00 9.995834432733223807e-01
1.474999406874605290e+00 1.000300014062111886e+00
1.476751052333568071e+00 1.001495804360067909e+00
1.486220564198085681e+00 1.001555006360072442e+00
1.486153868937981404e+00 1.001463621619419486e+00
1.472161669457221933e+00 1.000671663210385365e+00
1.486042694218282945e+00 9.962399569424064127e-01
1.474316835518666435e+00 9.990679638221950931e-01
1.485858099819151068e+00 9.975070299950421493e-01
1.484534345131044653e+00 9.975713303112375696e-01
1.456213992535475343e+00 1.001557988539065525e+00
1.486317770382008296e+00 1.005427842570397301e+00
1.424331973851996613e+00 1.001982967483112219e+00
1.418876720155234139e+00 1.003695666767035366e+00
1.415867915059200621e+00 9.965069526533247846e-01
1.486108891931986253e+00 1.000101686464751838e+00
1.486419222735661627e+00 1.001808657069031661e+00
1.483363189067372634e+00 1.000109712930489225e+00
1.409434048927451499e+00 9.998750376911529347e-01
1.439750801120440959e+00 1.000196409751185733e+00
1.437148528868138264e+00 9.922814974738449756e-01
1.486718126141703733e+00 1.000227619172683990e+00
1.486777139421226357e+00 1.004496941951889655e+00
1.480736962070478446e+00 9.994142939339729637e-01
1.486695749366625074e+00 9.977350251748291488e-01
1.463515993611328891e+00 9.996411138477154790e-01
1.409687639802420511e+00 1.006045431764394982e+00
1.444190681730779469e+00 1.001694205730221832e+00
1.437057032856183580e+00 9.965722683012735450e-01
1.487582141719830719e+00 9.995958332741378127e-01
1.476927036147718697e+00 1.000726628988625633e+00
1.477904217213405591e+00 1.001497295476632132e+00
1.470769031867560805e+00 9.999867410716662963e-01
1.462145836098335927e+00 1.002608825496435152e+00
1.465374255975881335e+00 1.000216295641354058e+00
1.469640239174563767e+00 9.996465594053849379e-01
1.480597588727282421e+00 9.990898561510710429e-01
1.480226172384723649e+00 9.988890298733318351e-01
1.479552081117279316e+00 1.000725910158189125e+00
1.478508056824024752e+00 9.983342252362874536e-01
1.484777383857186939e+00 9.981629628052743897e-01
1.485367325837430696e+00 9.975129831702773675e-01
1.478836529410070710e+00 1.000129325450619389e+00
1.480779299774189983e+00 1.000245722744234733e+00
1.486193933177460291e+00 1.000067999470193980e+00
1.485979379525556032e+00 9.999387671966175617e-01
1.480039310901695826e+00 9.970469669626101927e-01
1.480342827343019030e+00 1.002282301348856652e+00
1.486201415704144324e+00 9.988143361483955429e-01
1.486333914363999309e+00 9.995179790090742422e-01
1.466357435995155889e+00 1.000130590973018929e+00
1.479836758412841347e+00 9.996456590772883066e-01
1.486003761726858219e+00 9.975526314303155839e-01
1.485926802876271102e+00 1.000582719638033691e+00
1.486173940492686585e+00 9.984437441544691261e-01
1.482558409153472923e+00 9.911405397419735808e-01
1.470764612236705071e+00 9.999372124480522261e-01
1.477170258160317440e+00 9.999253790318727297e-01
1.486499085614379601e+00 9.993086533721694531e-01
1.474279985739588072e+00 1.001648291538800306e+00
1.484683469739075168e+00 9.956799019598756573e-01
1.475376402628883588e+00 9.956079994871775973e-01
1.480989741156352180e+00 1.000281419911190017e+00
1.485977484325403442e+00 9.999467176294907222e-01
1.483577227680903388e+00 1.001539173227600887e+00
1.480713492534853293e+00 1.007059659934885998e+00
1.436611187923969357e+00 9.978772395968737996e-01
1.468717940340371175e+00 1.010068850284187914e+00
1.484006782822920645e+00 1.000344683200241835e+00
1.486068768717758504e+00 1.003135681088865860e+00
1.480048909959160719e+00 1.003318404026317667e+00
1.459377000237179089e+00 1.000093345590309823e+00
1.486615813986746693e+00 9.970130591174669599e-01
1.482415440847079546e+00 1.002448286250233078e+00
1.486086506318031741e+00 9.988169856716645478e-01
1.473826481004596456e+00 9.960520326357988896e-01
1.485124874023230790e+00 1.006791112298064395e+00
1.408992663510759247e+00 1.000643964311823009e+00
1.487199822259583026e+00 1.000688112301003629e+00
1.450657130824340113e+00 9.951409887637320262e-01
1.469683757250694667e+00 1.003098809161063754e+00
1.484662887638372508e+00 1.005965532293821907e+00
1.483822717892675502e+00 1.000021214128437030e+00
1.486029621273734946e+00 9.995614341433691763e-01
1.449618876995077965e+00 1.008092363136297021e+00
1.481782127888171541e+00 1.006476905493142615e+00
1.486458046903092356e+00 1.001488066999903115e+00
1.465536029539094454e+00 9.941063754928097795e-01
1.406147293212071325e+00 9.967505271083817453e-01
1.486765193269915963e+00 1.001502540822234666e+00
1.418111310450005602e+00 1.007921250749476583e+00
1.441105880677613804e+00 1.000270652326187948e+00
1.471680776697158022e+00 1.003458272122651040e+00
1.478671385493660617e+00 9.958854812441283455e-01
1.486277548318768460e+00 1.001682040969562371e+00
1.486176752399759771e+00 9.998466984873690677e-01
1.480656379581425819e+00 1.009133146990702334e+00
1.441731789067916214e+00 1.009222397649271130e+00
1.472761963252732897e+00 9.904832155764626833e-01
1.478013423254124215e+00 1.000746231966263888e+00
1.467066815295144266e+00 9.984155266584060495e-01
1.486887380626822797e+00 1.000666593380411751e+00
1.486964451214861427e+00 1.001919495297815432e+00
1.482121024438948664e+00 1.000358870540333900e+00
1.486587486496291799e+00 1.000225814725779427e+00
1.489178179393213952e+00 1.001547441778363856e+00
1.481989557575653205e+00 9.986164734910818463e-01
1.470288478036132052e+00 1.001150920448268478e+00
1.486172097374388601e+00 9.986745090297866057e-01
1.487750937539309204e+00 9.991620097668370004e-01
1.467363760206360501e+00 1.000263354593958987e+00
1.486515547809677429e+00 9.974255632082101863e-01
1.477765585686530825e+00 9.982368444053786316e-01
1.477548584325477421e+00 9.986556105751814849e-01
1.466131138014276303e+00 9.954435673653482253e-01
1.477986281221530751e+00 1.000989019626469467e+00
1.468248690774077270e+00 9.996076152574240314e-01
1.470778810674418624e+00 1.001106880966356361e+00
1.486064640181165464e+00 1.000830715469703813e+00
1.469592414604713682e+00 9.998252098523313647e-01
1.483551569706071271e+00 9.980140484676895962e-01
1.454288708811044994e+00 1.000277606280245202e+00
1.486931151050284061e+00 9.989534532671079381e-01
1.468821219109485821e+00 1.001403986545859714e+00
1.478766641266227921e+00 1.001226485896622220e+00
1.448508033652776250e+00 9.974767190336842893e-01
1.483553237191000074e+00 9.988081760033920009e-01
1.486794500827624876e+00 9.991166619180462671e-01
1.468721292833727210e+00 9.997703681574099388e-01
1.479781406322125958e+00 1.000394146041214682e+00
1.450509701583914124e+00 9.977731566498716509e-01
1.486690617848883678e+00 1.001386066753712889e+00
1.440928749049100732e+00 1.005788778997035227e+00
1.476213054570896466e+00 1.002375853350891299e+00
1.472775381604326750e+00 9.987619321539020767e-01
1.469188294469459199e+00 1.002562783763993437e+00
1.487319682441415214e+00 1.000671850854609968e+00
1.480433935009995761e+00 9.963548957267915895e-01
1.486023137078073209e+00 1.001422772455291765e+00
1.472087319940254435e+00 1.000440008962733884e+00
1.454390425581952195e+00 9.923657209605234453e-01
1.485995641514640253e+00 9.996599509658761207e-01
1.485252170304327768e+00 1.000289742286309291e+00
1.486000062185620862e+00 1.001552900014395453e+00
1.479840805022642813e+00 1.001002652639195967e+00
1.476542791267530852e+00 1.003270357396365053e+00
1.481168454622721731e+00 1.000141819643183938e+00
1.486056806744957770e+00 1.001022384837297663e+00
1.484499136277760867e+00 1.001309997149101738e+00
1.483649156928930513e+00 1.000798958619703916e+00
1.486057980143554058e+00 9.994703183454449746e-01
1.477625987982389422e+00 1.002542111164280714e+00
1.481219424351828406e+00 1.003526501419169881e+00
1.454029465432332247e+00 9.984650790359748118e-01
1.481282451977794956e+00 9.998460408239575603e-01
1.449012775638693684e+00 9.985782376687514228e-01
1.482318256305920956e+00 9.992329467780860508e-01
1.486239137287513001e+00 9.985898120097780328e-01
1.486180999866105967e+00 9.999521956662846822e-01
1.480093756913051672e+00 9.996889665693792226e-01
1.485344691861310906e+00 1.001418649837849673e+00
1.486010271411604355e+00 1.001574880615389240e+00
1.481394708978098773e+00 9.992360690886630259e-01
1.486005357040560693e+00 1.000973875911160826e+00
1.476005530458746717e+00 9.991850026715773936e-01
1.479959886425496585e+00 9.984370286469473887e-01
1.464466543845865276e+00 9.980773936671234470e-01
1.485216138489567905e+00 9.996262538102161921e-01
1.448973116262168181e+00 1.006002153071614114e+00
1.486714693443634605e+00 9.988109797408650792e-01
1.475046942838454722e+00 1.001034818364757051e+00
1.479702601223172431e+00 9.992841063288523396e-01
1.482959477684675509e+00 1.000791873463092729e+00
1.483546475235304696e+00 9.991714098994871618e-01
1.474804945408399570e+00 9.997119866076120687e-01
1.432942977639409365e+00 1.002125193202131115e+00
1.438183085676789652e+00 9.969235362922592714e-01
1.481557297721412425e+00 1.001027356928910317e+00
1.434163463635418578e+00 1.001663755199603267e+00
1.453370327281349184e+00 9.987402264983781253e-01
1.453690957583098520e+00 9.998420046142774131e-01
1.452042222008410599e+00 9.954651558054141702e-01
1.485933116163285161e+00 1.001238685399226336e+00
1.486011999614265555e+00 9.988283351046454150e-01
1.437896983487282121e+00 1.005393903846971693e+00
1.445080810864361354e+00 9.952997857492530409e-01
1.486097306833957132e+00 9.993285447679313149e-01
1.464660258935374104e+00 9.992839823622601259e-01
1.460026569439400790e+00 1.004271264955307608e+00
1.473152426155763584e+00 1.000539818736095876e+00
1.464644314229825994e+00 1.001334684752156035e+00
1.486095289156435184e+00 1.000241957026849038e+00
1.485993909383920730e+00 1.000100136302941811e+00
1.464065361153393363e+00 9.990469270792330381e-01
1.462109802715793050e+00 1.002114859802118341e+00
1.478931327810673046e+00 9.987902262837889955e-01
1.475032166658365895e+00 9.990897350752587780e-01
1.469739914808231962e+00 9.996539536461093167e-01
1.486000741473889830e+00 9.991811112897039937e-01
1.474058643804377233e+00 9.998724737420764397e-01
1.472419673406888840e+00 1.000423640106406165e+00
1.464694533784931085e+00 9.998759622003792202e-01
1.473264159298780074e+00 1.000357920545426715e+00
1.484768914280003349e+00 1.000275673886503291e+00
1.478831735928277213e+00 1.000182635547040233e+00
1.479323719523315983e+00 9.977602731936808800e-01
1.483433769601232521e+00 1.002418472010208728e+00
1.486100778799162025e+00 9.995952303693012020e-01
1.482308845988240975e+00 9.975515086311669277e-01
1.486008344743977805e+00 9.999178024042751911e-01
1.483615371660125248e+00 1.000452093988364100e+00
1.429992992019594400e+00 9.991876505680084009e-01
1.438537899939916098e+00 1.000315806155729570e+00
1.478107661760756031e+00 1.000170173851269606e+00
1.483475682388141870e+00 9.983832948130163532e-01
1.443332500856286948e+00 1.005104249727718946e+00
1.471975066073319960e+00 1.000227142726400009e+00
1.434281008070620089e+00 9.981380852162855533e-01
1.459906997747389523e+00 9.994569386258983501e-01
1.471256035429299613e+00 9.930731249425918117e-01
1.484891294735362077e+00 1.000299567056088357e+00
1.437519400090919719e+00 1.005175512409397287e+00
1.468707864527559526e+00 1.000451960501679727e+00
1.469698215640272032e+00 9.933973916396207082e-01
1.475374780589620904e+00 9.983000085956782454e-01
1.434468485916703839e+00 9.984512401496941081e-01
1.479180555309730360e+00 9.980106360970012469e-01
1.438175708601899361e+00 9.929579310932110658e-01
1.486515532289652164e+00 9.996344136755755949e-01
1.484354469165178880e+00 1.000118995878698014e+00
1.476704632848014898e+00 9.982443448903377536e-01
1.478139629728924653e+00 9.994475245952115783e-01
1.485399007002396576e+00 1.000254972949177201e+00
1.486566545553951402e+00 9.995679063799065567e-01
1.451211116819267843e+00 1.003127896520665585e+00
1.439064571391369896e+00 1.002038060818244869e+00
1.424608521856079113e+00 1.004082211289366811e+00
1.460760848726913252e+00 9.901407924924298110e-01
1.459708631864864659e+00 1.003501277294145622e+00
1.463437958839249209e+00 9.998514961110163135e-01
1.438455888000136795e+00 9.953879582120963576e-01
1.435958351100386388e+00 1.011726705548431360e+00
1.460196153070139502e+00 1.004112812560678414e+00
1.436267042365099389e+00 1.000321055354076227e+00
1.472564330732401006e+00 1.004806170559411571e+00
1.452372091208732785e+00 1.011773148948962309e+00
1.465939739601411107e+00 9.993210965885956920e-01
1.478481644861699973e+00 1.002208813644782870e+00
1.462354913350333074e+00 9.932595472187281116e-01
1.428995013241972201e+00 1.012994580188833149e+00
1.484488314724979441e+00 1.000585020571748140e+00
1.463994462577633104e+00 1.000722274291016456e+00
1.474601355470640973e+00 9.974481120081515328e-01
1.480001014074449506e+00 9.977192330202853121e-01
1.484844994826069575e+00 9.960645211286206502e-01
1.471169061446178095e+00 1.001851345199562537e+00
1.488349604608675048e+00 9.964948947209191221e-01
1.470030978481410289e+00 1.001229111179274822e+00
1.467936222540136226e+00 9.924068430749124481e-01
1.488710154252398388e+00 9.984439272304124202e-01
1.481159250360252422e+00 1.000069166252517627e+00
1.458612797828277463e+00 9.910523095854085751e-01
1.472624712246050072e+00 9.994835829484102208e-01
1.469859484229063984e+00 9.925093752207229114e-01
1.445928892285817113e+00 1.012653273511532337e+00
1.450941905829997935e+00 9.926953052810468803e-01
1.486058657189402554e+00 9.983563375296241604e-01
1.486038350331909452e+00 9.885290313119045047e-01
1.441103829184670282e+00 1.003309448908540791e+00
1.437277459596185025e+00 9.954452138371469028e-01
1.471925657117009623e+00 1.001661467995715427e+00
1.462500866870666494e+00 1.000034437264352594e+00
1.452637310022032224e+00 1.001695706621468673e+00
1.481169626698340291e+00 9.998906074478730588e-01
1.478220572773121688e+00 9.987872104153151520e-01
1.451638336535754137e+00 1.002221355775588130e+00
1.479978348056568027e+00 9.969049659135145180e-01
1.478527792350631476e+00 1.001011282629279853e+00
1.478501062610819039e+00 1.003209913327967495e+00
1.486193680458411048e+00 9.998413489934394605e-01
1.486032762354589476e+00 9.977696496963551764e-01
1.471329723770771203e+00 1.000144656825263878e+00
1.485272504439018260e+00 1.002270298240279578e+00
1.485510634284464171e+00 9.986292967200525172e-01
1.486143109770371451e+00 1.000707385711609998e+00
1.485990966909876310e+00 9.989929308058262958e-01
1.480216793845824164e+00 9.985688124992770920e-01
1.478536451827928921e+00 9.974048566580532293e-01
1.486073007688796466e+00 9.999002630440210204e-01
1.482711738913986776e+00 1.008690111686568081e+00
1.485289769852232045e+00 9.995010501999406216e-01
1.485978221508921671e+00 9.995492861408095120e-01
1.474059889838103876e+00 9.996024852530831506e-01
1.404237731943584810e+00 9.967192984285033752e-01
1.486264295479471143e+00 1.002595998287032941e+00
1.488190630589048435e+00 1.000690986116381520e+00
1.486798614249308370e+00 9.978570049456295665e-01
1.446010212202884615e+00 9.924471885563033169e-01
1.488806886391818463e+00 1.005072434702387829e+00
1.486124639794785152e+00 9.941422565030527680e-01
1.487782776963515241e+00 9.943523662849413913e-01
1.487051636696979262e+00 9.990814212627499025e-01
1.463475774459033651e+00 1.004645524983307503e+00
1.431578341121509279e+00 9.953366875618300247e-01
1.478884897543817356e+00 9.946791379963282331e-01
1.485749592622469972e+00 9.989581307072357141e-01
1.486016180062893710e+00 9.916140240939091965e-01
1.479660550131873364e+00 9.999240806308902219e-01
1.488166792966795215e+00 9.996453462618944963e-01
1.478393298747919360e+00 9.993667685442735316e-01
1.481958985046193389e+00 1.003295028279327150e+00
1.483920981431084307e+00 9.965464376887365194e-01
1.486338175820750118e+00 1.000744023914508452e+00
1.478880476808704936e+00 1.000258033398318647e+00
1.480045812966855223e+00 1.000617920495721513e+00
1.482625010728526815e+00 1.001187047179353362e+00
1.479061672386340787e+00 1.001732909921313697e+00
1.485031232878804675e+00 9.996873992054519098e-01
1.479890545526338919e+00 9.994941115029928325e-01
1.415686110296154654e+00 9.972710354227407592e-01
1.464098846599454218e+00 9.960933919018405414e-01
1.412804967192611949e+00 9.987157165724093177e-01
1.416622636052452089e+00 1.005145344452005762e+00
1.442915410982461566e+00 9.966988982577963396e-01
1.482844635740780737e+00 9.999012236041284751e-01
1.487367787994139157e+00 1.002252873475605099e+00
1.486461221794241672e+00 1.000478016253840474e+00
1.485191977623148363e+00 1.000581252423418777e+00
1.486087970314756701e+00 1.001369088887463121e+00
1.479264434293126040e+00 9.967854404688842873e-01
1.483658228853427685e+00 1.000254908227063977e+00
1.474750872743431307e+00 9.984579626950411679e-01
1.414343701350075921e+00 9.986562528285872764e-01
1.469805033737069833e+00 1.001363350249877771e+00
1.460829627286506449e+00 1.002644578602074121e+00
1.478688074014626652e+00 1.001020378778200381e+00
1.486616863237165687e+00 9.988515383864686736e-01
1.485603798563155831e+00 9.992219609284109794e-01
1.477884362900981463e+00 9.935864448351187095e-01
1.486330525374452316e+00 1.002080362898862154e+00
1.457060463218150304e+00 9.967325294851360207e-01
1.485724352872797471e+00 1.000831784987920026e+00
1.478967886564906964e+00 1.002075242751446327e+00
1.476642043294975615e+00 1.000958052022956402e+00
1.482871543945118553e+00 9.974751308460197974e-01
1.486103333218115941e+00 1.000032070146901653e+00
1.486083475104238438e+00 9.971493923300465134e-01
1.485406860006149188e+00 1.000515301936935497e+00
1.453160087778012199e+00 1.003988126044636831e+00
1.483560661195667318e+00 9.948711744164387971e-01
1.475336269255444144e+00 9.985054093663493502e-01
1.479448928259006868e+00 1.001710525710742816e+00
1.486046067765770085e+00 9.996858535674237878e-01
1.487451673502296901e+00 9.950721101165750371e-01
1.470508259582439470e+00 1.000181809803990296e+00
1.468140192282473944e+00 1.004250856746260911e+00
1.420971427689579514e+00 1.008188105784619593e+00
1.436293659143905055e+00 9.899911300942878523e-01
1.486363213681745510e+00 9.922907017192699186e-01
1.439266018591283780e+00 9.922774160494503004e-01
1.480358596125912696e+00 9.987276819909715053e-01
1.484030372699107980e+00 9.992509649015126616e-01
1.485987942763778991e+00 1.000984422873492541e+00
1.481755233560811291e+00 1.000318848475471256e+00
1.486847315275926951e+00 1.000651044345476581e+00
1.431322920334316962e+00 9.942698613211609082e-01
1.487003310209816576e+00 9.998844549712919694e-01
1.479622664952560118e+00 1.000081383731475260e+00
1.478253751741347211e+00 9.960086236454235298e-01
1.483967671380781006e+00 1.002740852119951454e+00
1.483811035706503745e+00 1.001112974256850530e+00
1.478719003063460269e+00 1.002647886893189400e+00
1.451548165896107578e+00 1.004116305149324040e+00
1.450385423086992143e+00 1.001779216536316852e+00
1.468841548094961480e+00 9.968075387809708365e-01
1.428926826203141154e+00 1.003294185048988929e+00
1.465763958469884054e+00 1.001148609417745527e+00
1.466475550142750439e+00 9.996813680346864350e-01
1.485955101697173708e+00 9.993890261309501533e-01
1.439129606608113177e+00 1.002226325150288755e+00
1.431815665265533832e+00 9.983453623351885575e-01
1.435998093127474062e+00 9.956112389054659895e-01
1.428986367639674127e+00 9.983639187222260736e-01
1.487167559502653669e+00 9.958268136584579322e-01
1.449813916352432619e+00 9.982845959952013626e-01
1.473071362730878686e+00 1.003740130733905112e+00
1.469055515861026562e+00 1.010133404050119754e+00
1.455887819989704290e+00 1.009185718566129930e+00
1.467437451842834584e+00 1.002165507680417678e+00
1.485781316841511934e+00 1.006826890349600490e+00
1.485688684587369135e+00 9.978898139411566115e-01
1.482714125368403524e+00 9.994418531955954199e-01
1.486135622610265550e+00 1.002307176308488534e+00
1.473151062717013460e+00 1.014450291530452741e+00
1.472971966729961002e+00 9.994387808999604106e-01
1.428886852293871357e+00 1.004965029988333480e+00
1.470606998846616831e+00 1.001665054204811334e+00
1.474249405139401281e+00 1.005915506888593658e+00
1.481410472945430268e+00 9.998780159966668135e-01
1.471980232287321000e+00 9.996905139428113873e-01
1.477732790852975819e+00 1.004422024750449394e+00
1.470968945863056820e+00 9.992384415429680367e-01
1.454096087858303799e+00 9.916077568685141008e-01
1.487662068968733209e+00 1.001499537422968933e+00
1.430485472199553909e+00 1.003905245830454263e+00
1.464622138216964853e+00 9.993442060820856288e-01
1.485945224300082579e+00 9.979651972414220751e-01
1.486757630779553141e+00 9.998633932859070095e-01
1.486015870402377592e+00 9.981909659094895249e-01
1.486414957554817340e+00 9.992539744538532220e-01
1.484654879612518741e+00 9.910923442927184190e-01
1.487292854223635441e+00 1.000041608219700340e+00
1.486608806608733291e+00 1.000063051961629146e+00
1.477680564966810328e+00 1.000169527069593611e+00
1.480672081766502224e+00 9.989910912922594921e-01
1.470985891873571205e+00 9.968704054304434736e-01
1.486427121860048439e+00 1.003104553076342276e+00
1.481326827795171885e+00 9.980112046777078749e-01
1.482213941237420229e+00 1.002833633237329991e+00
1.471858341531896874e+00 1.001373876229622262e+00
1.478791601484011009e+00 9.970484322893909956e-01
1.449150620771897602e+00 1.001012852119597785e+00
1.441403939543129731e+00 1.007877819374965567e+00
1.446904225216445683e+00 1.003701094370619273e+00
1.481601358102170529e+00 9.986507749686180935e-01
1.444384513485024613e+00 1.010440749802286931e+00
1.480576530106445743e+00 9.998167078181380285e-01
1.479465822507599171e+00 1.003296510768526550e+00
1.484627997985713765e+00 9.996181725017581066e-01
1.466271039755146832e+00 9.996971519842650089e-01
1.480496188731116769e+00 9.992780005197666737e-01
1.470254141641358592e+00 9.984008225376286294e-01
1.474172336224597535e+00 9.975348416653599948e-01
1.482551732284012269e+00 9.964616260946417281e-01
1.486023680405260672e+00 1.000331969301482493e+00
1.483929662292570617e+00 9.958840876808495723e-01
1.465824646234382023e+00 9.995777987944240994e-01
1.482373053793285989e+00 9.966444511047782839e-01
1.470331216616963532e+00 9.991437812244179373e-01
1.486992498783032746e+00 1.001260089773414075e+00
1.476434547753579629e+00 1.000070036494544956e+00
1.475525080238903053e+00 9.979498898225283021e-01
1.443751021595327533e+00 1.009051791942171095e+00
1.425268070923446206e+00 1.005232030566228563e+00
1.489673285782479262e+00 1.001972929485816399e+00
1.441896276479420091e+00 1.000722615248788916e+00
1.403294038512723496e+00 9.990021475722478117e-01
1.458999266394089167e+00 9.983108725994713772e-01
1.485193302852078956e+00 9.941417048317060523e-01
1.449094349485846811e+00 9.968669460386215819e-01
1.466071847717838939e+00 9.992899619073545292e-01
1.444337224360203287e+00 9.953063354368059112e-01
1.447079526499672752e+00 9.990614972629523471e-01
1.485545213204764181e+00 9.961636862445469864e-01
1.458129770409719139e+00 1.003806587417660934e+00
1.486501806530942327e+00 9.932376019312214588e-01
1.456741488950247909e+00 1.006702450415368100e+00
1.474669809491463424e+00 1.001651209914779406e+00
1.455354684637950369e+00 9.984891949612835216e-01
1.454453142099624730e+00 9.994504672931582290e-01
1.479877573271174640e+00 9.986620817390240434e-01
1.479944445303464473e+00 9.994829687041842936e-01
1.490498203275828049e+00 1.000024388860085933e+00
1.408245718605832364e+00 9.995998464736028932e-01
1.402631113690420150e+00 1.001639261077514664e+00
1.427527620321606294e+00 9.997008168320065113e-01
1.407462636479872575e+00 9.974673414608528077e-01
1.456693335824797986e+00 1.000546474056040136e+00
1.404595239268908946e+00 9.968478618511047440e-01
1.444493529091067652e+00 9.988591373963243703e-01
1.426723307115885797e+00 1.000642149979268369e+00
1.485496883224259879e+00 9.958342019430679315e-01
1.408793145865995911e+00 9.993955399318860122e-01
1.487232295883744282e+00 9.984872346623259176e-01
1.468798914889218876e+00 9.988993115202499107e-01
1.435876419966377604e+00 9.990112631078930105e-01
1.405654176412828082e+00 1.000747660470136413e+00
1.449443342572573457e+00 9.986053861248127550e-01
1.408512912083652591e+00 9.960426041346926995e-01
1.441765998221713696e+00 1.001866494318620404e+00
1.469834095873353785e+00 9.978219301479346326e-01
1.419869819785498422e+00 1.000188924149305825e+00
1.405979249027450306e+00 9.972928716995388410e-01
1.416851079462166041e+00 9.964694630028003708e-01
1.434972227228544117e+00 9.959993334692885947e-01
1.407886491184058730e+00 1.001209174007339664e+00
1.473583081889078716e+00 9.984463752131961245e-01
1.482597114995665377e+00 1.006170872701535046e+00
1.464058558933074572e+00 9.995940791382380564e-01
1.430384440267015389e+00 9.994096667667488054e-01
1.406391888638015120e+00 9.980125505951771281e-01
1.415480884354055613e+00 1.001291493245909825e+00
1.436790621874136642e+00 1.000177201152765649e+00
1.410372654538803783e+00 9.958124735155676754e-01
1.488530717564069628e+00 9.982455139877841610e-01
1.407436055104744455e+00 9.984307031584622738e-01
1.409672242259230490e+00 1.000087740205447995e+00
1.444355252645294518e+00 9.986773483832538378e-01
1.438000761507418845e+00 1.000109561272761738e+00
1.470825695338888739e+00 1.004218952678528343e+00
1.454295306848861546e+00 9.989721888005844708e-01
1.482455766108630613e+00 9.973250930070884923e-01
1.487305689443956913e+00 9.995827529588983129e-01
1.486630265351806646e+00 1.008945319354390691e+00
1.409590719829431515e+00 9.970695859701838026e-01
1.480303866381937672e+00 9.961969008808774229e-01
1.483072592422692182e+00 1.003548477690431318e+00
1.485113419691460601e+00 1.003050055554534081e+00
1.487595134733886493e+00 9.987816462231059456e-01
1.486187157125859359e+00 9.990418095199614656e-01
1.466580016782167428e+00 1.004154586832817664e+00
1.405375710734831696e+00 9.996268498150014947e-01
1.474838840350645386e+00 9.954866716058033971e-01
1.487558193241541149e+00 9.992347321353143297e-01
1.464371094420117370e+00 9.992007641304050392e-01
1.488387110769552546e+00 9.977352670077568320e-01
1.462044526386814036e+00 9.960938114226948192e-01
1.486024785920825320e+00 1.002396452525349702e+00
1.488820728120063830e+00 1.001199038648471706e+00
1.461788467887578991e+00 9.949664879144838325e-01
1.488909300556174209e+00 1.002613253995877640e+00
1.480564355800004339e+00 9.958240471028579899e-01
1.481739555735397840e+00 9.967879549301343900e-01
1.488185316465050922e+00 1.003247542829458272e+00
1.431322752077316407e+00 9.998535707947475704e-01
1.485239116857163033e+00 9.918169489006439798e-01
1.486622392816568938e+00 1.003388962356478453e+00
1.474428840573290600e+00 9.956140789590598450e-01
1.487072827181944890e+00 1.003419319914080177e+00
1.418138845304119711e+00 1.000035957309817203e+00
1.411593285561312916e+00 1.001427153285145311e+00
1.454228431193590909e+00 9.982292735383289095e-01
1.435636264633747050e+00 1.007257783897630432e+00
1.442804655764633681e+00 9.972939618430869402e-01
1.443458529260875256e+00 9.987569588460951664e-01
1.410652797720625795e+00 1.002220940470708088e+00
1.482475060670412459e+00 9.929862145637269322e-01
1.442363099154096551e+00 9.962728512546322746e-01
1.417777257824408110e+00 9.924183173997426222e-01
1.442993015838322624e+00 9.946940624619852178e-01
1.481129377408959780e+00 9.960105435861585921e-01
1.433366379955068215e+00 9.965287529264823529e-01
1.479962361125783499e+00 1.006879395384593812e+00
1.488801473856261826e+00 9.953874054201937716e-01
1.490142610232498610e+00 1.003608960697644159e+00
1.485966563799951290e+00 1.004755468880315306e+00
1.480594543698138477e+00 1.005509015183498223e+00
1.486223467075471483e+00 1.000422033854005743e+00
1.485204911415908935e+00 1.002099881553260241e+00
1.487568432717259359e+00 1.004344585294306924e+00
1.477380542122110896e+00 9.998674198511917632e-01
1.486839618272770780e+00 9.898286364513574354e-01
1.488401969790674517e+00 1.002599519868025979e+00
1.478197653648708254e+00 9.954717215533822605e-01
1.486821376212756007e+00 9.929457020422264302e-01
1.486852708653974675e+00 1.004471702078119533e+00
1.477025948547538992e+00 9.984880882297831883e-01
1.475496297399875090e+00 9.959017404466654622e-01
1.476298478487678922e+00 9.991084598833871455e-01
1.478081915116164824e+00 1.001294325183067935e+00
1.458903123230330445e+00 1.001011563839432350e+00
1.473418272269263252e+00 1.002861992524115342e+00
1.468209869883608132e+00 9.945401644112152884e-01
1.468920240931641530e+00 9.944817790142411740e-01
1.486246139239280284e+00 9.992029038737739732e-01
1.452424144230726410e+00 9.961354398404068666e-01
1.474326514359282747e+00 1.001671603710234004e+00
1.470668072427088635e+00 9.941297596360113564e-01
1.469465252165661262e+00 1.004314280482901944e+00
1.470974685863860820e+00 1.004633978016668205e+00
1.477595575926571314e+00 9.987350510380380575e-01
1.480536696643239836e+00 9.984450276513056055e-01
1.472289128339543174e+00 1.003720194860643788e+00
1.483253846729569725e+00 9.939201413021951925e-01
1.485819361373311276e+00 9.909535199275946171e-01
1.449614718894921772e+00 1.004006414644618150e+00
1.463304295932321253e+00 9.929119405404845944e-01
1.445431494183251786e+00 1.005899016503549293e+00
1.473846200093412939e+00 1.003174264544308025e+00
1.482085185118015014e+00 9.965477485416986969e-01
1.448332230330636516e+00 9.975076594928459217e-01
1.469806870829831968e+00 9.951333369340064072e-01
1.470769619373037740e+00 1.005025321515257142e+00
1.486598365721917059e+00 1.000363424958127467e+00
1.483484468808585532e+00 9.987643216597332785e-01
1.479692408656254177e+00 9.940168922330379075e-01
1.465608627828464794e+00 9.997868642303613385e-01
1.476804818118270912e+00 9.933645067944690821e-01
1.465468552662567037e+00 9.958980583476325643e-01
1.458329735087251722e+00 9.983672191500032600e-01
1.480835113038906803e+00 1.005581084784235912e+00
1.409659206993216340e+00 9.987409989855597914e-01
1.485981367996127345e+00 1.002593107243479720e+00
1.478455047349307216e+00 9.975926835109815149e-01
1.469770103948220719e+00 1.007147707396616187e+00
1.453997529445376191e+00 1.002485919601594722e+00
1.481630987448863346e+00 9.983468300683793206e-01
1.461910203985428147e+00 1.004018416212352660e+00
1.453865651505133361e+00 1.004106314040257741e+00
1.478052299243894918e+00 1.007743920100641288e+00
1.465868743259477913e+00 9.993153561785719230e-01
1.478678830125226940e+00 1.003349801858680834e+00
1.474447173789660503e+00 9.988742511331857310e-01
1.463369735387170190e+00 1.003226536641116606e+00
1.445057588750764399e+00 1.000103131860341721e+00
1.465008532157596521e+00 1.004076680172057534e+00
1.451594206575405277e+00 9.994250885694093700e-01
1.406504113059355410e+00 1.002585404237806399e+00
1.458657598104152520e+00 1.001790144132912452e+00
1.455084243199796123e+00 9.977302290192463508e-01
1.480748342932561634e+00 9.942248958856706453e-01
1.488030257987589922e+00 1.000285432796130136e+00
1.467844307139528626e+00 9.991305146836877427e-01
1.428657201870673576e+00 9.986680685006900093e-01
1.448240589441495807e+00 1.003905593095380189e+00
1.446627040787800800e+00 1.002074820154283064e+00
1.455985988007988841e+00 1.003513958141545093e+00
1.482969455260183311e+00 1.004437972392400624e+00
1.440346567777193831e+00 9.997303079404376014e-01
1.482479359462839597e+00 1.002104919788720627e+00
1.467810441427904733e+00 1.002244704840477896e+00
1.478095505430778056e+00 1.000736987815364243e+00
1.459823369504494872e+00 9.969853420236969299e-01
1.449780825356039138e+00 9.994727392576351344e-01
1.486426168292994454e+00 9.994909896490018486e-01
1.490255013484823365e+00 1.003548200359019482e+00
1.408604042252020516e+00 1.006490323378685492e+00
1.482994832715969213e+00 1.001117223983766680e+00
1.486587535228143908e+00 1.001810943919149599e+00
1.476396505662145087e+00 1.000879490596919386e+00
1.463527916799953088e+00 1.002968612791608205e+00
1.435580251083992120e+00 9.978760559432976462e-01
1.472007210661399723e+00 9.992951347715197663e-01
1.449583361549799942e+00 9.985072841534704535e-01
1.478441606616842874e+00 1.000572688258176468e+00
1.485180791228919439e+00 1.000811512999033370e+00
1.486363395992617242e+00 9.993986536861577674e-01
1.425957193078539964e+00 1.000374284721342821e+00
1.439483141546141320e+00 9.998218462556693886e-01
1.446686973317057756e+00 1.000075140529026241e+00
1.478979433158458701e+00 9.999880842062610631e-01
1.470877497125686828e+00 1.001451607569565416e+00
1.478967450855630972e+00 9.984044115632644267e-01
1.481633715444542698e+00 9.999083261957200097e-01
1.462324543966078361e+00 9.996815738149672503e-01
1.477653687141368577e+00 1.003488749277458902e+00
1.443823193168291219e+00 9.994468026623918311e-01
1.485048210112759337e+00 9.989870254878175926e-01
1.447484701062430545e+00 9.995042377020769697e-01
1.465215459853890678e+00 9.968170848532532657e-01
1.482009532581051614e+00 1.001420295921207959e+00
1.479202493798238427e+00 9.977002624789883534e-01
1.477849265287905611e+00 1.002867532970041831e+00
1.486031356094943634e+00 9.986018035959712824e-01
1.482572078445863584e+00 1.002011314992881097e+00
1.486130780049186528e+00 9.997721999842227314e-01
1.482253126187344838e+00 9.990691951261500003e-01
1.474920127525066071e+00 9.982440085978437905e-01
1.468129713969448469e+00 9.999725116058103547e-01
1.486243604369351434e+00 9.991541242755924701e-01
1.477264252208827067e+00 9.971070743352175025e-01
1.480988607155330206e+00 1.002255321129157162e+00
1.478583995807634777e+00 1.003757342501209404e+00
1.485071606416286993e+00 9.985192750255201810e-01
1.482695469002456523e+00 1.001291368859681175e+00
1.484350233721231538e+00 1.002125605260866470e+00
1.477873621421378569e+00 1.003975711896373246e+00
1.480524057670076665e+00 9.971836262663281714e-01
1.486028219164379438e+00 1.000060441625315155e+00
1.474484844197545108e+00 9.978925959016259339e-01
1.474447864633501970e+00 9.998042232830104403e-01
1.476877361381249809e+00 1.003905870027496317e+00
1.481476250328224609e+00 9.972704875447715445e-01
1.480594202155212535e+00 1.000999173304446543e+00
1.476919711956899528e+00 9.985006514192589222e-01
1.486312085370252944e+00 1.001088090720841484e+00
1.479131895441723188e+00 1.003637592183772798e+00
1.436471976421187735e+00 1.004716106828153599e+00
1.486074058495376882e+00 1.000677255803469112e+00
1.436953810867573456e+00 1.000640687464444900e+00
1.483847784399973335e+00 9.979200548674204141e-01
1.481957452999535185e+00 1.003995561227434274e+00
1.456931793812470843e+00 9.994041373862605493e-01
1.486007241199636120e+00 9.984082839059833514e-01
1.456245979490937037e+00 9.982488296586233822e-01
1.450872012001334088e+00 1.006282241717402659e+00
1.472384199036817387e+00 9.980883058391598617e-01
1.482323253449056688e+00 1.002789494923349789e+00
1.430138825887432352e+00 9.999034913825731730e-01
1.478977125744006971e+00 1.000165574925024670e+00
1.481557215111898085e+00 9.989822971665696105e-01
1.483532362331148491e+00 1.003003949310343756e+00
1.486282511602162071e+00 9.994737472942487599e-01
1.485252760796450300e+00 9.962356389535779178e-01
1.478062508143924036e+00 1.000131941665987956e+00
1.485993329308138877e+00 9.991335334069582075e-01
1.484582890520001364e+00 1.001093488554543720e+00
1.481430158655697271e+00 9.981913189719434643e-01
1.476887682289649728e+00 1.002664018032419779e+00
1.481581726671726607e+00 1.003375143514370293e+00
1.485066408579064134e+00 1.002193801811469109e+00
1.484975820137136804e+00 9.989773376760056056e-01
1.480778735878064634e+00 1.000012774796164905e+00
1.486369257349672734e+00 9.972557377404596135e-01
1.486154109279432811e+00 9.986040721367436257e-01
1.485978368904995461e+00 9.967795275143025435e-01
1.486872622719742632e+00 1.000244101134817321e+00
1.485846740259714638e+00 1.002915067113340442e+00
1.486435484804546459e+00 9.990343051249123141e-01
1.477276061449183331e+00 9.969339421524439082e-01
1.478574289182086776e+00 1.000084541826484319e+00
1.469355323332686147e+00 1.001951899009624114e+00
1.486050659338916891e+00 1.000596538490549969e+00
1.439702584309131339e+00 9.981345506895157316e-01
1.465981622158764930e+00 1.003001330908041000e+00
1.482495379910631295e+00 1.001148462712723841e+00
1.486455703784271387e+00 9.995163342217270319e-01
1.474550796976175082e+00 1.001267479595651322e+00
1.458996819098762110e+00 1.004030250566341209e+00
1.479163846843458696e+00 9.995001560456577838e-01
1.431150803730525833e+00 9.974036009477555975e-01
1.482880212530454545e+00 9.991460140216507080e-01
1.409770158727264189e+00 1.000351594469942818e+00
1.486141062151735914e+00 9.978565636305187780e-01
1.486175447543017558e+00 9.983715115202159707e-01
1.486084194229960964e+00 9.992166494025255252e-01
1.486158210064894458e+00 9.977191724927714223e-01
1.486308391729019851e+00 9.990229640795221799e-01
1.481712512808078142e+00 9.972573674654358067e-01
1.474717669749128657e+00 9.982919766383759885e-01
1.478157834240806379e+00 1.004609235931553712e+00
1.482022559042345478e+00 1.005454938467952974e+00
1.482017326863232620e+00 9.994240703326411346e-01
1.486421246297798149e+00 9.997585026589280721e-01
1.486149090812042273e+00 1.000377481109261835e+00
1.418972163500715311e+00 1.000854594509412276e+00
1.452326004952516403e+00 9.964216221456178024e-01
1.463467453385704387e+00 1.004281286161091913e+00
1.486065680153406010e+00 9.994864089767401261e-01
1.458800621500185857e+00 1.001306504384840590e+00
1.475875778345293377e+00 9.999619781513966466e-01
1.453117511238139814e+00 1.002052293141812545e+00
1.481996971812382213e+00 1.003918686987889997e+00
1.473510715197813958e+00 1.001054933940719094e+00
1.458796856086838067e+00 9.922547232811664841e-01
1.475433016982676593e+00 1.010000069061449457e+00
1.442321500608017670e+00 1.000871546374367149e+00
1.409301233491642602e+00 9.997835281752747161e-01
1.469644208776036631e+00 1.002564352566497119e+00
1.439314492690743741e+00 9.980959550582478856e-01
1.432762446260503308e+00 1.006033938756725421e+00
1.432607871798345478e+00 9.965092070990007045e-01
1.458813834628956974e+00 1.003980642987551963e+00
1.409860311312842507e+00 9.988671855754694962e-01
1.440628097454286216e+00 1.003159934535015063e+00
1.476145825264697065e+00 1.000962806331679111e+00
1.430668669317196162e+00 9.973829595381854540e-01
1.420498840215005165e+00 1.002387728376081810e+00
1.449398400876700688e+00 9.933076409626496739e-01
1.482219118771437305e+00 9.969826398446937077e-01
1.478557450361692505e+00 9.988387565916716504e-01
1.485633611797339881e+00 1.001960114002912627e+00
1.472282410657707707e+00 1.004845611563411900e+00
1.486432572608883618e+00 9.941526457755672785e-01
1.475610662282369479e+00 1.005000997224396064e+00
1.485195399292713381e+00 9.992185458670971299e-01
1.457886246945533149e+00 1.006279728036328258e+00
1.485697406260247710e+00 9.977387404279089989e-01
1.482626826733757452e+00 1.002509874743393370e+00
1.467940301655093371e+00 9.987633987492341436e-01
1.480382058884286200e+00 1.003976752719618615e+00
1.481376733411333912e+00 1.001044048918806384e+00
1.459957489020580423e+00 1.003926305471412928e+00
1.444256462304462474e+00 1.002711834101531529e+00
1.472959111149018341e+00 1.000036171122496764e+00
1.474745307154363472e+00 9.984512010968507045e-01
1.469704363188172769e+00 1.003343291408693716e+00
1.485812135172811743e+00 1.002934552945519142e+00
1.481825815868478280e+00 9.982487376289541636e-01
1.486020326740288500e+00 1.003284762921683893e+00
1.486362484234426740e+00 1.001649718798101274e+00
1.479800412407939803e+00 1.002027419036285671e+00
1.480196586514327617e+00 1.000340373206772604e+00
1.453060980125795432e+00 1.003419501755693499e+00
1.468502278346160095e+00 1.003491266196296694e+00
1.483460394707545760e+00 1.001609142495649918e+00
1.479788939394863778e+00 1.000664550621420457e+00
1.484943856910702076e+00 1.001101110792919302e+00
1.486396954125851710e+00 9.991011871345025774e-01
1.481535582076211277e+00 9.999215177369947805e-01
1.482338011248613308e+00 9.976042368948567773e-01
1.485987898780275041e+00 9.955169531961046703e-01
1.484048388709767519e+00 1.003506553636925203e+00
1.483033052070313662e+00 9.989960231286486581e-01
1.477688336620692766e+00 1.000482884522045257e+00
1.483515180105072329e+00 9.976911450937514525e-01
1.469174963870309325e+00 1.003269349412061251e+00
1.458995949652235780e+00 1.001783675750878011e+00
1.427338105219412290e+00 1.001536922426597753e+00
1.478897563622013855e+00 1.001852523470843526e+00
1.478439986791188154e+00 1.000349727402717548e+00
1.455359495325183827e+00 1.000543820751310653e+00
1.461671716692743761e+00 9.970533436535037319e-01
1.456542940055869151e+00 9.963977047896380723e-01
1.434946585464901059e+00 9.981240089182815689e-01
1.458519765781015165e+00 9.993473582203094008e-01
1.486081438543538136e+00 9.979265050904457812e-01
1.475830455953523801e+00 1.001328876475204854e+00
1.479782056942261059e+00 9.964860696655762906e-01
1.461931303006833049e+00 9.990674180639782520e-01
1.455753554081363532e+00 9.978405738013921278e-01
1.420152016126241978e+00 9.995875636053710434e-01
1.451998339829700280e+00 9.984381752991368097e-01
1.421013192756780619e+00 9.968662968269420555e-01
1.459088866741005575e+00 9.950267454600454364e-01
1.412173423033637798e+00 1.000188396419547709e+00
1.444681721347809811e+00 9.997470142473919852e-01
1.436800745366978216e+00 9.972555104551813487e-01
1.442200937641527902e+00 1.002693784132583144e+00
1.457948190520676146e+00 1.004108982185590415e+00
1.442454298643356170e+00 1.001010388766840675e+00
1.451355923298996986e+00 9.990995423784495566e-01
1.449350834180272773e+00 9.989769428423924680e-01
1.477748597925669705e+00 9.998750669629427046e-01
1.462558893518737912e+00 1.002016116334705664e+00
1.482634526770175487e+00 1.003059181097046393e+00
1.440258343029497068e+00 9.995875509687314198e-01
1.476142288609216369e+00 9.958410607640379997e-01
1.439940777735002841e+00 1.001220824276132237e+00
1.467151251229899422e+00 9.971424502229859765e-01
1.480796771373551923e+00 1.004761613095481509e+00
1.462697418479279809e+00 9.977247341715909101e-01
1.459512407948125201e+00 1.002050469158633161e+00
1.452899604508739673e+00 1.002717057886631125e+00
1.432707049957286483e+00 1.001918129053787965e+00
1.434441114083202962e+00 1.001036241390498516e+00
1.480162756055346085e+00 1.001138921565108086e+00
1.486177761361503924e+00 9.988047515257941766e-01
1.422371564843847969e+00 1.001437957688365410e+00
1.431609326853931607e+00 9.991826619126989995e-01
1.465259815579046609e+00 1.001211249769701439e+00
1.471873843243205693e+00 9.999490459436291001e-01
1.483299661410047987e+00 9.964929623302906103e-01
1.476228017565021977e+00 1.000202693230838991e+00
1.477055261474517822e+00 9.998101733948465686e-01
1.476061242205626733e+00 1.002108615886432297e+00
1.485147779171820837e+00 1.002332882619886956e+00
1.486200992911825836e+00 9.984822199718772495e-01
1.463925807565949810e+00 1.006106751630242213e+00
1.485540109676315668e+00 9.972669728713933202e-01
1.462358337213730763e+00 9.955330770696110276e-01
1.458055373693482704e+00 9.996804537196506413e-01
1.425946960911309791e+00 9.979516028477608547e-01
1.435540950059020604e+00 9.994887996228501992e-01
1.418168130428828722e+00 1.001805523362369277e+00
1.433407683647414332e+00 9.989543190437051301e-01
1.427021666159457913e+00 9.982730782489094290e-01
1.433601770972995348e+00 9.974474558958944526e-01
1.425023738020897879e+00 1.000900309400460042e+00
1.439984921468030477e+00 1.002161259379988678e+00
1.473594379745906791e+00 9.985969818012092603e-01
1.436131470441277314e+00 1.000067685289318220e+00
1.436908403870628570e+00 1.000866178963924602e+00
1.411726084045239249e+00 9.987800872220405912e-01
1.414212920927460093e+00 9.988186732574525495e-01
1.417851253687774760e+00 1.000986837614119551e+00
1.413721893910961036e+00 9.994052282721134217e-01
1.420381582649320018e+00 9.998983905355028901e-01
1.410278545878654866e+00 9.971663631490620405e-01
1.442700032653469133e+00 9.958853629985026101e-01
1.414743084258962558e+00 1.000274933385977727e+00
1.410243571354564684e+00 1.000603946260881782e+00
1.465916734410984024e+00 9.976784392202383556e-01
1.458787050420492060e+00 9.926708257815166636e-01
1.420914188072057938e+00 9.984167229304246050e-01
1.445704048173253042e+00 9.970137045804832177e-01
1.419580425761570952e+00 1.000050150106339908e+00
1.453388700690885216e+00 1.000812482469187747e+00
1.415550684776198276e+00 1.001832466222990492e+00
1.422018021390692333e+00 1.000514990675739124e+00
1.462601527203832186e+00 1.010877677429940169e+00
1.450684471388882901e+00 1.002202394884256220e+00
1.474793447832485116e+00 9.916393824466204210e-01
1.474596794232336361e+00 1.003958812371332998e+00
1.460157771101009860e+00 1.006846921126221428e+00
1.410870976765924434e+00 9.939430049033645131e-01
1.413302718394942037e+00 1.001895309607937046e+00
1.411182001950979092e+00 9.968519568650384688e-01
1.416394422023140809e+00 9.942868067304775348e-01
1.408943869336573229e+00 9.997834399466183353e-01
1.413004643111849923e+00 9.981476816315627554e-01
1.462508631906792811e+00 1.005701859403916210e+00
1.432012070071912779e+00 9.990172020613211634e-01
1.416926267484780011e+00 1.000214210505892876e+00
1.434862830167018988e+00 1.000238114238835241e+00
1.428456652456201237e+00 9.979890827948597609e-01
1.409469305824167629e+00 1.001074448239975379e+00
1.441253500058366166e+00 9.991475536359992748e-01
1.433969782154936201e+00 1.002418568991330305e+00
1.414785294716050856e+00 1.000896461849942520e+00
1.441856641832579333e+00 9.969245864571849580e-01
1.413135959628349925e+00 1.001670519409550764e+00
1.434770274291179426e+00 1.001013233608342823e+00
1.414243613129289479e+00 9.987610337871202226e-01
1.422342421314584548e+00 9.996071504234677052e-01
1.437633843704796188e+00 9.990585114316963278e-01
1.409705440826546585e+00 1.000897571926335328e+00
1.411471695298385232e+00 1.001992465716229797e+00
1.414997981761765056e+00 9.953366549084603498e-01
1.411696010360042663e+00 1.001641606992947464e+00
1.418465709350877679e+00 1.000002876078380121e+00
1.409364400525268790e+00 1.000419276634128218e+00
1.410063759981265319e+00 1.000896636900909353e+00
1.410711267791352697e+00 9.971543223554538704e-01
1.424862039818317383e+00 9.952958558386499899e-01
1.409905475590589985e+00 9.995232470728449004e-01
1.486252340990238840e+00 9.992953066486361946e-01
1.418477131926086487e+00 1.000201290926359565e+00
1.483359227657565560e+00 1.001988437296666978e+00
1.409362442085323242e+00 1.000544939463114291e+00
1.472593089813138079e+00 1.000420141332728496e+00
1.455424636272152350e+00 9.997449502227176987e-01
1.414740193147297376e+00 1.000636119722075668e+00
1.418679687957827840e+00 1.000277721456381830e+00
1.453135663504709019e+00 9.999412841602928204e-01
1.480874108467285399e+00 1.001056816924037030e+00
1.486011291198508610e+00 9.979796765785496904e-01
1.464513399252125314e+00 9.971494581395118351e-01
1.419749882121667417e+00 1.005021699815595637e+00
1.446565714756120835e+00 9.988319862284434913e-01
1.431078071323606205e+00 9.916169709124098564e-01
1.411190864334263884e+00 1.014742505902881620e+00
1.462239980807231055e+00 1.006577341043636942e+00
1.427310542321276854e+00 9.934180814601228926e-01
1.429777742374698679e+00 9.985249542528242817e-01
1.409303893271892427e+00 1.000594327686209262e+00
1.409378588500241003e+00 9.852269579066609273e-01
1.426195849058064180e+00 1.010487019548668597e+00
1.414029926259090519e+00 9.966558679665868947e-01
1.468359973682621833e+00 9.932859703829463038e-01
1.472656789793672871e+00 9.989941584327022284e-01
1.472073928371237184e+00 1.001014450604909456e+00
1.445971203295394636e+00 1.001470287640879420e+00
1.452660847373132835e+00 1.002666981948122649e+00
1.414919904769121217e+00 9.959365984246341119e-01
1.482199936502460513e+00 1.002850526783550578e+00
1.451033102897420379e+00 1.005927422107726343e+00
1.436664978684240479e+00 9.936000713060759715e-01
1.487545989033793425e+00 9.932078075688161034e-01
1.428738511536628675e+00 9.930426662382751957e-01
1.485669465669062550e+00 1.000908258811064711e+00
1.467650172369621364e+00 1.000162720587743692e+00
1.419369724740248362e+00 1.006889624573960473e+00
1.452314441907027964e+00 1.007632391830965091e+00
1.409604990342667064e+00 9.967806571707344965e-01
1.435477037670787714e+00 1.003396960181162090e+00
1.442939752863304781e+00 1.004929629212415909e+00
1.434451710726235341e+00 9.961680510989714410e-01
1.423481817991478549e+00 9.939651117212037201e-01
1.432379697039768418e+00 1.007975369426044709e+00
1.454463685793808692e+00 9.939772319782392840e-01
1.409515800430978016e+00 9.974313658078907130e-01
1.426339120948454164e+00 1.000606533650539198e+00
1.461616909553724586e+00 1.007297369307075030e+00
1.409827728683152426e+00 1.004137686603418622e+00
1.409468583588082913e+00 1.001182916657220145e+00
1.416874026459912672e+00 1.006669929916060413e+00
1.415830392512784419e+00 1.002950291005552996e+00
1.462734312314820651e+00 9.981914051549992672e-01
1.421684477175095829e+00 9.929214153169386714e-01
1.448172092652044718e+00 1.001181523867485490e+00
1.443894072462289291e+00 1.002896306690784112e+00
1.411136896075050995e+00 9.958846277381337986e-01
1.432088053064987765e+00 1.000488596355693316e+00
1.412691039428318085e+00 9.990261455542309710e-01
1.429664056831679630e+00 9.985567284395928667e-01
1.467325204306417330e+00 9.959430932350429311e-01
1.414235774980533877e+00 1.005771928575292851e+00
1.409750361146572706e+00 9.952549336572430461e-01
1.448194967289086144e+00 9.995963202511648493e-01
1.423007451748877328e+00 1.000700233294507413e+00
1.409655054246626182e+00 1.000071040711826509e+00
1.412606734660684982e+00 9.963883454205424428e-01
1.430257839073712844e+00 9.934567336707644802e-01
1.426735244367282052e+00 1.001697179861082310e+00
1.487384525996221063e+00 9.959743118943565898e-01
1.417942033820494219e+00 1.000690973864220457e+00
1.471269127451324099e+00 9.908619580861834919e-01
1.433432576431020955e+00 9.902386088280409338e-01
1.431164304622148276e+00 9.980456390578760217e-01
1.444903138968831158e+00 9.961102390911502624e-01
1.422425395191911246e+00 9.960153361707658748e-01
1.444631773990924017e+00 1.000076571284187699e+00
1.486501806666867820e+00 9.998028574060993101e-01
1.452236264204125549e+00 1.000472060509721484e+00
1.431104209955887718e+00 1.001894342875161659e+00
1.449950598254034162e+00 1.011291846113507642e+00
1.411913019334072539e+00 1.006470591559552652e+00
1.453822982592463564e+00 9.975256054621488566e-01
1.431028598083597059e+00 9.984578102959367207e-01
1.420360762006048994e+00 9.959032379787077227e-01
1.486458901448872272e+00 1.001460870051393170e+00
1.408143286366658531e+00 1.008944285913249583e+00
1.408746662147768447e+00 9.979654911653189631e-01
1.473366660066798728e+00 1.002399716806625651e+00
1.449608647605896472e+00 1.001186253249982450e+00
1.466299691004032235e+00 1.001883605409593869e+00
1.422547655672294464e+00 9.984898309009941908e-01
1.478155849415066836e+00 1.000839398060809460e+00
1.418487279221841035e+00 9.995433066720018633e-01
1.430192172522852356e+00 9.991924306158779245e-01
1.447307555484097508e+00 9.988795424822108915e-01
1.482618602360030957e+00 1.000578985087598349e+00
1.409832453357013460e+00 1.002440574921630967e+00
1.440767190008532150e+00 9.988293241142206513e-01
1.440875530324688514e+00 1.002657281485068275e+00
1.477331203511894619e+00 9.977554986811155713e-01
1.486233381351431460e+00 1.001617371630043163e+00
1.474854567747277079e+00 1.002909024807895122e+00
1.481668454045915295e+00 9.964357825516756417e-01
1.457789755573264179e+00 1.003297150142058447e+00
1.430092756126180698e+00 9.975020434252653834e-01
1.469486576442840420e+00 9.996191949968296075e-01
1.411098953102696729e+00 9.876351395374693976e-01
1.417676933730608768e+00 9.917214579785240680e-01
1.471466140056712169e+00 9.975472680810494319e-01
1.459025568970248043e+00 9.991518400929322308e-01
1.483167845716585109e+00 1.001870041499285602e+00
1.414481591793514736e+00 1.000116751723019171e+00
1.479509325288719035e+00 1.000806507216070562e+00
1.445986116507775643e+00 1.003975246251934017e+00
1.427452643722037395e+00 1.003950810683421180e+00
1.425949073850503845e+00 1.002600109840063647e+00
1.486236722701669510e+00 9.988041698897318632e-01
1.448369335601827013e+00 1.001883624675051987e+00
1.420609351856167990e+00 1.000247181146048714e+00
1.405669328227617365e+00 9.975352377381875302e-01
1.400777536069739648e+00 9.982750231707242516e-01
1.449810083424057039e+00 1.000115689397962138e+00
1.480105032844222013e+00 9.997214772191036491e-01
1.485584730572653722e+00 9.983981149425693591e-01
1.444242028112705079e+00 9.973436784838145552e-01
1.420392188891406615e+00 9.980329495094064640e-01
1.486066424125807695e+00 9.996809325024473836e-01
1.468089573948007764e+00 9.976855547555397719e-01
1.487073885626238212e+00 1.002170521925539015e+00
1.486100959828610790e+00 1.008733149730144385e+00
1.486315185658398264e+00 9.963992473050334864e-01
1.486655354967121090e+00 9.987955500033547374e-01
1.483230455634198863e+00 1.000791208903917928e+00
1.471076443713281945e+00 9.981079021285441666e-01
1.475604338927154036e+00 1.003369252764726660e+00
1.486505620251055815e+00 9.959777351186669403e-01
1.411827772031223116e+00 1.004956089952505849e+00
1.409552065978507462e+00 9.942499205734015577e-01
1.476074637689869906e+00 9.989680833508904900e-01
1.471573356368335972e+00 9.990198937477879904e-01
1.477204241992414069e+00 1.007317972011602558e+00
1.459218068737591523e+00 1.000473676706650661e+00
1.486309565993231940e+00 9.880086284760017934e-01
1.449177275905211948e+00 1.001757351612533764e+00
1.483483443266512047e+00 9.869486175614051726e-01
1.487271468796175444e+00 9.988724760919142076e-01
1.456278972481098721e+00 1.000703031493914263e+00
1.487657345755395877e+00 1.000166959929331689e+00
1.481776599297611741e+00 9.992944134854067073e-01
1.418575141015145924e+00 1.001334329212464125e+00
1.404165379493552690e+00 1.002162932416543528e+00
1.487567664570392356e+00 9.994878437697616302e-01
1.488221446570872741e+00 1.000092920678937292e+00
1.476259990687426527e+00 9.988495827589244369e-01
1.486020654913727812e+00 1.001943397473537889e+00
1.486817310422288152e+00 1.001543467494736772e+00
1.486767738333324651e+00 9.975034202209428491e-01
1.476697347230594870e+00 9.985911164633024528e-01
1.480020291952799605e+00 9.896805859655550819e-01
1.483218022561902050e+00 1.004065754879910788e+00
1.463609874194240046e+00 1.002069758545669931e+00
1.487920771439950496e+00 1.003743811000310515e+00
1.445461539669954831e+00 1.001935463035503071e+00
1.486069657466789096e+00 9.897593849627238649e-01
1.486405074243176250e+00 1.008902376252757804e+00
1.486571185224134117e+00 9.956495565096611378e-01
1.486032245074265346e+00 9.999552632043731126e-01
1.457474828292275371e+00 1.008711832769056516e+00
1.479706927303323205e+00 9.923029498818055627e-01
1.429617337361864582e+00 9.952152108361720373e-01
1.413675504020970086e+00 9.995734367376754026e-01
1.476370586174200028e+00 9.987684656194720789e-01
1.478203446270853094e+00 9.917579938704894627e-01
1.405330604721697352e+00 9.975287602046355451e-01
1.417446947056408613e+00 1.000426201706554385e+00
1.436405551520145485e+00 1.003762330927626900e+00
1.407270313128308858e+00 9.985507026072044656e-01
1.412015462980188873e+00 9.970935448380680022e-01
1.445430734482744839e+00 1.002000142822730977e+00
1.468437637042952826e+00 9.999957671541412907e-01
1.422815821375374989e+00 9.995907160605012054e-01
1.407172347436901116e+00 1.000201967283665505e+00
1.470420464447092623e+00 1.002106188492539962e+00
1.458059012430101165e+00 1.000666710239735302e+00
1.430953009773690665e+00 1.001301795536002626e+00
1.422641975996187691e+00 9.997145437009189450e-01
1.445710576473052456e+00 1.001167302154783556e+00
1.486365237890778790e+00 1.006322169215438711e+00
1.486489540814822208e+00 1.006772820573000216e+00
1.486024493630175414e+00 1.004659168041650563e+00
1.486055509056933621e+00 1.004374863661968709e+00
1.484251918178533636e+00 9.876013335810833738e-01
1.485586806431139273e+00 1.004266078800849726e+00
1.424163056704715880e+00 1.007624959554155764e+00
1.466253768563810400e+00 9.971380171593923203e-01
1.487228372866016279e+00 1.009336642538779749e+00
1.487209495487495037e+00 1.006027374691760734e+00
1.486292864502537281e+00 1.004489279744699815e+00
1.482689566370897882e+00 1.005322918012179434e+00
1.486999595652279682e+00 9.991770947488478605e-01
1.485465764544162903e+00 9.913278175932591640e-01
1.485884019395657063e+00 1.010763230058790763e+00
1.486703609887266797e+00 1.004646280161553218e+00
1.486843074708135592e+00 1.003576638308206315e+00
1.486740020351428271e+00 9.981305610420035945e-01
1.486418177275765640e+00 9.952801608331973693e-01
1.486159970712928269e+00 9.959920455613718859e-01
1.470835971824384414e+00 1.004449484712900631e+00
1.485592194835189339e+00 1.001536960377483076e+00
1.481399540319291663e+00 1.008990529422171933e+00
1.486655912041535244e+00 9.989928085474280017e-01
1.422390298301044131e+00 9.936014649849158609e-01
1.483893375608782650e+00 1.007267138657793160e+00
1.482873701487617213e+00 1.001696191332527963e+00
1.489628572592689659e+00 9.918702679727516847e-01
1.487320980656336999e+00 9.938983352163444085e-01
1.486781246625461961e+00 1.007151712265309973e+00
1.418180388072994846e+00 9.945169981353528810e-01
1.477783935022136008e+00 1.000970292848718080e+00
1.486184215050343926e+00 1.009754061322925223e+00
1.444104802694427869e+00 1.009825186636355010e+00
1.433825417243935751e+00 9.966903764158757673e-01
1.440695289363321141e+00 1.000475638743230311e+00
1.436409846044857996e+00 1.013667255564250302e+00
1.487579353142025385e+00 1.004967903931250017e+00
1.487928108978284758e+00 9.984099858220758517e-01
1.482552458756876579e+00 9.999962107942139689e-01
1.439385479145608215e+00 1.000767315967487914e+00
1.486028032125217724e+00 9.939124806508399246e-01
1.428519958682303193e+00 1.000538788322012707e+00
1.486724374218449940e+00 1.003637764564934365e+00
1.483186074195564474e+00 1.005051897597676991e+00
1.480506050722239397e+00 9.965364271765135840e-01
1.416083421643347551e+00 9.986418326445226645e-01
1.486414102596832931e+00 9.990131114924947209e-01
1.407943357635115467e+00 1.001324338407590053e+00
1.486907259457111108e+00 9.975538795295481043e-01
1.414171850861116297e+00 1.001575181633000522e+00
1.434082402243750387e+00 9.984320241463373602e-01
1.442540310560810779e+00 9.969693442025892027e-01
1.431096202293454134e+00 9.967665346798723069e-01
1.420527810241040356e+00 9.997924448461354974e-01
1.409281040747651925e+00 9.953714084233242776e-01
1.409814818626610400e+00 1.000773079345324890e+00
1.444823848678709277e+00 9.995342723732212331e-01
1.460364617134192189e+00 9.979735183458853243e-01
1.433493420444283073e+00 1.001359803617956956e+00
1.415840366116179139e+00 1.003723931675855940e+00
1.435913613349217410e+00 9.971985392815090332e-01
1.471057086129245350e+00 1.000305301004114078e+00
1.459141863207446654e+00 9.999801180023378810e-01
1.444568053128577612e+00 9.999270652151579508e-01
1.480510885568639967e+00 9.990921289718900367e-01
1.426761912290314571e+00 9.964018033875261526e-01
1.409001536349268724e+00 1.005699176684307528e+00
1.420472155483520682e+00 1.004888890582714689e+00
1.486250950839937524e+00 1.000085014937406314e+00
1.453060779996766749e+00 1.003816394616619423e+00
1.432042416785711092e+00 1.003144723089658186e+00
1.434978423879752940e+00 1.000457897799282181e+00
1.413941230063614496e+00 9.935100927115256830e-01
1.418997715150409622e+00 1.004864431212784570e+00
1.421977813337274910e+00 1.001556928326808871e+00
1.410769593007255240e+00 9.954205749003809389e-01
1.465015740681107070e+00 9.995812594192290401e-01
1.445406467283393059e+00 1.002903777717365275e+00
1.429063634498113133e+00 1.004836164645921182e+00
1.474648475821040305e+00 9.997751498470262010e-01
1.411307050385483208e+00 9.995624579994603076e-01
1.474580902138270089e+00 1.000197628243834735e+00
1.411585689959337975e+00 1.002906216012038998e+00
1.482864724231928832e+00 1.000593670190959239e+00
1.420742102763187464e+00 1.002138419780463030e+00
1.417116136729608566e+00 9.947483364248316251e-01
1.469728697808159401e+00 9.995873386251258319e-01
1.423331532448520287e+00 9.999913662959678540e-01
1.463860707974615316e+00 9.987930495104295758e-01
1.409799238027435120e+00 1.000497818313408560e+00
1.419316012240936731e+00 1.000027983760811923e+00
1.478599079547235906e+00 9.980071372391745577e-01
1.439494411369687477e+00 9.996404709704549418e-01
1.438787525507513099e+00 9.996891637087211846e-01
1.435999802006062698e+00 9.988783877807967393e-01
1.414624431818632289e+00 1.000228840438691202e+00
1.441246715139848922e+00 9.983860859042641422e-01
1.454238494469732856e+00 1.000166251972791631e+00
1.434588565286660788e+00 1.000162289863064435e+00
1.476736342089564280e+00 1.005112920882011762e+00
1.424751221282281266e+00 9.939845383667776924e-01
1.428716294924555985e+00 9.979959622605739655e-01
1.486435873593434653e+00 9.947728690766441950e-01
1.472839860027085557e+00 9.955308054678436713e-01
1.409307148991616243e+00 1.000860413085631340e+00
1.439298015139283127e+00 1.003139090563546665e+00
1.421025494490057328e+00 9.996682923347217642e-01
1.428103193655397618e+00 1.003587061780977674e+00
1.462227184916407019e+00 1.005952019615547366e+00
1.437679758748513059e+00 9.982760169079420987e-01
1.415646877647695367e+00 1.001997655665704867e+00
1.447084172895924947e+00 9.996995928559319067e-01
1.419898040450909171e+00 1.001375825208011161e+00
1.417774945030733535e+00 1.003278109788003469e+00
1.455335527227496373e+00 9.988459116718104713e-01
1.411166803480234266e+00 9.965217401950869913e-01
1.428169594177835844e+00 9.979293788223001505e-01
1.424658460391346804e+00 9.999910016293517279e-01
1.429025432795632877e+00 9.985597942398325433e-01
1.418088462679086170e+00 9.994821388854480126e-01
1.443624800251966045e+00 9.965055980327870433e-01
1.409721400739036845e+00 1.000630134105530811e+00
1.420722310090323459e+00 1.000451377296416311e+00
1.418928629682557396e+00 9.994960688046262698e-01
1.427486467916814439e+00 9.998909777792370779e-01
1.425412609620613225e+00 1.001897390866803850e+00
1.432601128124494139e+00 9.994178322052773566e-01
1.427049124777018951e+00 1.000365217422490849e+00
1.419957626682177398e+00 1.004523154370452698e+00
1.470726215537883075e+00 9.997745320528383939e-01
1.464807629927251886e+00 9.996949797919388869e-01
1.448647123950304483e+00 1.004313721037804363e+00
1.444220591996113967e+00 9.974688469786894274e-01
1.411535545511722889e+00 9.979186399430436394e-01
1.410822456145882864e+00 1.000586910380134587e+00
1.413805792267720962e+00 9.995948896592165012e-01
1.421204377612012015e+00 1.000743809711997390e+00
1.422383866110473738e+00 1.001375597897653513e+00
1.435892096623700986e+00 9.999155988706732723e-01
1.423450401287115419e+00 1.000196817246015391e+00
1.428569036845521278e+00 1.001101765837712598e+00
1.466282095127847240e+00 9.998063165220810733e-01
1.424644131857123908e+00 9.994198232484732269e-01
1.451588172821153266e+00 9.972059509140718259e-01
1.409670873210657538e+00 9.999577380610945587e-01
1.414433602396623302e+00 9.989357491089324581e-01
1.459934651879203127e+00 1.002439041033136080e+00
1.471208695009177836e+00 9.997376541755492729e-01
1.441529044087477063e+00 1.000454959923945397e+00
1.476048921388906754e+00 1.000241274950127490e+00
1.457781522721594225e+00 1.001186489648099531e+00
1.410710556417036132e+00 9.939422632144849779e-01
1.479356401468993498e+00 9.997379955692148323e-01
1.486500841929129901e+00 9.990757709889813709e-01
1.465271892805685816e+00 1.002697398931182260e+00
1.454144895712239371e+00 1.000750339964839641e+00
1.483637147291490654e+00 1.000659802248184960e+00
1.469136800296540146e+00 9.998297110295878420e-01
1.485537317009165914e+00 9.982603432994554549e-01
1.485986481201808651e+00 1.002876159233016873e+00
1.480383747339077516e+00 9.945843993604014388e-01
1.484602674678557888e+00 1.002349512781958385e+00
1.480988842486613111e+00 1.001611920055153648e+00
1.486021636980723093e+00 1.001585108443916905e+00
1.446081693067252649e+00 1.002739094555277433e+00
1.417362624151859318e+00 9.995373312570847713e-01
1.481818952880615381e+00 1.002027472416199494e+00
1.486262192533505111e+00 9.960642229587142182e-01
1.480233194158518506e+00 1.002352477794335783e+00
1.480258159233314608e+00 9.990056604160887366e-01
1.460363473312309868e+00 9.950859999755984342e-01
1.421535616087048481e+00 9.991912890481472465e-01
1.485986645861544497e+00 9.955993464573885676e-01
1.435079581461254472e+00 1.003471490743915506e+00
1.423507195743364706e+00 1.000869023074882902e+00
1.460818400690660601e+00 1.004663073808830243e+00
1.421159477167141860e+00 1.000652431032938106e+00
1.429348400324028656e+00 1.003791998800707130e+00
1.486204539296276605e+00 9.969602577638592145e-01
1.474019984148552620e+00 1.003794406101952363e+00
1.486006257724574731e+00 1.000445731611101730e+00
1.471939565969608399e+00 9.986669600607758213e-01
1.483502035378661210e+00 1.000885034631827875e+00
1.483352208481705681e+00 1.000341436515765015e+00
1.479049917709866158e+00 9.991120187541639996e-01
1.485063044125488174e+00 9.976591960808837145e-01
1.485437013148736662e+00 9.997533953873704027e-01
1.474257699899304663e+00 1.001103128480482329e+00
1.482925573603458558e+00 9.994844079749997112e-01
1.471492190313254511e+00 1.000144690131963721e+00
1.477168838440215737e+00 1.000582103952445623e+00
1.480840005727980246e+00 9.994786159169443129e-01
1.473420069100781271e+00 9.954619234197076283e-01
1.486038818156771857e+00 9.979766197511755754e-01
1.486632044203538339e+00 1.001824929322677971e+00
1.485024823340534539e+00 1.000676144133732404e+00
1.486904284861185976e+00 9.998800147508972724e-01
1.486609584783264548e+00 9.991771832548135279e-01
1.482074090193437055e+00 1.000150314711585331e+00
1.483411893654629221e+00 9.998589726442166370e-01
1.486736879901701336e+00 1.000102183444683934e+00
1.479325389216786579e+00 9.986974372785787368e-01
1.478325746841192334e+00 1.000120267121182849e+00
1.486635449791398500e+00 9.993451582439835112e-01
1.486284939573803587e+00 9.985045734901376591e-01
1.481920822419418915e+00 9.996456942947649082e-01
1.478431081157014271e+00 9.998690489397805692e-01
1.486939784908023254e+00 1.001536788020919166e+00
1.483330227644563237e+00 1.002240740865383062e+00
1.486088753692670350e+00 9.993572208874333951e-01
1.486220161063114942e+00 9.969711392545206330e-01
1.485605441740471822e+00 1.000107125321409773e+00
1.481231590478977900e+00 9.967268113692013820e-01
1.484944447883365770e+00 1.002050327709508082e+00
1.416363731244212998e+00 1.000358287808224445e+00
1.485615362108864801e+00 9.992278432337939886e-01
1.486055638022951708e+00 1.000644000490338081e+00
1.445687270736853103e+00 9.966604447934119815e-01
1.474837323258877397e+00 9.964667510058553557e-01
1.472425233698540170e+00 9.972441660968243138e-01
1.459469210100582615e+00 9.985733749285532479e-01
1.432827233995832117e+00 9.972432266491428887e-01
1.486297979852751805e+00 1.000021002177928331e+00
1.430183820843369924e+00 1.003515662915016371e+00
1.481080560577559879e+00 9.982447971666394970e-01
1.443058400783894690e+00 1.000192869073445845e+00
1.485175518735544653e+00 9.998536175901564516e-01
1.479802254929766692e+00 1.000389140326063409e+00
1.482670915557475100e+00 1.000606458391618103e+00
1.463299178542220469e+00 1.003114577287998799e+00
1.486212774171555839e+00 1.000231632360365719e+00
1.486305637204384800e+00 9.999680781734003876e-01
1.486343371290675064e+00 9.980121500711468530e-01
1.486022195462562312e+00 9.995976331280003180e-01
1.486494273182880521e+00 9.990322130801104761e-01
1.484523097446994067e+00 9.991980872050104656e-01
1.475739243594614170e+00 1.000813153961809254e+00
1.486148923412508482e+00 1.001382588061379142e+00
1.460757001774564134e+00 1.002093227508827011e+00
1.417135125225946091e+00 1.004087600143535486e+00
1.486381740025201514e+00 1.000009078743749003e+00
1.483097751781049078e+00 1.002281015159918631e+00
1.486431883235751039e+00 9.992443538218959143e-01
1.459311636238968424e+00 9.993099702249014227e-01
1.479687513865584725e+00 9.981233258019769350e-01
1.457340612206877273e+00 1.000434772922540905e+00
1.486508494024451288e+00 9.996479093629778712e-01
1.486271544918769560e+00 1.000875605577841387e+00
1.469277122164303506e+00 9.982186453765665712e-01
1.477108597342629448e+00 1.000100606016807836e+00
1.485194576785639597e+00 9.992336635568499492e-01
1.470358765751419217e+00 9.992123964212608067e-01
1.423643608315576792e+00 1.002847871724607876e+00
1.411015057312621224e+00 1.001331651848599513e+00
1.410085935059735673e+00 1.001420930382227237e+00
1.459566437811437245e+00 1.004998055077215957e+00
1.417788173173567090e+00 1.001199371639557745e+00
1.479187929616100350e+00 9.971100641007459853e-01
1.480192767543035082e+00 1.000700789824325199e+00
1.426795478533670058e+00 1.000555889664241471e+00
1.418913199007202142e+00 9.990066319749002499e-01
1.474564738688179721e+00 9.999615064073958948e-01
1.416981645638941023e+00 1.001822251722853441e+00
1.410192087736840572e+00 1.001811589983640838e+00
1.437558311737528571e+00 1.003181545607097380e+00
1.448095007400258316e+00 1.000380924994875631e+00
1.437092952519874123e+00 9.976605144933345937e-01
1.432844591324648587e+00 9.999598160535045910e-01
1.419193789640548431e+00 9.945251634305023458e-01
1.450246710491863711e+00 9.998013498268085719e-01
1.440010865620179548e+00 9.993326309625211179e-01
1.478611317753499188e+00 1.001027521561125511e+00
1.455803276601868257e+00 1.000155960004918576e+00
1.437303677577514538e+00 9.969853745464665185e-01
1.411574804239897230e+00 1.004850458656335821e+00
1.431055220901318981e+00 1.002082736212066338e+00
1.477072959954266240e+00 1.001614351827520011e+00
1.452672249437198193e+00 1.000182433781852565e+00
1.474761546983985205e+00 1.001896624150932391e+00
1.458729969513772762e+00 1.001591424259568708e+00
1.436295896025015617e+00 9.965828942523400347e-01
1.443536722088107460e+00 1.001565434117820397e+00
1.409008726086890873e+00 1.000728044618224066e+00
1.444798812418518708e+00 1.003328244655420365e+00
1.429811648787227663e+00 1.002801595606697571e+00
1.481482155155371183e+00 1.000025350388468848e+00
1.432012911565233360e+00 9.952864813600945659e-01
1.416888848031079506e+00 9.967190082817641850e-01
1.411131403416792773e+00 9.998358566055965957e-01
1.409532413833580078e+00 9.997448103340630388e-01
1.423794216815334579e+00 1.004727906253726211e+00
1.440340060075801842e+00 1.002538208746846182e+00
1.474254540904570421e+00 9.997967789126298577e-01
1.486274577674081998e+00 1.000882751195522946e+00
1.417554227547453083e+00 1.005806721774031853e+00
1.442387539765596305e+00 1.003795017891172980e+00
1.453893602483057768e+00 1.002404320612567235e+00
1.452469975305502592e+00 1.000729032436509458e+00
1.480238992885056559e+00 9.996745868957486181e-01
1.486342727342556902e+00 9.989559327967102442e-01
1.445490660519225923e+00 9.995519668569543548e-01
1.447939715145865724e+00 1.000577046710328544e+00
1.432676712570470468e+00 9.883630365193206702e-01
1.419971566231843507e+00 9.955210627932076228e-01
1.454943540556703718e+00 1.001803426607239533e+00
1.487454943366115723e+00 9.918444831882643475e-01
1.430069602722946476e+00 1.006684050222380833e+00
1.427203061710029530e+00 1.004462651608321488e+00
1.462011741896208861e+00 9.954718255508131497e-01
1.425868958704318956e+00 9.882195553679943290e-01
1.440523347808329246e+00 1.005497682012693517e+00
1.429193792064195945e+00 9.977495420657938041e-01
1.417514306177923844e+00 9.981140232855405525e-01
1.426585381882053749e+00 1.005035761432827135e+00
1.451668901185598770e+00 9.952433588802056530e-01
1.427933353706984709e+00 9.916896093225985309e-01
1.475102687467439555e+00 9.995818424835760663e-01
1.431718369830191628e+00 9.968527241553439833e-01
1.408793341012216649e+00 9.980040603422112300e-01
1.410594545191555138e+00 9.963572855374054349e-01
1.429143238512966541e+00 1.002175042898574953e+00
1.415222550535562895e+00 9.960652664369528120e-01
1.422363522771239008e+00 1.001975243033106366e+00
1.417940485870094802e+00 1.001632022794315180e+00
1.433282802367025877e+00 1.000506388663628066e+00
1.465388524690201644e+00 9.950170430409105427e-01
1.414719739254413300e+00 1.001986972686919275e+00
1.439962447957205072e+00 9.981317612736064770e-01
1.414850050703253315e+00 9.970532514173285898e-01
1.443464151887961178e+00 9.969149398659115091e-01
1.408524290157381120e+00 9.982549252206425194e-01
1.412146549364584613e+00 1.000992504217615764e+00
1.412237783551010706e+00 1.000022272687496994e+00
1.432283243564595354e+00 1.000073413855597115e+00
1.421478802122146945e+00 9.999424241363925603e-01
1.409764471893538484e+00 1.002432402481248985e+00
1.409187380212435059e+00 1.003989720972797928e+00
1.414058640666630673e+00 1.002350332277803346e+00
1.410551379101317337e+00 1.001317687701378745e+00
1.414445508437748966e+00 1.000859786041011557e+00
1.409715507876721841e+00 9.996992143808536291e-01
1.418861037656517166e+00 9.981039790044985427e-01
1.439097036744272806e+00 9.991677739437926364e-01
1.411703976898486701e+00 9.994042226974891863e-01
1.424350149850298619e+00 1.002522680151796575e+00
1.416182581271920871e+00 1.004276008586895141e+00
1.435721332395706984e+00 9.920641138968011585e-01
1.479602902186638813e+00 1.003051567389763532e+00
1.479526046946158413e+00 9.954914849769950225e-01
1.448564733872417687e+00 1.001057900679401591e+00
1.485986776066489545e+00 9.993848573186021600e-01
1.486568176919681905e+00 9.976196004902048164e-01
1.476917257096305613e+00 1.000005446167203216e+00
1.482850352124949200e+00 9.989308763183115669e-01
1.472143612274375180e+00 1.001343285559258778e+00
1.480066257638616767e+00 1.000781055383631379e+00
1.457127822074941070e+00 9.987768567504675676e-01
1.484915913499286644e+00 9.993752838420727480e-01
1.428825062502657950e+00 9.971818384000605828e-01
1.481914629178774367e+00 9.998006555043532639e-01
1.445018947272856513e+00 9.987018467255489584e-01
1.470348534514946959e+00 9.976150497053466459e-01
1.471303625022238437e+00 9.986186327686085162e-01
1.486015415456026112e+00 9.992877455213596827e-01
1.441824017548530845e+00 1.001311563532306881e+00
1.482073104852801970e+00 9.966863071906726379e-01
1.477794891214531114e+00 1.000873094641063554e+00
1.481362391794116107e+00 1.001834992384558420e+00
1.470163034833316340e+00 9.994813206723133225e-01
1.482716488507910713e+00 1.002515516350576785e+00
1.486416879722686879e+00 9.955724706362714116e-01
1.485818008446383676e+00 9.996286942273457932e-01
1.480555169219614164e+00 9.961855924111115979e-01
1.465581390717927368e+00 9.990700648435439923e-01
1.469476245391231561e+00 1.000782798901918014e+00
1.416760569979045536e+00 1.000792370205308757e+00
1.447721183576220705e+00 1.004146763345309168e+00
1.485869137212385116e+00 1.001854091695535187e+00
1.480669484051467588e+00 9.996792610598046469e-01
1.481418205152930545e+00 1.000249829732248630e+00
1.458603780313015852e+00 9.944623117996866934e-01
1.483914444604760074e+00 9.993752340206965012e-01
1.484531469969382345e+00 9.999156405071937259e-01
1.482470039591267108e+00 9.976913544206335027e-01
1.478866859867265182e+00 9.978649089187746624e-01
1.485106760616986321e+00 9.986331713632636831e-01
1.470895017649431313e+00 9.994718238731862270e-01
1.486209199672653636e+00 9.992235338450867754e-01
1.487364142062831851e+00 1.000331741109169226e+00
1.486232941497958926e+00 9.993348014052620965e-01
1.487355757290978575e+00 1.000100443618006762e+00
1.485988264609725107e+00 9.968387171492396615e-01
1.486305945474165169e+00 9.988773617472623823e-01
1.446416455583743543e+00 1.000956524778687795e+00
1.409553157628181230e+00 9.979607346604034701e-01
1.478508978941488250e+00 9.995970414060748599e-01
1.460464614614404688e+00 1.001964727398496402e+00
1.408268485272705650e+00 9.994098436733492852e-01
1.442295491715291700e+00 9.998957256444068742e-01
1.451485170197279739e+00 9.998907997979044060e-01
1.409676149993085437e+00 1.000631789915294556e+00
1.452342117577453795e+00 9.995169798919135706e-01
1.471912892818693530e+00 9.996568182086885690e-01
1.408586908779692060e+00 1.001993770866386635e+00
1.428034375562440506e+00 1.000677274829011143e+00
1.456024066430493091e+00 9.988066696231364672e-01
1.477048494188109906e+00 1.003197202926978227e+00
1.486550490205785335e+00 1.000154694091176744e+00
1.448421347632057099e+00 1.001603876931017600e+00
1.467922734141448249e+00 9.991225501800625741e-01
1.467273866746661826e+00 9.994183160039541436e-01
1.469423900912709025e+00 9.974905497176224101e-01
1.457668348185432672e+00 9.986947511697984448e-01
1.430167445693868666e+00 1.001857423425190463e+00
1.442008452072463198e+00 1.003736835802313765e+00
1.468180018424207534e+00 9.998520930092287262e-01
1.415232692614956100e+00 9.995570705335192763e-01
1.417721960924617886e+00 1.001708756124146449e+00
1.428591505483173263e+00 9.996176829693158572e-01
1.412570304098276663e+00 9.958565026897753247e-01
1.447491286056663995e+00 9.999578118890993794e-01
1.460209745803678238e+00 9.999692051941599935e-01
1.478303554620982618e+00 9.977477103887868459e-01
1.438792859560166670e+00 9.998462554352289811e-01
1.474134224344135102e+00 9.980630075380345634e-01
1.453153240589274642e+00 9.997180384289091615e-01
1.409647923733597930e+00 9.993483131765943384e-01
1.432645474889242987e+00 9.998124168550027724e-01
1.453346203916433765e+00 9.994033974882156057e-01
1.461341767165696970e+00 9.982575701599758489e-01
1.440012833115243085e+00 9.964681837585919189e-01
1.421129164379852927e+00 9.986429448257410080e-01
1.413033867401552568e+00 9.961143561405773061e-01
1.408699763250682802e+00 9.991895135933616112e-01
1.486057597492207227e+00 9.996612304816797634e-01
1.429195444461451414e+00 1.001382473067154111e+00
1.456392469730922956e+00 1.000113006634916424e+00
1.415474680894537318e+00 1.000845877003965434e+00
1.483879856138445419e+00 1.003844501623422314e+00
1.487684240275152003e+00 9.962908431563729517e-01
1.479255937342699889e+00 1.004131711179658604e+00
1.403241673839871417e+00 1.001247299098173560e+00
1.447760934049529213e+00 1.003521962549166924e+00
1.420509508030017409e+00 1.002009456677070087e+00
1.445007194781786408e+00 9.950462230969455701e-01
1.415897000773429726e+00 1.002333039271170012e+00
1.418697249760727530e+00 9.991974596179922230e-01
1.429385617232087791e+00 9.966261391825209648e-01
1.473533227637380039e+00 9.941833571825380300e-01
1.470763128876231729e+00 1.002769476345143129e+00
1.461878473296581715e+00 9.942424832870691009e-01
1.426087303238756654e+00 1.005563649725379483e+00
1.486758889489984137e+00 1.002220862849899419e+00
1.483284192739626306e+00 9.946835111336403967e-01
1.420535009862190279e+00 9.990261260598825022e-01
1.409812387056042837e+00 9.970315614061349141e-01
1.410429019550904828e+00 1.005203190082547549e+00
1.450955988853183110e+00 1.005153381890717901e+00
1.488233773140871907e+00 9.911982991543197841e-01
1.467604076650115053e+00 1.003263898468276683e+00
1.487645440680068987e+00 1.001042767802501121e+00
1.477687028759896659e+00 1.004925982563700693e+00
1.484576033515093707e+00 9.982811859017020062e-01
1.486187801024816402e+00 1.005067673256708760e+00
1.488576832572880315e+00 1.002942560437535713e+00
1.485393367875631698e+00 9.942297707987856059e-01
1.486867486185941667e+00 1.006937331510217692e+00
1.486194859993521078e+00 1.001441903386156129e+00
1.488195916165476085e+00 1.003994279326575478e+00
1.486065553778444626e+00 9.987689858538376653e-01
1.486312978731533896e+00 1.003260309912340720e+00
1.486972558633338659e+00 9.987141106086520059e-01
1.486574952012400752e+00 9.962005598030845288e-01
1.483478073452580315e+00 9.965227275458505840e-01
1.487445326082434960e+00 1.005540327207507856e+00
1.487665118166964673e+00 9.972793590147361886e-01
1.483526668546677918e+00 1.001879076099888355e+00
1.483162465752129400e+00 1.001532278762631956e+00
1.486358901365331553e+00 1.003597618601629771e+00
1.486465158504978179e+00 9.937665410620264428e-01
1.486944496970787899e+00 1.004206826944544995e+00
1.488486556648254133e+00 9.966600281056717803e-01
1.485432400549617338e+00 1.004789184611466268e+00
1.488134603298938208e+00 1.007628809415782811e+00
1.455386005168455732e+00 9.949131269112440057e-01
1.486860103675654576e+00 1.006081664180902502e+00
1.486423813069144950e+00 1.002825379463118116e+00
1.468499224956852034e+00 9.996891403449275071e-01
1.486860463980695934e+00 9.999544872557126762e-01
1.486401061659239131e+00 9.983762672831979490e-01
1.434483534416795658e+00 9.988991233716928431e-01
1.491190581173169161e+00 1.000625575058247119e+00
1.477869525956601260e+00 9.966532232147484738e-01
1.481545322435907197e+00 9.998605765791256372e-01
1.477964877617311767e+00 9.992961792964095702e-01
1.483625439379966604e+00 1.000545861279152460e+00
1.483938151055132826e+00 1.000753104905527380e+00
1.459746440260603295e+00 1.002223886909561879e+00
1.426107248478892364e+00 9.988360773013866822e-01
1.452802330302884526e+00 1.001231618509045296e+00
1.463149493874765561e+00 1.000741431240154355e+00
1.477073794538965368e+00 1.003627650308043906e+00
1.454607750791294896e+00 1.001746045112618999e+00
1.479547889138667083e+00 9.979392614849709187e-01
1.482894851041875794e+00 9.994077537919417997e-01
1.488828080547332622e+00 9.995660518376949799e-01
1.486787061370187235e+00 9.999622043079059441e-01
1.462697749048428753e+00 1.001111859681807381e+00
1.404699599512442942e+00 1.001377482533527985e+00
1.439420037826507848e+00 1.000424537172871498e+00
1.417310912750394891e+00 9.948751018380016520e-01
1.484626733683605426e+00 9.924179250300229072e-01
1.470072464619671448e+00 1.000537828084270275e+00
1.428937063953858333e+00 9.937201973482078232e-01
1.487506026756403976e+00 9.963803557244430564e-01
1.487320655070908604e+00 9.973464945257607406e-01
1.485031951393804395e+00 9.997041954396123087e-01
1.456572025327815600e+00 9.993236609060011100e-01
1.407276212946258820e+00 1.000084329108847481e+00
1.488958360976690765e+00 1.000738579803474471e+00
1.408837982030571201e+00 1.001584727704333488e+00
1.406701747177403483e+00 9.979128222574724649e-01
1.411480192552882373e+00 1.002557371916331652e+00
1.447389688041790023e+00 1.001641413762332844e+00
1.418920329110667566e+00 9.980010226240485505e-01
1.420887524003116242e+00 9.969270842972900448e-01
1.464695026596636529e+00 1.002046572631577037e+00
1.427680143200877660e+00 1.004425515612819231e+00
1.469500671073900255e+00 9.995280877006730291e-01
1.426180185497379460e+00 1.007165515823834401e+00
1.429583728980769797e+00 9.943599987282737418e-01
1.438008921855900679e+00 1.001400160999156075e+00
1.437213569194842666e+00 1.002527803614862600e+00
1.471312693899347490e+00 9.985581988029997857e-01
1.434112351218416181e+00 9.959826916731805424e-01
1.435242492405844672e+00 1.001779467928827660e+00
1.409576414966430047e+00 1.001217866854446026e+00
1.468345104709843474e+00 1.001486431393429744e+00
1.442920073727139041e+00 9.963856072308460154e-01
1.473455742014611269e+00 9.994898446412651127e-01
1.420247520051607371e+00 1.007110595461336189e+00
1.422006018947198358e+00 1.003162289241040783e+00
1.449065889133263951e+00 9.997083219832555434e-01
1.413483831473420382e+00 1.007099284911752823e+00
1.434857678060147856e+00 1.002814482249075434e+00
1.428712474047249659e+00 1.002585481219276486e+00
1.428957569670322281e+00 9.991785657319040004e-01
1.411684853816913998e+00 1.005220479737829020e+00
1.439622534709867452e+00 1.003906831077619355e+00
1.442610526852619479e+00 1.001464375974524978e+00
1.416215920487376323e+00 1.006407889808830225e+00
1.409663179937497013e+00 1.006289497860451965e+00
1.482110448617987908e+00 1.000392897882042220e+00
1.438372949591081529e+00 9.974089817885878340e-01
1.409944723404905176e+00 1.006986207296270086e+00
1.409226827037625807e+00 1.004328068909970062e+00
1.462767047568557466e+00 9.992790764162968742e-01
1.440026145454254669e+00 1.000456129092383017e+00
1.441492851502281125e+00 1.001246420489651845e+00
1.438447119353217785e+00 9.967513948117282530e-01
1.460178191886487786e+00 9.965015918855103516e-01
1.457460785835478223e+00 9.981541323223459550e-01
1.486321703004030770e+00 9.973641240534326657e-01
1.486399854627246775e+00 9.989133127123097644e-01
1.419773508973637632e+00 1.001799950844884490e+00
1.420540129346100855e+00 1.003697685654072469e+00
1.479332583870535567e+00 9.975589727124359873e-01
1.440095927162279965e+00 9.996249866704830511e-01
1.454698938335219349e+00 9.999782972172829298e-01
1.431466909453935843e+00 9.995823321272229167e-01
1.483525715029342162e+00 1.000763204244648819e+00
1.444576361717538227e+00 9.977889245045896693e-01
1.485634521719527701e+00 9.967275422492012371e-01
1.488375706718167324e+00 1.004824993214769258e+00
1.487278411455342564e+00 1.001665068180500162e+00
1.447312030807224259e+00 9.989189426176868780e-01
1.431140649278978438e+00 9.969844978743409580e-01
1.426824602812575726e+00 9.995571033695891394e-01
1.432626439797974882e+00 1.000467068324311537e+00
1.412625807683427048e+00 1.000142279369883314e+00
1.486433225618985832e+00 1.000256904663220592e+00
1.484480214348797400e+00 1.000368144116277280e+00
1.433168426240290616e+00 1.001661885945294372e+00
1.431047051611303633e+00 1.000370577687910378e+00
1.440988998130990906e+00 1.000801769463908864e+00
1.457835773837418580e+00 9.975097620361723649e-01
1.468296297452723609e+00 9.992862146724406092e-01
1.485348382898948216e+00 9.956470906204245575e-01
1.486480825384456139e+00 9.992364962279201013e-01
1.472877068963661440e+00 9.996459775468246045e-01
1.471980854115017445e+00 1.002183933082637424e+00
1.433313988274132589e+00 9.947249221315022094e-01
1.407868715215188526e+00 1.003214875652396421e+00
1.486665169316660151e+00 9.990016672577954893e-01
1.461259091807746602e+00 1.002639107697379739e+00
1.463345926083194692e+00 9.998087951672839369e-01
1.455180562165904634e+00 9.995803325459059474e-01
1.423727949789355574e+00 1.010495214648343687e+00
1.450270590387184866e+00 9.958988058046097658e-01
1.486144556682674978e+00 9.999517654799001676e-01
1.438790465681736519e+00 9.977070480390926033e-01
1.457962878921639227e+00 9.983478993332138840e-01
1.462985086834113657e+00 1.000411406337946341e+00
1.485485492312388578e+00 1.004065430227316202e+00
1.474310442681220135e+00 9.990436799630639797e-01
1.486066215640553745e+00 9.963820362606951031e-01
1.409534915375094677e+00 9.925915440735604278e-01
1.424004427986691468e+00 9.989334469033198660e-01
1.426747756781453713e+00 9.995207722559472652e-01
1.484745388812130473e+00 9.992121898573879113e-01
1.488883368487812664e+00 1.000450586236274697e+00
1.446483874682623627e+00 9.998278404320866120e-01
1.484294045395029293e+00 9.998256431653753662e-01
1.447761032640672463e+00 9.958055039707987000e-01
1.478092160611012673e+00 9.976697478098617289e-01
1.483821992652376798e+00 1.004437538457032986e+00
1.467075002785228843e+00 1.000077139069976306e+00
1.486090514873493973e+00 1.002110172573167590e+00
1.484170074375658954e+00 1.003048069872721992e+00
1.454371975577194220e+00 1.002397865657469023e+00
1.483120722413611148e+00 9.984546301160177606e-01
1.489567556058696063e+00 1.000360239837472909e+00
1.420974218275385947e+00 9.962035225068291977e-01
1.486263735383658302e+00 1.002236829384216099e+00
1.476295452761613669e+00 1.002677672018248867e+00
1.486210580670790149e+00 1.003319155931093665e+00
1.421668038987125460e+00 1.003867426791140494e+00
1.486046773859066139e+00 9.989406720493497760e-01
1.485311846220276122e+00 1.003093798277008952e+00
1.486033714492602131e+00 9.983229273826379480e-01
1.482718143585221249e+00 9.983838737561893106e-01
1.454141327549306917e+00 9.986121013057517315e-01
1.447576021037049632e+00 1.002177521993894871e+00
1.484727059727961151e+00 9.995001136328047764e-01
1.464516465743386009e+00 9.992471340441290151e-01
1.479995056368631712e+00 9.968132655062504899e-01
1.484598650207955339e+00 1.000855485643431741e+00
1.486106996564086513e+00 1.001083487819812934e+00
1.485859916392694879e+00 9.986825399532263114e-01
1.484852733009529580e+00 1.001260996424871541e+00
1.464771164036616113e+00 9.990870343040754165e-01
1.468362365388984125e+00 9.985679091436362453e-01
1.485707784874900295e+00 1.002757480165190396e+00
1.486023466991800435e+00 1.000227645413853006e+00
1.486020034620112229e+00 9.976226027164314392e-01
1.482271120111684715e+00 9.989568845635220518e-01
1.462830399411661153e+00 1.005955085660780401e+00
1.477317330158224307e+00 9.913267992177905441e-01
1.481056988043382816e+00 1.000163529660085260e+00
1.486248079170886083e+00 9.998961528458955028e-01
1.466004775684423667e+00 9.991389571888733556e-01
1.469373418920331575e+00 9.996649370120649358e-01
1.444029411641963190e+00 9.990822878720527767e-01
1.485644916195296705e+00 1.000775969430965029e+00
1.486324052718650979e+00 9.999527860597567930e-01
1.480324970759662628e+00 9.971597775982981027e-01
1.480835649244410135e+00 1.004325034236196235e+00
1.484173719270120539e+00 1.000304853327585786e+00
1.486724023843688736e+00 1.000767710580012571e+00
1.486273521188024471e+00 1.000933292548731313e+00
1.477905854883062586e+00 9.934136858540782988e-01
1.486098119202420520e+00 9.991272864117184405e-01
1.478965901508657810e+00 1.000371557197977657e+00
1.474755394160664590e+00 9.994156827992627390e-01
1.481839732245266550e+00 9.995972221214836084e-01
1.457464962683157506e+00 1.004416741620415499e+00
1.477306788687335226e+00 1.001924232914735091e+00
1.483071411548484653e+00 9.994078313962994065e-01
1.408894063212416503e+00 1.001404982566348689e+00
1.485223466373594370e+00 1.000782459578009487e+00
1.400508640991469766e+00 9.959418056716137224e-01
1.488306955818064159e+00 9.974158768133739583e-01
1.486274093278163733e+00 9.998478734719329353e-01
1.484704349451509975e+00 9.954156964845565225e-01
1.486512162125105618e+00 9.934310328253622702e-01
1.476120811559121559e+00 9.985476219343280002e-01
1.487038740820226579e+00 1.000979342510378789e+00
1.475611882253188289e+00 9.982825718172706475e-01
1.482200787694037958e+00 1.001384801675879732e+00
1.484995966586282412e+00 1.000202835470689111e+00
1.477945983844114686e+00 1.001092174703829274e+00
1.480448154454050647e+00 1.001569194474015712e+00
1.469473520956508850e+00 1.001348920663475361e+00
1.459203919235131153e+00 1.001955901708300400e+00
1.469901511211015643e+00 9.996827270248209718e-01
1.482626649870666835e+00 1.001091783636616217e+00
1.486430202939622136e+00 1.000650507669357037e+00
1.484945831107839176e+00 1.002138977633276973e+00
1.420312776606369676e+00 1.005525770374689820e+00
1.426689989195998320e+00 1.000289620468266749e+00
1.472242408321099871e+00 9.996070019495244541e-01
1.429248264186961048e+00 9.985670390962163578e-01
1.454466442742122334e+00 1.002279030413851801e+00
1.421164814171383073e+00 9.982967312185572206e-01
1.408409742611989701e+00 1.001050211907185794e+00
1.483729746780811487e+00 1.001752447399565593e+00
1.422073286641658107e+00 9.944733592535917044e-01
1.490866498480749147e+00 1.002697083825523583e+00
1.490318185925999739e+00 9.990859493022888893e-01
1.487345938889125030e+00 1.005269838384622583e+00
1.400771884450544125e+00 9.972848473056032947e-01
1.419773614828572228e+00 9.980554079489950547e-01
1.462830280405926331e+00 1.000474997117468678e+00
1.445530576471728335e+00 9.997762942945827014e-01
1.405539340544086357e+00 9.970541070164615771e-01
1.439252001825421567e+00 9.923356356501055187e-01
1.486749714584848059e+00 9.966863615443953828e-01
1.425030038695808354e+00 9.999671909472075404e-01
1.484402480173108163e+00 1.001209258296736015e+00
1.467230337617899671e+00 1.003661293140480248e+00
1.459473580745263677e+00 9.938515772178680985e-01
1.481473064405923301e+00 1.006616013105669616e+00
1.486460458053535216e+00 1.001545977721872482e+00
1.483497043112558034e+00 9.965448164905272854e-01
1.480726400362402995e+00 9.932996051680257343e-01
1.485590815394560282e+00 9.992108655964427877e-01
1.480943670264608825e+00 9.922680508108607800e-01
1.437295094911624771e+00 9.956691209806288745e-01
1.441289260134141159e+00 9.989852826077725290e-01
1.447842340090858215e+00 9.943299908167203549e-01
1.485239602451884799e+00 1.000672686037162640e+00
1.486350495663858240e+00 1.004953148875427305e+00
1.468944708900208784e+00 9.989182881408296133e-01
1.474735646923943433e+00 9.951283899813397893e-01
1.457948825309894225e+00 9.937715861624271119e-01
1.477631580168431658e+00 1.005238152799666107e+00
1.486036954832165691e+00 9.928674355659348194e-01
1.457241710902254406e+00 1.004379246400085801e+00
1.440520638082168015e+00 9.996616506997604290e-01
1.457060033893250228e+00 9.981712119042850384e-01
1.486063513052209739e+00 9.949467102610493052e-01
1.475524241553456184e+00 9.995893717225949882e-01
1.484760182856833977e+00 1.002687543558056671e+00
1.442439831604075628e+00 9.974511608217675462e-01
1.464483834679281005e+00 1.003940197094674636e+00
1.447818102863522860e+00 1.002724323878218193e+00
1.441910073973034168e+00 1.000626746007664103e+00
1.461223015828496452e+00 9.921223010665837228e-01
1.486314835905900633e+00 1.003574107945319538e+00
1.458189689020439106e+00 1.003935107669128080e+00
1.466415127294164344e+00 1.000460500467351022e+00
1.436775482426722039e+00 1.001690832316755264e+00
1.464331160908686424e+00 9.968158159979676469e-01
1.472138480932270399e+00 1.001836854236210828e+00
1.487742616437023768e+00 9.999371054365151501e-01
1.486450639216787106e+00 9.996771469555021383e-01
1.444260460076753905e+00 1.003327736836549189e+00
1.486587355187465098e+00 1.002160698866743083e+00
1.463787646674239884e+00 1.003405102790211334e+00
1.460455525316367131e+00 1.001697982188507474e+00
1.422502668736325138e+00 1.002422487537366846e+00
1.481111564060353603e+00 9.990652702824299736e-01
1.441530147035755327e+00 9.999512187822172660e-01
1.448125297812040913e+00 9.996157910115425205e-01
1.486060753873914342e+00 1.000500644608805612e+00
1.480784172061534898e+00 1.003965413766713111e+00
1.486000966164506165e+00 9.984586939537049011e-01
1.478367225876077606e+00 1.001324807510018289e+00
1.486291403422820512e+00 9.985850385317627254e-01
1.473572360038780005e+00 9.998456294079804962e-01
1.457141462011967592e+00 1.001418581709204503e+00
1.481210152179122774e+00 9.990324610019458706e-01
1.476814019348469120e+00 9.985300880305975069e-01
1.478472536851897834e+00 9.991425885444392696e-01
1.486194630559278584e+00 9.983633828688880385e-01
1.483344487619363106e+00 1.001020624379852286e+00
1.486337923368907132e+00 9.975466605849530044e-01
1.485071464028533628e+00 1.000420424329330649e+00
1.479130775844210044e+00 9.993934831940337604e-01
1.486218251614372932e+00 9.982359439690134950e-01
1.479622911609771885e+00 1.002680831039086007e+00
1.484896599746071910e+00 1.004272345110987841e+00
1.477172613575232774e+00 1.000251658702007163e+00
1.486040306265511646e+00 9.973783889410885450e-01
1.486337885134793257e+00 9.976735554473002976e-01
1.483305625088416013e+00 1.000872177102579252e+00
1.482579370048274559e+00 9.943693905880667261e-01
1.485993138592646368e+00 9.994469532261858191e-01
1.449707233734688128e+00 1.003088309316181315e+00
1.483487065309521125e+00 9.992537373083372199e-01
1.472848008446211443e+00 9.994519535107045938e-01
1.428745585819118258e+00 9.955134892717180106e-01
1.439067923033988450e+00 9.976116194289329497e-01
1.481204241075275041e+00 9.955974945434394874e-01
1.485267643703015006e+00 9.971167106872026453e-01
1.455620039863145143e+00 1.005918585512905361e+00
1.486154107876495267e+00 9.981936057852177635e-01
1.485620426993155441e+00 9.983799806456122861e-01
1.477637234509344477e+00 1.000534359647818450e+00
1.441617833354610800e+00 1.001862141808018913e+00
1.486107159475383410e+00 1.002685581181916419e+00
1.479701296248110198e+00 1.000977779950950275e+00
1.486204725373711177e+00 1.002470544800748931e+00
1.486023893831053710e+00 9.964150159127561635e-01
1.485983188506265762e+00 9.996837417827787453e-01
1.462764679828191028e+00 9.968419766040967911e-01
1.442859775044294635e+00 9.982124429305431201e-01
1.459140587956680113e+00 9.994455876090897473e-01
1.416572808380425874e+00 9.994372121333295889e-01
1.453629304223063690e+00 1.002041783539864506e+00
1.474983048140702691e+00 1.000829935076897659e+00
1.478743770876595143e+00 1.003081967464364510e+00
1.475617556550350873e+00 1.001225993077724974e+00
1.480552777243054230e+00 9.988523123352961441e-01
1.442603151448077270e+00 9.964001312014915124e-01
1.417629076735032356e+00 9.982740239135301508e-01
1.480636328066167851e+00 1.002984112609345946e+00
1.474776060347646300e+00 1.003849366249599973e+00
1.431845532232473017e+00 9.963993193878709631e-01
1.468697020546254617e+00 9.999280002496350184e-01
1.449557067615106831e+00 9.936002350132904226e-01
1.474390211429295494e+00 9.991880763269234134e-01
1.417366059957354985e+00 1.001048137188069509e+00
1.420237745971514309e+00 9.997013833023669083e-01
1.464854044569070313e+00 9.955512091463579738e-01
1.421735527884796513e+00 1.002609819281170100e+00
1.483243889085555933e+00 9.920166398951257847e-01
1.444493798382462169e+00 9.981283549607409267e-01
1.409426566878580367e+00 1.001551602222013893e+00
1.433320186215112813e+00 1.001395875417531611e+00
1.417343256765823289e+00 1.007401233633496318e+00
1.469935978487047823e+00 1.006798605491491472e+00
1.409799266177281796e+00 1.000870998838189863e+00
1.444059195465808410e+00 9.942149284144017329e-01
1.411758558366047245e+00 1.001384362657365301e+00
1.459954334249353503e+00 9.933201168975376305e-01
1.415996751436159329e+00 1.002088252994477013e+00
1.432511407565883799e+00 1.003055983849101995e+00
1.419223181055318639e+00 9.988183874781538796e-01
1.451453858519860862e+00 1.000126527556280287e+00
1.456641139788846573e+00 9.925661683035700289e-01
1.474705819872397683e+00 1.005348038670887512e+00
1.433873069822928947e+00 1.012947513823664991e+00
1.424811886230227032e+00 1.000715054758444467e+00
1.443171254213008847e+00 9.957073354449487157e-01
1.441942683741772369e+00 9.962914923671400969e-01
1.441996520384756009e+00 1.005020735581132252e+00
1.461133411634040868e+00 1.004292540234738018e+00
1.479261224182442769e+00 9.994788896132880129e-01
1.483199118091947488e+00 1.000344634943566957e+00
1.487675578286606015e+00 1.010613240163214854e+00
1.485991511608461435e+00 9.973715708714394612e-01
1.486307901434324785e+00 9.962208228825365497e-01
1.473119394614251121e+00 1.002346284733725001e+00
1.481135620079285342e+00 1.007380692718202075e+00
1.486631249411508149e+00 1.002535695701574747e+00
1.486611063466178884e+00 1.006463467603877282e+00
1.476386010994289233e+00 1.002157274040170076e+00
1.487323799036177396e+00 1.007621637878550747e+00
1.489723628153342361e+00 9.963773149216236247e-01
1.433983496436606719e+00 1.001819211498322204e+00
1.412958663476925336e+00 1.001752397107833259e+00
1.485907942654347336e+00 9.897238385181323927e-01
1.486084965402590941e+00 1.003291947592024336e+00
1.479410494461643300e+00 9.960449918942813063e-01
1.486761392618604516e+00 9.920324086227622074e-01
1.412813189920392842e+00 1.000463745083204126e+00
1.416033161346112346e+00 9.992570277494974285e-01
1.446494549656946349e+00 9.962670828035836701e-01
1.441394446428645448e+00 9.937803332176885496e-01
1.479168340470478293e+00 9.978481380059261996e-01
1.487940365755314742e+00 9.970683728939586654e-01
1.486195843568292041e+00 9.979639466631212708e-01
1.408682800490016263e+00 1.001234839718749381e+00
1.486815253497518530e+00 9.972957178270168699e-01
1.423019188042490946e+00 9.962715867842693029e-01
1.423175698543224010e+00 1.001044620919009587e+00
1.405324923386675362e+00 9.998046851772004473e-01
1.426172344269176939e+00 9.966919145717814121e-01
1.411418177639909954e+00 1.004466875542898707e+00
1.486052888077334710e+00 9.994100037232227507e-01
1.418830158537637054e+00 1.000472894210604702e+00
1.432084235442452780e+00 9.996595209423209116e-01
1.478319548660336880e+00 1.001188718429038449e+00
1.477471379784418115e+00 1.000676418329715878e+00
1.486589743666250740e+00 9.958781355889118059e-01
1.482489102339915377e+00 9.994099260594019318e-01
1.420415767086809167e+00 9.997109588852585160e-01
1.456790613940661672e+00 1.000071534161059761e+00
1.486309930959140546e+00 1.000600898617763024e+00
1.443474995637472169e+00 1.001544574960051337e+00
1.421573266771991584e+00 9.995391835115503554e-01
1.444074300025799840e+00 9.985896833972409681e-01
1.446097121606643610e+00 9.994858873951204536e-01
1.457005267378058022e+00 9.998676268363986264e-01
1.434847608633072591e+00 1.000674755733004240e+00
1.474618893663505181e+00 1.001495245807557666e+00
1.486295062369379805e+00 9.997597544163074890e-01
1.475221390509073638e+00 1.000291654125156526e+00
1.446852920255123909e+00 1.005040692051942797e+00
1.442005373894808207e+00 9.964221939655287796e-01
1.409792227057300451e+00 1.001336092748418505e+00
1.409730761002309762e+00 1.001046291148905309e+00
1.442358816696381218e+00 1.001503366828772723e+00
1.428630918850906761e+00 1.000094504198627998e+00
1.425999500668190478e+00 1.000286364140601902e+00
1.444748413343600157e+00 1.000110412040259522e+00
1.471330561958780647e+00 9.986311238853304850e-01
1.417443433329311109e+00 1.000088344104316684e+00
1.485625439174844242e+00 1.000148087863969915e+00
1.486370849524959015e+00 9.996666633831422510e-01
1.469175185301332842e+00 1.000461057791005803e+00
1.468330634940022028e+00 9.957535318568959681e-01
1.486882366097320496e+00 9.984751394524837842e-01
1.486900688441501250e+00 9.996495968740284344e-01
1.483283536738352559e+00 1.001525477993265190e+00
1.443154684994713888e+00 9.975894514636364230e-01
1.433812748138354465e+00 1.001018109790412280e+00
1.480830785526357385e+00 1.000855410783381583e+00
1.438418045459296524e+00 9.993508638318141513e-01
1.486503690387996901e+00 1.003678171222746718e+00
1.486214872460213554e+00 1.000937060957565183e+00
1.482725958777511233e+00 9.973346489765798628e-01
1.408297360424895395e+00 9.975151298188530413e-01
1.427560227752025845e+00 9.989685983853614504e-01
1.409038728442225885e+00 1.000455328758365070e+00
1.449250317805900412e+00 9.987513783225661079e-01
1.486095464888437245e+00 1.001261546127004465e+00
1.477474552818898612e+00 9.986039807265997270e-01
1.425916708248927467e+00 9.992995782168027086e-01
1.455315210605155896e+00 9.962150657809374366e-01
1.436099664160681799e+00 1.000201780886821545e+00
1.425763526311608631e+00 9.980438759189173004e-01
1.425430080192351623e+00 9.976362543993561038e-01
1.420694210312005934e+00 1.000353715827446477e+00
1.471051604735064577e+00 9.997838963557844627e-01
1.438811710970567370e+00 9.980725221846560302e-01
1.476551545955670175e+00 9.999253088482070728e-01
1.479377775462308975e+00 1.003620122809454784e+00
1.486868829462522079e+00 1.001930610098275665e+00
1.450587700443933814e+00 9.962848196051968808e-01
1.424880254772773025e+00 1.002317881986008130e+00
1.481016084559634516e+00 9.917092246957913693e-01
1.450511412886698492e+00 9.931964553883573243e-01
1.437356363006612181e+00 9.973146307768510077e-01
1.426467597719673019e+00 9.924554023438716399e-01
1.409367640470836402e+00 9.976181245135248288e-01
1.460879168415797125e+00 9.969955622423420927e-01
1.429707578182401573e+00 9.976847123086465263e-01
1.423515788955914907e+00 1.002310527967730014e+00
1.428523857472424163e+00 1.003538633658278334e+00
1.478200421899176886e+00 9.964456595721304932e-01
1.441948683857256830e+00 9.962822579911472243e-01
1.457115164616797021e+00 9.962206777856627005e-01
1.442467202138286053e+00 9.949645030607530138e-01
1.408286000927790438e+00 9.984730224916856800e-01
1.418498828969626313e+00 9.990535788216116098e-01
1.418225431908084477e+00 1.000472555452081025e+00
1.415139816946709317e+00 9.945624078336987584e-01
1.438530551655551104e+00 1.000374239369286933e+00
1.484687783971127439e+00 1.000006460495750593e+00
1.459561194199715306e+00 9.972169258332906905e-01
1.486036552017825807e+00 9.983706145512135643e-01
1.473366587404411066e+00 9.995716267467266158e-01
1.479035881884239068e+00 9.996245889954779029e-01
1.458573983797188278e+00 1.003821291532328353e+00
1.487136869326275201e+00 9.994840788666701226e-01
1.460672403099323446e+00 1.002743286768984499e+00
1.440973621445247099e+00 9.972032255149374524e-01
1.423717006522260187e+00 9.959147508169787777e-01
1.456292028219269508e+00 9.998513450621865362e-01
1.483265402273902689e+00 9.998061186750287765e-01
1.485507952830989797e+00 9.981453071442486502e-01
1.441168258555006965e+00 1.002039595894937518e+00
1.418495107352373497e+00 1.001356160867019840e+00
1.430868080180478508e+00 1.000741202386880246e+00
1.421208542640243433e+00 9.975107760398125301e-01
1.485340007217422098e+00 9.981762686324421319e-01
1.487928944118627417e+00 1.000541556861156200e+00
1.435959833031482669e+00 9.983703710512087381e-01
1.446145681903708624e+00 9.994262600874539437e-01
1.455600756518649064e+00 9.988595799259283314e-01
1.432442576152181957e+00 1.005640661085684284e+00
1.418731519737015834e+00 1.002522033109917388e+00
1.429334019385719801e+00 1.001398821658955329e+00
1.413081989397623861e+00 9.995842088713116080e-01
1.444290439994158293e+00 1.008502325145185008e+00
1.448171338428749344e+00 1.000177841026569814e+00
1.466201415110263584e+00 1.008032036454310720e+00
1.487710016998761819e+00 1.001809622943797606e+00
1.420704138686728069e+00 1.001523914715207741e+00
1.439631679001628806e+00 1.002733854056601981e+00
1.472683268110277277e+00 1.003802075106216218e+00
1.481828389642694921e+00 9.994408516612079962e-01
1.481581929485056293e+00 1.005148854565260930e+00
1.484789516408718368e+00 1.003000148208799569e+00
1.486747490739829480e+00 9.995402686698694472e-01
1.482088549246201259e+00 9.990295447205690405e-01
1.483495021096510103e+00 1.003312240241760245e+00
1.486453275886670644e+00 9.974692029319878195e-01
1.486863094685979769e+00 1.004292242031959992e+00
1.485831331286407098e+00 1.006099972060088277e+00
1.487738751294195305e+00 1.001262930673247009e+00
1.446551509300797012e+00 9.980036003288655921e-01
1.486227424829223098e+00 9.994313864620351096e-01
1.453022505561738287e+00 1.001923984563595438e+00
1.478664668651809011e+00 1.000197451273724392e+00
1.430860419829054431e+00 1.002524666978620749e+00
1.403545070143850326e+00 9.999200800684308055e-01
1.481801712368902235e+00 1.001406699352868968e+00
1.464330931333126085e+00 9.976610455566057301e-01
1.416429936012912449e+00 1.000890054960378528e+00
1.423423847056863201e+00 9.991364410872073387e-01
1.405340067182732522e+00 9.983895372364426368e-01
1.437611459478405518e+00 1.000730032079905518e+00
1.441248275885229191e+00 1.002794572514418281e+00
1.463905316394056744e+00 1.002170256298845930e+00
1.470333392153341467e+00 1.003909943868578125e+00
1.423074904832939636e+00 9.969865899545314880e-01
1.467005562370177874e+00 9.920854943955916827e-01
1.475350274671483275e+00 1.000818269804183425e+00
1.486714549410776964e+00 1.000444549269703165e+00
1.478551203115732848e+00 9.977786672867744455e-01
1.484349839509767399e+00 9.979635838517406654e-01
1.412324560352234526e+00 1.001193737026959241e+00
1.483010974097229262e+00 9.979060786746124512e-01
1.482948346366596226e+00 1.001014325692926255e+00
1.478656126362050793e+00 1.002080397459178762e+00
1.468511552547253851e+00 9.992611792393689685e-01
1.469364930158415072e+00 1.001354270855460138e+00
1.431266876803957366e+00 1.002781849390427027e+00
1.415389450618607770e+00 9.883112685939376973e-01
1.449866729302150103e+00 9.992036758985707312e-01
1.487930657414736180e+00 9.990161673311747093e-01
1.486092363496808844e+00 1.002092489773090955e+00
1.467152452132607365e+00 1.000326543905995624e+00
1.415167710000825529e+00 9.922450941474585395e-01
1.480004069946066370e+00 1.000173344154213551e+00
1.486329732928045821e+00 9.971854159324242683e-01
1.477185662010100042e+00 9.999586629104026958e-01
1.485418464931196780e+00 9.995725230549897811e-01
1.485021739593178625e+00 9.983104166458003359e-01
1.481661769275842477e+00 9.911778830982964639e-01
1.471447990611665535e+00 9.985908119279156558e-01
1.486670911685983754e+00 1.005128225490072191e+00
1.480217683999862199e+00 1.001455382942513905e+00
1.463539782060108374e+00 9.933826247805557230e-01
1.471106522900671454e+00 9.943694135950129631e-01
1.457599164317742391e+00 1.001872589341630704e+00
1.464316495600313628e+00 1.006789720076378680e+00
1.485804831641496904e+00 9.948818223570470298e-01
1.486340896683036483e+00 1.000102982189273071e+00
1.478186651757993353e+00 9.980908224151769925e-01
1.462123477592424781e+00 9.952774223837755896e-01
1.467708907737925728e+00 9.937341954451331949e-01
1.451645284630696864e+00 9.971596236306805583e-01
1.455094445860418029e+00 9.996457404193073160e-01
1.478922134674453659e+00 9.978768710471838110e-01
1.475320739788736235e+00 1.002054456442284414e+00
1.482334481714803642e+00 9.960428637265017482e-01
1.485838697946574305e+00 1.002446403040241574e+00
1.484775099925674358e+00 1.001216582042828263e+00
1.484126146485198916e+00 1.000038413675043758e+00
1.486036845239121051e+00 9.979154192318425709e-01
1.480246537833195042e+00 1.000368470756270112e+00
1.486481601946460840e+00 9.994872886508632259e-01
1.481117669821170102e+00 1.004342557885861797e+00
1.483166112813834481e+00 1.001378136505637784e+00
1.431165879000684704e+00 9.978495663132340709e-01
1.409768723176649585e+00 1.000100437995082414e+00
1.437662582369832798e+00 9.968546737973789096e-01
1.418426693783958026e+00 1.001128175176343671e+00
1.456256362842056395e+00 1.002341387042972487e+00
1.471648544015235371e+00 9.942846813203588541e-01
1.467746891489351446e+00 1.001335124994090942e+00
1.454877082235204400e+00 9.990954247884826778e-01
1.485490706936955840e+00 9.988554307140808941e-01
1.482346426648394555e+00 1.003467028033730335e+00
1.483648959623822927e+00 1.000532064966120016e+00
1.416135151674486892e+00 9.997432350206381102e-01
1.411054101869503752e+00 9.978462360640755202e-01
1.448280859147043076e+00 1.001183820832575178e+00
1.410897950080010066e+00 1.002652685942316824e+00
1.424589809918231920e+00 1.001499055148022288e+00
1.425407723548505867e+00 9.967421369653207686e-01
1.489145522455044945e+00 1.003415297904842518e+00
1.408442473736308376e+00 1.005106726245914794e+00
1.486075694574416017e+00 9.967173361333994119e-01
1.435645303848696486e+00 9.992915302072049588e-01
1.486950743687226906e+00 9.946082046734295856e-01
1.472037993928518640e+00 1.015246873701766361e+00
1.486283217189507289e+00 9.905333992311684543e-01
1.453719545871630325e+00 1.000711614236680091e+00
1.445598301914469586e+00 9.998803779037701567e-01
1.457763186004728651e+00 1.001492739867965165e+00
1.423374714875255131e+00 9.942458013441846099e-01
1.455936562080616392e+00 9.987896350549574365e-01
1.469183159640520930e+00 1.000512165107949603e+00
1.430119945285169614e+00 1.000019530781427912e+00
1.421990354422459690e+00 9.999941294163231520e-01
1.481693275106340080e+00 9.997371762709184040e-01
1.486281618159904339e+00 9.984145449060679578e-01
1.475094497143153660e+00 1.001266017063375369e+00
1.473685658329845660e+00 1.003966574427709313e+00
1.484160798843933371e+00 9.955319445165674574e-01
1.471418682561314917e+00 1.002393804957531165e+00
1.474278004581879742e+00 9.984590458066736618e-01
1.486086128772471149e+00 1.000144449665166135e+00
1.484951006926306105e+00 1.001078157924443213e+00
1.486123757632412001e+00 1.000214390791835495e+00
1.412330201734119051e+00 1.000741938153054456e+00
1.423594863723801840e+00 1.000637849135235014e+00
1.425659965121070849e+00 1.005733745177145755e+00
1.437522786580230916e+00 1.002194027082656369e+00
1.417619837954024797e+00 9.939181909661120029e-01
1.465687690092901674e+00 9.992096270621944054e-01
1.416184861521678773e+00 9.973044405488568076e-01
1.409676469086049266e+00 9.998246686967626751e-01
1.470170681153122549e+00 9.981723716036293714e-01
1.410231713056769864e+00 9.964726901722469332e-01
1.460559196629130252e+00 1.001422702035678958e+00
1.461076325497639550e+00 9.922135844878984257e-01
1.486644867240592749e+00 9.987959387075541207e-01
1.474554270508573239e+00 9.997109008022941889e-01
1.422303011370256387e+00 9.996610157996022039e-01
1.482093399848548376e+00 9.995566925009671255e-01
1.486235961616203527e+00 9.987723614303836150e-01
1.425541899749638075e+00 9.992062127743646105e-01
1.408280376744393214e+00 1.001105294482918406e+00
1.460258632480243346e+00 1.004451279647264439e+00
1.468469923083518980e+00 1.004772631974252484e+00
1.447497487157693774e+00 9.994031350491323629e-01
1.485514493353812249e+00 1.003425176616098868e+00
1.486092859139302336e+00 1.001265723271071995e+00
1.486189457350710841e+00 1.000321664250758857e+00
1.488340195103343699e+00 1.000197744266686950e+00
1.476504184435379896e+00 1.004774447064769038e+00
1.484321429174173756e+00 1.001286859066002677e+00
1.464266372702557328e+00 1.002474527422360318e+00
1.490241512054156781e+00 1.001569824011357301e+00
1.444651157458433088e+00 1.002535610707357971e+00
1.412171979613132899e+00 1.003679012959938666e+00
1.403512693986449511e+00 1.002437868766420159e+00
1.486449703106095699e+00 9.976154965105230588e-01
1.486049885660306602e+00 9.941384952423741872e-01
1.416635698894088247e+00 1.004066690581812527e+00
1.420321162370046908e+00 9.977859408395995944e-01
1.451976011120389654e+00 9.970535355315864878e-01
1.479953116171957683e+00 9.999518813680425833e-01
1.467660497835892253e+00 9.995205041409823687e-01
1.445591761821287680e+00 1.000356262729491963e+00
1.485684188945086026e+00 9.995968220599809051e-01
1.417881508585093320e+00 1.005253975936132527e+00
1.482338726216167801e+00 1.003675843624326047e+00
1.458061819156768690e+00 9.989032775013568788e-01
1.474674241192533986e+00 9.974610805429958704e-01
1.435551934657356865e+00 1.003008011014685952e+00
1.486117086285468458e+00 9.990476094498595971e-01
1.434321419233338446e+00 9.996007760830536437e-01
1.475493962025475891e+00 1.000203496763647726e+00
1.479661793541766190e+00 9.997332304162871441e-01
1.486066409008980571e+00 1.000110809784274135e+00
1.486136294944343073e+00 9.973669334499245531e-01
1.428390836192123370e+00 1.000035524333610093e+00
1.407312711215619183e+00 9.975124206231954505e-01
1.469345674563872883e+00 9.949277249244278254e-01
1.408801742052366635e+00 9.963484362443775222e-01
1.464962116038305062e+00 9.971493578318509909e-01
1.461840016847819834e+00 1.000227444324543358e+00
1.486513765673449505e+00 9.964326887684454848e-01
1.454098879443339820e+00 9.949190784283891142e-01
1.487518149992954175e+00 9.960896139938748561e-01
1.487873642902963089e+00 9.991655704172076602e-01
1.487156852516515304e+00 1.003134524629492486e+00
1.483458442576990999e+00 9.945308046855060313e-01
1.484794196763903118e+00 1.005944543693033211e+00
1.484989190433100958e+00 9.909592138095129066e-01
1.480205424660282487e+00 9.905485811608434332e-01
1.480077671171323717e+00 9.914970153218343185e-01
1.444235864361277821e+00 9.995372288049975129e-01
1.448234367979032822e+00 9.981986086438979777e-01
1.403468924198332912e+00 1.000734977959651273e+00
1.407916441103553185e+00 9.989188637125139270e-01
1.470148695725816967e+00 1.001861976524392794e+00
1.404312483276227264e+00 9.999794679005127307e-01
1.406834116691971559e+00 9.977872503749091182e-01
1.403629881909109756e+00 9.983440472839866242e-01
1.410698256059519151e+00 1.000993128483035566e+00
1.421224971907876000e+00 9.990960505934004532e-01
1.432805743713001734e+00 1.000264835850195100e+00
1.431812291572513773e+00 1.000956847319853127e+00
1.401611084347998082e+00 1.001410212681394851e+00
1.471735897512060687e+00 9.986806533087537741e-01
1.410835919213194289e+00 9.952977443205096586e-01
1.429867082785903243e+00 9.920874120084210990e-01
1.412337450184123266e+00 9.990255118890900565e-01
1.409783613087682408e+00 9.949380057817435175e-01
1.409005570758228965e+00 1.003030484181477888e+00
1.446240291252947285e+00 9.986711095081869383e-01
1.454377497434390598e+00 1.003889573911767696e+00
1.475725872850564446e+00 9.974145649571867223e-01
1.465622247991734017e+00 1.003447219908887966e+00
1.487274482360778638e+00 9.949404962292450749e-01
1.453101304906593061e+00 1.001278135094977539e+00
1.476032873823662106e+00 9.996949745231580309e-01
1.467699479115744943e+00 1.000304152902895094e+00
1.488243150901035428e+00 1.000906009344866954e+00
1.486800588184491900e+00 9.998640541408329030e-01
1.458934076505599586e+00 9.984913479141306336e-01
1.457659697015003086e+00 9.981210120029939681e-01
1.479350422990304947e+00 1.002240656080488623e+00
1.487437780031446000e+00 1.003102347775328473e+00
1.467948863467256171e+00 1.005220213173803057e+00
1.482797098150052006e+00 9.994864769637362700e-01
1.487185380990530437e+00 9.990615561970794811e-01
1.486288289008304675e+00 9.978365894785394818e-01
1.486163807667772341e+00 9.979590050823031744e-01
1.486927787307329663e+00 9.975059882875686457e-01
1.466518365416456193e+00 9.987741386702526647e-01
1.488601418915163288e+00 9.925223298626353330e-01
1.472456312109905463e+00 1.008290317677598358e+00
1.487908092584243613e+00 9.936442578856498065e-01
1.453868696974807584e+00 1.003888934368998509e+00
1.486235791907376980e+00 1.005333113583362081e+00
1.481619172921837979e+00 1.007977762617995099e+00
1.405286502044483798e+00 1.001508941978058953e+00
1.461550869183000367e+00 1.003172006730431942e+00
1.463949679648580915e+00 1.000461654382593712e+00
1.448707374148619387e+00 9.964137958311561905e-01
1.473433511416955666e+00 1.004280912258502356e+00
1.476846053520671775e+00 1.004628677537795944e+00
1.487222442989596383e+00 9.994289599255965495e-01
1.481685158374836719e+00 1.006369838850088572e+00
1.464648396428592347e+00 9.992201461219111236e-01
1.410873227133054852e+00 1.004215496714365274e+00
1.404242096754952041e+00 9.973473304838985642e-01
1.428940033859789516e+00 9.968988193584669144e-01
1.479703392191811906e+00 1.002207682169919956e+00
1.478953636946765515e+00 9.968206072659306916e-01
1.477337235042479158e+00 9.982129292999448733e-01
1.454678868534609038e+00 1.007381054367966877e+00
1.428043417203793242e+00 9.992368723893673144e-01
1.405600606540021724e+00 9.982732325514562799e-01
1.483124025853167050e+00 1.003319582755750394e+00
1.447848807140707184e+00 1.002815144888532739e+00
1.467135378255839617e+00 9.984455478395651840e-01
1.474051016784695856e+00 9.920852174609521290e-01
1.467090112556310277e+00 1.000887974307368422e+00
1.487496516816558811e+00 1.008714716716782256e+00
1.485836562685652673e+00 1.000532901129961960e+00
1.487514948053923813e+00 9.930998491179702237e-01
1.485062119295371241e+00 1.001185416962415919e+00
1.480047088089008200e+00 9.965455164433320023e-01
1.466436742778187474e+00 9.921004332327887365e-01
1.479196126281998147e+00 1.004693128045171857e+00
1.469677652446795157e+00 9.958896157043704012e-01
1.476226654937039529e+00 9.991527704864339166e-01
1.455696935020368565e+00 9.909221792291328379e-01
1.486037005677110612e+00 9.978823191536240200e-01
1.486129138913878212e+00 9.958370030670297135e-01
1.484479513037982867e+00 9.992372082345630790e-01
1.480060772554351756e+00 9.972460422236709698e-01
1.479688689949156144e+00 9.929041137664824657e-01
1.486275452600161806e+00 9.993218287294792779e-01
1.473911077180480866e+00 1.006508552285073854e+00
1.484494513847944841e+00 1.003995064010389182e+00
1.461004847652788596e+00 9.936010300449465982e-01
1.475718853177307777e+00 1.001939139065303408e+00
1.450563277476623947e+00 1.004574322219726534e+00
1.484118466792993196e+00 9.999408051994221891e-01
1.467045034112744784e+00 9.945485006965101293e-01
1.479580334048431478e+00 9.963582771889375467e-01
1.474134429179771555e+00 1.003805265406775060e+00
1.464354389382054977e+00 1.002606858569120796e+00
1.464952628507772747e+00 9.974866484315068060e-01
1.473994859498768628e+00 9.986427090954522745e-01
1.434449884793837615e+00 9.958842035719566166e-01
1.468754815971359706e+00 1.004798071886705779e+00
1.443743205719255407e+00 9.948315588216705141e-01
1.479064905812759179e+00 1.000508223692743393e+00
1.486159515462333269e+00 1.001165609736374362e+00
1.410739584384666179e+00 9.987828163132319581e-01
1.480521396966528291e+00 1.001381072113253667e+00
1.472919961830514435e+00 1.003091088499903138e+00
1.451453376315465116e+00 1.002029355336832905e+00
1.474991448629974222e+00 9.940996323557258485e-01
1.427130128713628432e+00 9.970224311761154423e-01
1.482088848293204419e+00 9.980484638766635719e-01
1.464687349169987218e+00 1.002039569811988606e+00
1.442781346048573443e+00 1.001067313906231382e+00
1.486713292961157729e+00 1.004762053636116370e+00
1.464117538277933006e+00 1.004608105064177526e+00
1.451257103411172755e+00 1.000482824079952815e+00
1.486698307542265507e+00 9.962891019677352356e-01
1.469670618878473611e+00 9.964548503642439714e-01
1.483879505127039033e+00 9.999984862587728562e-01
1.408011513718608443e+00 1.005500495285849949e+00
1.431511386522270390e+00 1.001744672599222286e+00
1.480983905499503095e+00 9.960018580076387407e-01
1.455553127456920448e+00 9.948126889270918483e-01
1.431276348533283338e+00 1.001731183817057280e+00
1.469587599761062791e+00 9.965638051559059241e-01
1.462823097759146984e+00 1.001025427417198577e+00
1.477222524139047977e+00 9.975641960525362117e-01
1.477288926541346914e+00 1.002707290746268631e+00
1.409567144906312963e+00 1.003234284406254506e+00
1.462464589969047823e+00 9.983556272165543533e-01
1.470987347327800565e+00 1.001459907415168882e+00
1.486339685777372521e+00 9.986459950925529183e-01
1.424179491428291922e+00 1.006991350106214433e+00
1.460371561148043895e+00 9.982628197172168649e-01
1.432697681968809977e+00 1.002480145128288092e+00
1.486029742240029483e+00 1.000583059436461308e+00
1.488112087321781463e+00 1.002018473335470450e+00
1.489326489576841439e+00 1.001908410868392441e+00
1.486972205498387156e+00 1.003943628104062569e+00
1.484266177041860590e+00 1.004083282301437174e+00
1.448398779476709475e+00 9.982579169615805048e-01
1.486027891651841459e+00 1.008146856926897650e+00
1.478661700025080350e+00 1.004115677807433382e+00
1.478665615485406315e+00 1.000830738365259043e+00
1.486094431677744909e+00 1.001213412605676201e+00
1.474889698572812602e+00 9.995485026612178636e-01
1.478934287806274117e+00 1.003847757235369231e+00
1.454438014782135635e+00 9.990808069279871750e-01
1.472382143193271320e+00 9.991134529608795001e-01
1.466579149850225416e+00 1.001703725244095011e+00
1.443463872288116345e+00 1.000241669757534257e+00
1.448558951215350055e+00 1.000085963155509905e+00
1.450231758314177277e+00 9.994179552257732579e-01
1.483252493481166390e+00 1.002000329050060312e+00
1.476209248674701602e+00 9.994135183581341897e-01
1.482774605050751759e+00 1.002884760642085427e+00
1.485986077731293209e+00 1.002157505839622154e+00
1.485528804833225358e+00 1.001198154626772974e+00
1.486210279238045162e+00 1.001094994171352504e+00
1.485000117627788940e+00 9.963935695854317931e-01
1.479486427982146690e+00 1.000221050030583481e+00
1.435909066786515531e+00 1.000369597165938762e+00
1.483722131708327341e+00 9.990784550844996614e-01
1.466254254209166108e+00 9.995172392237720027e-01
1.486011502378824511e+00 1.000716704417740077e+00
1.478789541602467450e+00 9.960560417109559639e-01
1.483910463124668455e+00 9.981155291321638368e-01
1.475195601108856280e+00 1.003348074395843836e+00
1.480469613929613848e+00 9.969364226027758180e-01
1.481038174863827050e+00 9.971079139045437856e-01
1.444647851214083234e+00 9.996199046373199781e-01
1.465241263536369187e+00 9.996146721908657495e-01
1.438188648764272104e+00 9.995685199542527766e-01
1.486025657344811624e+00 1.000262788139703041e+00
1.484677757446497104e+00 1.000419929457234236e+00
1.486099822734073372e+00 9.974464130460264366e-01
1.450524851234601398e+00 9.984040926776752700e-01
1.462672666562425006e+00 1.004673906979578035e+00
1.483950354251153181e+00 9.980357164278341742e-01
1.465406814623064768e+00 1.001776045828045802e+00
1.476268409337146092e+00 9.991671871076310829e-01
1.483878738790873841e+00 9.971838158043395683e-01
1.479957464696068259e+00 9.984714668498797518e-01
1.481671837405248660e+00 1.004012080087713921e+00
1.482848052927799642e+00 1.001149060372693134e+00
1.483065357694161479e+00 1.003680843593612648e+00
1.486335798837594480e+00 9.974038618246927612e-01
1.481653696494553030e+00 1.000673781693231845e+00
1.480537738907494294e+00 1.001802579584686104e+00
1.484755488461648065e+00 1.000659339535273640e+00
1.486175384172816916e+00 1.001354111803088642e+00
1.479980202505366327e+00 1.003500514301008284e+00
1.480906528717670811e+00 1.002319163878840680e+00
1.485630362814233774e+00 9.996278033149085251e-01
1.478439232095445588e+00 9.985273635424776195e-01
1.485636826466550930e+00 9.988177892993929108e-01
1.482671169308233283e+00 9.995056765708022484e-01
1.484858932061789094e+00 1.003800931001175734e+00
1.479938828344563806e+00 9.967197138166288273e-01
1.480214391491886827e+00 1.002907846024831962e+00
1.485983202626786737e+00 9.981282789709639003e-01
1.485872561257086000e+00 9.979721628732303174e-01
1.485473107161564332e+00 9.978983773580686334e-01
1.483739305912181727e+00 9.970916898660201477e-01
1.486138512326947048e+00 9.976398308383107594e-01
1.476310992149125978e+00 1.003074739458905684e+00
1.486188630079850137e+00 1.001156629292174305e+00
1.468993166443295140e+00 1.001541912431669790e+00
1.486303204529448196e+00 9.997279984795074403e-01
1.415190191620349980e+00 9.999660628148497876e-01
1.440969764997598990e+00 9.980052812592596911e-01
1.481705289310438767e+00 1.001794761593848282e+00
1.486440613247601350e+00 9.980351113707675026e-01
1.468718393388558807e+00 1.000588838086527543e+00
1.484961338539396936e+00 1.004638493465918270e+00
1.484735358276158657e+00 1.000456216278081012e+00
1.476190380198633134e+00 1.007196377820677835e+00
1.483059372477337545e+00 1.003490393997419794e+00
1.478540036916593747e+00 1.005855980922343074e+00
1.468933402925838960e+00 1.000688060546355951e+00
1.481995329106517101e+00 1.001204182674019005e+00
1.483514093667446909e+00 9.996507669044658595e-01
1.475289262116596056e+00 1.000525095399584119e+00
1.470260242153192953e+00 1.001368205825871271e+00
1.459849486977637278e+00 9.918523630878569586e-01
1.463307958188880820e+00 1.000006425708410696e+00
1.451715915969529647e+00 1.005200620830079439e+00
1.464619703551337526e+00 1.001897977083354485e+00
1.410008070146627990e+00 1.000843722532037239e+00
1.479782619524839138e+00 1.001861721990498832e+00
1.437118068930024473e+00 1.007785531757251274e+00
1.486464320004598383e+00 9.973497479163317969e-01
1.484009518311665943e+00 9.995445589045798274e-01
1.449956833114313559e+00 9.913767821467464048e-01
1.486496036187729075e+00 9.985080129540226945e-01
1.481728463067350621e+00 1.000408439109051528e+00
1.441794309928970286e+00 1.001144310239870272e+00
1.476128361079596996e+00 9.978731807175008628e-01
1.463243646509048590e+00 9.954323081740525936e-01
1.460351312160852899e+00 9.983467602389081152e-01
1.471512606451173211e+00 1.007939411746457736e+00
1.478175426367749346e+00 9.950256366871047531e-01
1.485032322585532638e+00 1.000659606398679458e+00
1.484000874146635951e+00 1.004194165199561839e+00
1.446336379580611231e+00 1.002076926297598147e+00
1.422297342374565954e+00 9.956359960695404521e-01
1.483372090576349445e+00 9.996887692811061710e-01
1.427155082096614791e+00 9.964726243850258181e-01
1.486504427999174816e+00 1.002881830978862743e+00
1.464223711636774006e+00 9.957515786063368957e-01
1.444814094882326483e+00 9.960892213509385806e-01
1.432668352399788292e+00 9.957183135122069650e-01
1.485929970104129749e+00 9.940362614527266105e-01
1.412256719499990654e+00 1.001667168767149674e+00
1.462126003335683544e+00 9.972532927469373032e-01
1.451055294412057606e+00 1.005319624762559094e+00
1.475684856908819231e+00 1.002660947804534297e+00
1.423745911938403275e+00 1.006707212227160753e+00
1.409729118787991897e+00 1.001481746488468216e+00
1.444824829933132548e+00 9.958036185977009458e-01
1.409584300455772654e+00 1.004882364106475245e+00
1.477349575674011595e+00 9.944831662761760560e-01
1.462968794857224086e+00 9.968159479437971315e-01
1.486007457163997625e+00 1.003035651220091751e+00
1.485982133970069619e+00 9.983599544877310716e-01
1.480487297179928108e+00 1.000515069657029299e+00
1.437494699612758886e+00 1.001569105275412097e+00
1.476932599354613407e+00 9.988865275419723799e-01
1.485537486903653281e+00 9.975062981012189356e-01
1.478950187413054840e+00 1.000434902653399627e+00
1.465939121903732767e+00 9.965700887622847004e-01
1.454047083458534395e+00 9.981402063147580828e-01
1.481030390281870890e+00 9.967297706294747650e-01
1.454682840289189150e+00 9.957556777082730015e-01
1.486149438300539805e+00 9.985151133769591958e-01
1.482395732382901565e+00 9.984812133782209331e-01
1.480024475506097170e+00 9.978944127820484900e-01
1.485635822790374760e+00 1.000252668978624415e+00
1.481070760299991962e+00 9.966723029778210563e-01
1.486257033691204210e+00 1.001710531677161953e+00
1.470990359150904370e+00 9.984118085372851725e-01
1.476729506540473302e+00 9.975779164101331586e-01
1.481943329625238892e+00 9.983435226075744184e-01
1.476926151166612078e+00 1.001225927123828852e+00
1.444906118979182530e+00 1.000349582226248701e+00
1.479630938489199687e+00 1.004360648201067852e+00
1.486195295220186674e+00 1.001610938154794850e+00
1.476771032810908713e+00 1.002257330983725270e+00
1.478040805636251953e+00 9.991770644820532343e-01
1.458774266532418595e+00 9.994393490762435439e-01
1.479123415815653875e+00 9.994252069493955171e-01
1.440000986789751858e+00 9.988129520424735563e-01
1.478533102323070558e+00 9.945061534814413351e-01
1.482114869650141609e+00 9.999464888857246825e-01
1.475889963706749963e+00 1.001433893148869991e+00
1.472009618178821144e+00 1.003378743330244127e+00
1.475525029120676512e+00 1.004353228481493554e+00
1.480301963705531465e+00 1.004920706545201492e+00
1.482044287034784968e+00 1.000580975323526634e+00
1.471905146671182329e+00 9.992695467458763137e-01
1.484668947407863371e+00 1.001518919751937853e+00
1.481506604962938178e+00 1.004943759808138770e+00
1.486202450040163825e+00 1.000654867253862879e+00
1.486222479076007241e+00 1.002506180600170715e+00
1.486140994684642225e+00 9.981691555373441993e-01
1.457005782249719106e+00 1.004779318843443292e+00
1.483567898115370598e+00 9.966681694160759442e-01
1.450333182323632286e+00 1.005335505998831147e+00
1.443727737958067747e+00 1.000777881833521343e+00
1.465011634000943808e+00 1.001636189682191480e+00
1.425725721943734259e+00 1.001767848445211939e+00
1.479312457493083599e+00 1.001477841077903053e+00
1.462890405287573969e+00 1.003210862045945229e+00
1.479396537661171296e+00 1.004548537381484641e+00
1.481016019228879710e+00 1.000446055642720156e+00
1.456893742739667541e+00 1.001520331240270290e+00
1.437644827797102343e+00 1.001312280508396935e+00
1.448999927461979143e+00 1.001078726709747846e+00
1.453036132226380950e+00 9.964721017851199125e-01
1.470476310406667153e+00 9.994605487753254192e-01
1.446969712415575593e+00 9.990809399508513433e-01
1.449609550399170832e+00 1.001455815354628021e+00
1.450581474598156007e+00 9.943337150392050905e-01
1.414833141384236104e+00 9.992256311945351133e-01
1.460717795602905156e+00 9.968773665984623777e-01
1.459832600349150411e+00 1.002009080400068530e+00
1.409559186135853404e+00 9.983201563589271244e-01
1.486161640824078978e+00 9.978642918308527898e-01
1.447636248147066595e+00 9.954101043841088181e-01
1.451935502769187369e+00 9.984522521739859213e-01
1.458857261721620002e+00 1.003479528554777289e+00
1.448589291215306218e+00 1.006775082008101174e+00
1.428811735017193385e+00 1.001971690912331514e+00
1.478463465610627692e+00 9.951529721146494811e-01
1.485982636543171198e+00 9.979222398336360378e-01
1.478518026500684535e+00 1.001818649207827150e+00
1.479449284160805345e+00 1.000074661279682697e+00
1.486122773195229119e+00 9.974889336008369023e-01
1.457504427052866092e+00 1.002726279806170906e+00
1.476726245205488786e+00 1.002596836443355732e+00
1.457780049995057947e+00 1.002664219582748650e+00
1.485659492750591504e+00 9.974530545306166118e-01
1.431362712203033460e+00 9.986712025604406184e-01
1.481115731719224948e+00 1.000857393052229760e+00
1.454390655895909656e+00 1.002891342056398738e+00
1.445658661257111177e+00 9.974458321315827769e-01
1.435276456405546908e+00 9.996963428465008850e-01
1.471527073916380601e+00 1.001763831374140379e+00
1.476785641791541259e+00 1.000906204558654311e+00
1.480425767965194650e+00 1.001342095379018415e+00
1.467404890167028686e+00 9.955121323966720226e-01
1.483865952497705587e+00 1.005072387181898952e+00
1.423510972880717151e+00 1.000241043871015423e+00
1.480365780510452645e+00 9.971636744844109002e-01
1.416913109134253945e+00 9.997205778345353844e-01
1.430770452833729278e+00 1.001130974257989470e+00
1.413860630518298356e+00 9.991174751723473912e-01
1.483154499726817788e+00 1.003254298959787461e+00
1.469388245077597466e+00 1.003960894992351083e+00
1.484368512567648679e+00 1.002305344772594253e+00
1.485721268851131427e+00 9.974875229948411137e-01
1.486239955997004980e+00 9.994362422416656067e-01
1.445808930366977885e+00 1.001195748412008646e+00
1.410111861489572238e+00 1.000275719967049337e+00
1.448816252395842552e+00 9.983412514123701786e-01
1.473694729247986279e+00 9.987861796721114738e-01
1.438535357653190960e+00 9.989682158390190692e-01
1.461947182166847270e+00 1.007003059617375795e+00
1.481422762580477448e+00 1.001289987709386153e+00
1.411864894455310937e+00 9.993575432193110286e-01
1.430714049530019016e+00 1.001255378437253984e+00
1.453821195020400081e+00 1.000013744711211627e+00
1.451241473344385913e+00 9.969260435197632164e-01
1.464757768216034206e+00 9.978929533815682484e-01
1.443648860935132783e+00 1.003022475931212742e+00
1.409311176519140618e+00 9.995414875777870467e-01
1.450338439784488509e+00 9.992597769028935817e-01
1.425439894376810290e+00 1.000301132301570917e+00
1.412958681942148909e+00 9.969659817573610638e-01
1.418892483113967762e+00 1.000080300105677944e+00
1.444314950111158513e+00 1.000485708782307581e+00
1.418461309375471657e+00 1.000963849475821288e+00
1.487682691226116294e+00 9.958462999188437692e-01
1.430708193121698280e+00 1.000222007100814325e+00
1.409482889847531339e+00 9.991386598161086097e-01
1.410424611061731559e+00 9.997739765592431604e-01
1.423453404477924789e+00 1.008664962588594838e+00
1.487507868462571992e+00 9.950008352018341329e-01
1.410448848632515073e+00 9.995252847899777082e-01
1.481921595560823590e+00 9.991923903223369763e-01
1.464713598121780702e+00 9.958244732328302984e-01
1.449609116038181433e+00 1.000503027787243537e+00
1.436338752331101087e+00 1.002414847738636761e+00
1.418124061871414598e+00 1.001143237544715792e+00
1.410204543977750191e+00 9.997456260922554794e-01
1.415269729700249224e+00 9.998449180387521951e-01
1.409398357771284749e+00 1.003698683713678319e+00
1.420298355558898828e+00 9.978839969461817949e-01
1.409420736702911015e+00 9.992515492618022632e-01
1.441457266734292864e+00 9.997711093462650078e-01
1.410965152254564092e+00 1.001581985065391756e+00
1.442585281968735700e+00 9.968520321605761625e-01
1.462581887124681179e+00 1.002011102448934654e+00
1.422383455757531001e+00 9.993306251167762833e-01
1.423276315914478118e+00 9.957602057987334776e-01
1.426294984181710301e+00 9.980075692396125353e-01
1.409419862901265752e+00 9.998450925671471534e-01
1.459054989337184915e+00 9.993109565709218378e-01
1.444569044099470290e+00 1.002773046351340236e+00
1.443844209131688761e+00 1.000372446625974687e+00
1.435622431365018326e+00 9.994585946555830658e-01
1.428066802154978499e+00 9.989104425789220310e-01
1.408731435057993364e+00 9.991970474848301809e-01
1.416671810522172947e+00 9.994182421310211506e-01
1.414556523870877491e+00 9.991309536723140816e-01
1.417167640230098780e+00 9.995699467590560827e-01
1.430898786187015048e+00 1.001694063531933132e+00
1.409668545000244189e+00 1.001058059644610143e+00
1.446523350619151271e+00 1.004049424828238113e+00
1.452190201968112993e+00 1.002513007969137337e+00
1.409760008625545291e+00 9.983499819596308722e-01
1.421349720530894922e+00 1.000216814446451608e+00
1.430048023460669393e+00 1.001631312651289019e+00
1.439490998080240836e+00 9.998495485463864130e-01
1.412886070773812675e+00 9.980503052194565905e-01
1.428067262523789793e+00 9.992420342200991623e-01
1.423620678702854025e+00 1.000068323918546165e+00
1.482895520002798895e+00 1.000128609647643385e+00
1.456235569155947429e+00 1.000414493040415076e+00
1.459965792479471114e+00 1.000737683120230592e+00
1.467071777931862053e+00 1.000642750022541216e+00
1.462716521244535439e+00 9.986354715861124332e-01
1.417083807512918181e+00 1.000555720973092422e+00
1.434519723614740006e+00 1.000352599149133992e+00
1.430544116409058653e+00 9.994041671386634240e-01
1.420797286000391235e+00 1.000896712654582910e+00
1.469951426568091302e+00 9.951514972517169211e-01
1.419351047499481933e+00 1.008174308919254969e+00
1.486405683158485536e+00 1.000199816032412148e+00
1.478409139733922739e+00 9.973673181850312153e-01
1.427904018060289992e+00 1.000448217126312267e+00
1.448350844117012315e+00 1.000320938390399261e+00
1.409559751351220580e+00 1.007477253650552740e+00
1.451101351975693454e+00 9.963427418464784191e-01
1.456528812954277718e+00 9.997363108584986779e-01
1.413821855035219732e+00 9.901982933492728955e-01
1.420346767261811749e+00 9.980245503390144934e-01
1.441798256124692479e+00 1.000044098357831146e+00
1.442172531687102133e+00 1.001759651405849993e+00
1.423400247101410665e+00 9.987792814069240688e-01
1.446390620535236371e+00 9.992738422748395077e-01
1.454524964141349797e+00 1.002772656062384637e+00
1.440056513636171820e+00 1.003512360139668935e+00
1.430976042992760044e+00 9.983863337085763234e-01
1.409802089803295244e+00 9.946396224532189079e-01
1.411479316974844966e+00 9.985089179601032150e-01
1.440893061439036504e+00 1.000657105066387054e+00
1.410855175189716482e+00 1.003769106332544903e+00
1.471733392622944780e+00 1.003021197579620161e+00
1.410385519271762922e+00 1.003184679235374244e+00
1.453190771048198382e+00 9.944084624215088208e-01
1.437891438494518281e+00 1.004580531652988773e+00
1.444078279518770103e+00 9.919072215110877888e-01
1.449836904494846035e+00 9.984563927314256127e-01
1.434111472376022212e+00 9.984614448434564471e-01
1.411482171668783536e+00 9.989437548491034713e-01
1.412472960652418008e+00 9.949965186114163584e-01
1.462700331739777315e+00 1.004445678894339000e+00
1.418958455432580479e+00 1.003747794827827722e+00
1.456041691790364911e+00 1.003778394552922837e+00
1.433668421665477588e+00 9.985503756284989096e-01
1.447669855562584651e+00 1.002786921030978773e+00
1.438265253919098985e+00 1.002192996416648718e+00
1.435121719883787339e+00 9.991639403556469290e-01
1.437643644308261193e+00 1.002486782612153959e+00
1.416737624633659820e+00 1.000783989881510960e+00
1.409500139681733266e+00 9.988936500968184085e-01
1.476419789481621558e+00 1.001664251218729929e+00
1.428936802922076810e+00 9.955748896075905519e-01
1.467118275337650379e+00 9.956889187695618926e-01
1.424781476595730512e+00 1.005085984841653790e+00
1.423888889918793588e+00 9.987829323956997074e-01
1.458491793613532872e+00 1.000982323747267477e+00
1.408562531905840354e+00 1.001004059594116535e+00
1.409152960854573644e+00 1.001031444347646016e+00
1.420530956059084193e+00 9.956996051094767486e-01
1.412089703466969048e+00 9.953939767887221013e-01
1.475347487602593821e+00 9.986466703782497234e-01
1.408592958979893561e+00 9.990858324836915383e-01
1.409386214545583771e+00 9.957733642822997888e-01
1.437326320821673997e+00 1.002042538884283296e+00
1.422567307714610374e+00 9.961236682013662191e-01
1.449282100603819456e+00 9.960710673283668104e-01
1.483258049808632739e+00 9.944483426208866605e-01
1.488309135719970033e+00 9.964690849782911197e-01
1.409808679355879946e+00 1.004819123559810734e+00
1.480481354287838336e+00 9.952861772396724982e-01
1.488087924213601809e+00 1.001882011765692360e+00
1.472616275982921330e+00 9.891290179807736838e-01
1.411911172384221258e+00 1.003247570444422809e+00
1.463146279084504897e+00 1.008989780127760749e+00
1.465840094925348946e+00 9.903573008070268857e-01
1.448158925364659622e+00 1.004946289098713086e+00
1.409307043428523309e+00 1.005581986301691488e+00
1.435231691802468790e+00 9.978556726646071739e-01
1.418932444108188307e+00 1.007908520196594271e+00
1.413530808899667424e+00 9.925761327229344344e-01
1.451797207379842192e+00 1.002500727863942620e+00
1.432237790070256089e+00 9.961183126204123939e-01
1.431852248273656647e+00 1.003837236072151251e+00
1.447437690760019713e+00 9.998489029567583231e-01
1.413705058111452084e+00 9.963243409288909946e-01
1.416426477658078609e+00 9.937188492842783383e-01
1.426902432970674539e+00 9.993502381679589819e-01
1.413546369957206394e+00 9.987361544685978698e-01
1.438328732198118187e+00 9.943482058234986987e-01
1.465344435625669073e+00 9.993785780922851414e-01
1.478313339625555223e+00 1.002463983151992810e+00
1.411546816548225447e+00 9.884938410904089423e-01
1.474862746332445518e+00 9.984463640503070669e-01
1.409507777416860286e+00 1.007156532768852752e+00
1.467305428686362490e+00 1.002125129721955332e+00
1.422270772573432707e+00 9.980043432848775264e-01
1.431574617795804194e+00 1.004856154716715633e+00
1.425449484307214520e+00 9.990042410069854828e-01
1.409756593573011418e+00 1.001079177936307740e+00
1.476842375236030458e+00 1.000981721711632799e+00
1.409513741225589367e+00 1.000471987828388087e+00
1.465868909412093579e+00 1.001968201784462220e+00
1.430162537448462334e+00 9.982831762425365962e-01
1.419218767587607122e+00 9.999634154774572625e-01
1.469883854640740672e+00 9.989635328048683816e-01
1.472309400620673170e+00 9.990885584020524623e-01
1.491213994309991797e+00 9.981621666495025247e-01
1.488537511692656690e+00 9.984041129219627386e-01
1.476053726625862872e+00 1.001938225427324580e+00
1.482012897370983850e+00 9.999596183542319716e-01
1.480182671201302647e+00 9.999094881449788197e-01
1.462313326422926441e+00 9.974272559941022021e-01
1.466145108489028681e+00 1.001617645652812083e+00
1.409259530690764484e+00 9.951244777577689105e-01
1.423406121589687379e+00 1.000403498823681625e+00
1.452144724770697115e+00 9.946280765261855672e-01
1.440495679855881672e+00 1.000271386631713222e+00
1.421158445323400077e+00 1.001439353681260691e+00
1.439189410339162922e+00 9.967639003969467337e-01
1.448898481096995372e+00 1.002817767139732696e+00
1.408593710685122735e+00 1.001604314544283669e+00
1.489548729746993150e+00 9.999610421934300719e-01
1.478850605421833553e+00 1.001235591887330800e+00
1.486015904479120575e+00 9.937543037785342426e-01
1.483217804685759145e+00 1.000322392324362930e+00
1.488593078559475869e+00 9.984779951502147366e-01
1.478396604640904721e+00 9.984055949640975314e-01
1.456394825693694051e+00 9.981066447372106687e-01
1.461156832170632303e+00 9.993150994190944658e-01
1.408158219843511416e+00 9.985077042484322707e-01
1.419979904724708808e+00 9.994056801395224676e-01
1.487006443426430735e+00 1.003899529176658367e+00
1.487574877669485041e+00 1.003450528025237487e+00
1.487651890880184791e+00 1.000908903138413075e+00
1.482736864454738734e+00 9.988513771967547639e-01
1.482633281130800507e+00 9.984441160984189878e-01
1.487919927211495574e+00 9.988224836512454852e-01
1.477052396267215961e+00 1.000036000294447058e+00
1.457403889932650465e+00 9.994288165552768222e-01
1.486731696478147846e+00 9.991312617490163417e-01
1.486614694561841254e+00 1.004290044484359212e+00
1.427482760869775991e+00 1.006042844968924044e+00
1.408289839055565373e+00 9.969196767179411278e-01
1.487006097056901677e+00 9.989900150770183451e-01
1.475291268093569697e+00 1.001706724462235076e+00
1.470161052099008492e+00 9.964856516782654161e-01
1.461919095384213163e+00 1.000247639558702328e+00
1.407209636021232502e+00 9.989979543199699608e-01
1.467861374194374680e+00 1.000599794273002940e+00
1.429601606123480861e+00 9.979603286191175426e-01
1.486190357638829784e+00 1.007096864584284601e+00
1.487141127863901735e+00 1.000602072045449376e+00
1.486176331698324748e+00 9.907107762757171310e-01
1.486985554760259509e+00 9.935556192826171529e-01
1.488229055333261330e+00 1.008185169067948195e+00
1.487239053213231132e+00 9.995745438911579628e-01
1.488539951551786533e+00 9.976086054619245358e-01
1.486699602513662510e+00 9.965803883208692593e-01
1.486987267984172245e+00 1.004223931322264729e+00
1.488205190236422837e+00 1.001477437514187274e+00
1.482225586515611759e+00 9.966366923869772743e-01
1.477548563795155312e+00 1.000576475720181824e+00
1.485611068663268641e+00 9.926899721939492771e-01
1.477277329014013096e+00 1.002100659534187033e+00
1.488804879658116365e+00 9.995908538707208857e-01
1.469399553021649929e+00 1.002082249908524236e+00
1.409742750350107876e+00 9.960702590413069712e-01
1.486147846594179533e+00 9.912303888245819206e-01
1.486535130374904368e+00 9.942685466710012854e-01
1.486244136725261455e+00 9.954116704301665397e-01
1.486349558294748130e+00 9.962155234815586180e-01
1.413978728176877864e+00 9.937802430584834479e-01
1.474084203187503661e+00 1.002187907617588358e+00
1.453015010261277551e+00 1.002124028403759359e+00
1.476163412266058739e+00 1.000767459542556637e+00
1.409709923103671159e+00 1.003182880475534278e+00
1.488559137450567782e+00 9.961160094255554487e-01
1.485514075333317141e+00 9.984507113593982242e-01
1.457653698785082774e+00 1.002925857876239446e+00
1.486287455722005379e+00 9.878026037223823774e-01
1.425536961228019983e+00 9.969243348300932395e-01
1.452142189195636091e+00 1.004487396336483984e+00
1.433217617443727443e+00 9.979013124277510416e-01
1.415065533216721905e+00 1.004600597282397700e+00
1.415544769476601683e+00 9.993900131565485179e-01
1.408733887069816726e+00 1.002904730863790617e+00
1.403171977468314457e+00 9.988119416281817653e-01
1.416182753395053506e+00 1.001864304609534573e+00
1.449814591908844763e+00 9.966902491607367853e-01
1.450937027944408264e+00 9.991005181026921811e-01
1.408944280674345295e+00 9.974075585785402431e-01
1.485176841803820258e+00 1.004620024935564793e+00
1.471019133723099559e+00 9.939748985594082376e-01
1.489733683852256352e+00 9.931639970683984187e-01
1.486241109049825981e+00 1.004702734180732637e+00
1.418572883092791503e+00 1.009694412406406894e+00
1.490078237581746956e+00 9.932731046246652262e-01
1.486493707997398328e+00 1.007722950254245298e+00
1.417680302073540899e+00 9.965462269236536885e-01
1.484806356618441514e+00 9.950699972490065770e-01
1.487214887520607931e+00 1.004459593402819984e+00
1.487752769078316106e+00 1.007385030237274881e+00
1.486494077489356247e+00 9.999564754974354930e-01
1.486130667271809314e+00 9.977421829017245614e-01
1.487522371661645471e+00 1.008493083362281384e+00
1.473140924510444094e+00 9.985652542908313167e-01
1.487212016605292675e+00 9.990692642864049677e-01
1.424555619197859668e+00 1.001047656618596626e+00
1.461617377512834937e+00 1.009700089871808482e+00
1.424226366499387053e+00 9.936446313288095356e-01
1.485994874162145818e+00 9.937806182831927515e-01
1.484705292671540722e+00 9.897881736885325576e-01
1.456014026177228082e+00 9.901113608443123937e-01
1.448054898166228011e+00 1.000322028956713405e+00
1.486132077684196195e+00 9.952655424631771108e-01
1.484424514154248032e+00 9.940021144521140606e-01
1.430727070349737007e+00 1.006456811215223457e+00
1.455408105450905820e+00 9.947134879037609068e-01
1.409486681204863867e+00 1.000775038778808135e+00
1.490124100913442495e+00 9.933954096802692924e-01
1.458620867020311129e+00 9.987583138089067836e-01
1.420138648672427673e+00 1.005738879079053794e+00
1.466123923012047081e+00 1.006610208221013325e+00
1.486325766540849358e+00 1.008421741073034283e+00
1.439402345728016064e+00 9.981286216222532426e-01
1.486834904048355055e+00 9.932243779081215695e-01
1.476358776986179455e+00 1.001232507444471009e+00
1.424655717676488020e+00 1.000543050194455663e+00
1.486815957011504485e+00 9.994189739013882301e-01
1.486713701947017796e+00 1.007049558230356245e+00
1.477286189547284412e+00 9.930564665357836107e-01
1.482887975087804788e+00 1.005390412935692535e+00
1.484596766682030777e+00 9.927256348465526292e-01
1.477183185382875852e+00 1.002023726919463176e+00
1.486054960759938925e+00 1.004854479791626121e+00
1.486273199053648186e+00 1.006263267049640975e+00
1.476101935176269864e+00 1.002509980684969548e+00
1.478447871146130854e+00 1.000702620892239159e+00
1.481650446102316554e+00 1.005136342578980768e+00
1.483886702480421427e+00 9.931634947533487523e-01
1.486478130021396726e+00 9.899430281341519144e-01
1.440749359550685504e+00 9.990364270078709863e-01
1.487286226973367542e+00 9.991801263155204449e-01
1.463317939692854841e+00 9.986453854430172861e-01
1.416454200303425059e+00 9.959489169736835956e-01
1.466784490303249422e+00 1.000101393712784947e+00
1.454903448201698923e+00 1.003018647903151539e+00
1.410072668353803182e+00 9.973086002284398122e-01
1.419266013221210265e+00 1.003314820162138243e+00
1.471605227788131742e+00 1.001464602713300733e+00
1.460990032455862675e+00 9.996105440183481461e-01
1.409514044119708931e+00 1.001517293940027864e+00
1.414268534956578449e+00 9.971255094852015111e-01
1.404120153686248207e+00 9.992033405252430667e-01
1.435648020891699295e+00 9.980284864497862563e-01
1.432110643750307721e+00 9.951538428445084739e-01
1.407909766164306742e+00 9.996151571274822789e-01
1.422930563908980206e+00 9.925440197814339172e-01
1.415051929374575801e+00 9.967180233120389587e-01
1.454764086142202428e+00 9.976715826921643826e-01
1.417436127407053270e+00 1.001811500217407946e+00
1.447633438467412104e+00 1.000333427562577482e+00
1.446877069182180175e+00 9.990481542582703156e-01
1.444503978608430605e+00 9.956576299194700441e-01
1.486403028516444902e+00 9.996166978071900910e-01
1.441790962611798177e+00 9.988108394796094691e-01
1.460514499788226006e+00 1.001726800614806789e+00
1.436517955009979142e+00 1.002252947927691151e+00
1.474448930261115009e+00 1.000377482359699810e+00
1.419881391656739655e+00 9.958848859871773929e-01
1.410902744517286589e+00 9.922991518760191365e-01
1.478035142714251071e+00 1.000093570464981374e+00
1.416568619467452717e+00 9.999866174178039246e-01
1.450962527850464534e+00 9.993171256768877964e-01
1.417909096714300876e+00 1.000298374909297516e+00
1.436240928560136965e+00 9.986003977889563732e-01
1.443683831441345378e+00 9.999974464372990424e-01
1.441200434550789833e+00 1.001500438102672419e+00
1.441805369511721224e+00 1.000390019764712424e+00
1.452502552884742393e+00 1.000274889219372021e+00
1.453427380011024450e+00 1.000516882980569733e+00
1.477257208120550613e+00 9.983928718822594472e-01
1.484328100457937838e+00 9.992606515221796881e-01
1.448036227039837920e+00 1.002899584784014753e+00
1.486015785735927519e+00 1.000438718108198843e+00
1.443335577124011504e+00 9.986508040534736175e-01
1.482893012697055424e+00 9.974173756855226891e-01
1.426496121523558092e+00 1.000316505863932504e+00
1.418052851136112125e+00 9.996334014267501678e-01
1.441965904128414300e+00 9.997837502892692463e-01
1.447697598368371752e+00 9.996148899632824048e-01
1.465771573320326260e+00 9.994819294321066749e-01
1.436460213563385713e+00 1.000906438076113902e+00
1.429229205671012082e+00 9.998800486891910033e-01
1.423695601756188811e+00 1.000533039067547758e+00
1.470213364408030632e+00 9.994895440987771051e-01
1.450791342923003047e+00 9.996594699884270296e-01
1.435320454759465125e+00 9.990927339742053936e-01
1.450709180424757161e+00 9.996868016858042605e-01
1.450545905468833663e+00 9.997530304543384982e-01
1.485734565827252496e+00 1.002082432814990209e+00
1.470818151799604623e+00 9.998976319331560614e-01
1.480629152178946306e+00 1.000659341357834409e+00
1.474700615687515759e+00 1.000538000740476496e+00
1.458659969169661119e+00 9.969822596919822866e-01
1.435543066674259904e+00 9.989420133552944225e-01
1.484412855796268804e+00 1.000538603545845007e+00
1.412652706006130465e+00 9.987721948560336349e-01
1.434905624755892228e+00 1.001294342482950350e+00
1.423700249071200297e+00 9.955780887212711816e-01
1.415070356647760708e+00 9.951804209136517754e-01
1.446686852505115306e+00 1.001444378898971754e+00
1.445161542414948430e+00 1.003645082053767679e+00
1.457933644415295937e+00 1.001655677693172652e+00
1.418806974920389985e+00 1.002293420931715806e+00
1.445287762753780569e+00 9.953835824428058920e-01
1.434322155649842223e+00 1.002342922912182077e+00
1.463680370374438100e+00 1.005055301417288049e+00
1.452736991033172664e+00 1.002265497020539131e+00
1.433629599849202796e+00 9.978128010658545710e-01
1.456569273472526627e+00 1.004145430238263081e+00
1.424507640958472487e+00 1.000039633369425918e+00
1.472236638526613017e+00 9.952986566010686431e-01
1.415921010051250484e+00 9.992994964224227727e-01
1.424957740848356025e+00 9.982018055045048799e-01
1.410553205191420911e+00 9.963432495810964351e-01
1.481221247259838947e+00 1.000186915293087120e+00
1.409428373452946692e+00 1.001105393750379990e+00
1.416414204151919654e+00 1.001436161189892982e+00
1.478984337226705525e+00 9.957006398274614867e-01
1.469679738558424598e+00 1.001949621525063838e+00
1.480844635325032410e+00 9.973141065027515406e-01
1.478891222247148418e+00 1.000889472409659531e+00
1.462030521172752229e+00 9.969018800258551138e-01
1.443112396367741468e+00 1.002630496327130860e+00
1.411179567735325602e+00 1.000775297617791271e+00
1.413510535150916514e+00 9.998058286984551346e-01
1.428939978174333492e+00 1.000433480819218568e+00
1.420576278153115268e+00 9.990242696884932272e-01
1.441587374314217795e+00 9.998240066608187204e-01
1.456861959293570097e+00 9.952057843134490822e-01
1.471902819601206058e+00 9.990052676103513551e-01
1.476929852647120622e+00 1.000036177688516936e+00
1.432506315810766262e+00 1.003108005785082968e+00
1.486403446813388207e+00 9.950525425563615523e-01
1.467594220837856511e+00 9.933890354149562674e-01
1.417563807969328460e+00 1.000370017800954470e+00
1.433012549198778851e+00 1.000313965386275594e+00
1.425950406199241405e+00 1.000092418236549374e+00
1.421924058457080031e+00 1.003114360631128354e+00
1.409565443031989274e+00 9.999379313242826584e-01
1.419763044558169707e+00 1.000599780092481295e+00
1.418382221541432786e+00 9.992175057995920096e-01
1.421645049577514364e+00 9.993115742160615378e-01
1.409740913790262118e+00 9.999563941788419674e-01
1.416940374105203571e+00 1.000608556130210269e+00
1.414744415184934212e+00 9.986703278282729190e-01
1.454638559906371587e+00 9.989945900711214577e-01
1.436392755975979041e+00 9.994810925913918398e-01
1.464006473176151069e+00 1.001739367335623410e+00
1.444577281155642545e+00 9.994863302821908047e-01
1.465966943925191668e+00 1.000278830411843289e+00
1.462266807267774915e+00 1.004666819125894728e+00
1.462475600057529190e+00 9.981525874623610184e-01
1.478957640456229017e+00 9.991988979529637938e-01
1.467675141711859643e+00 9.984955995539138707e-01
1.454911519143530674e+00 1.001099432366034714e+00
1.432340081997643733e+00 1.000416121044148232e+00
1.459296208283842988e+00 1.001649746707418576e+00
1.480216168224234963e+00 9.990813601241279596e-01
1.486090730960592854e+00 9.994421145179097632e-01
1.462721094544642053e+00 1.006609617222588904e+00
1.459150082017337091e+00 1.005423293377798011e+00
1.480707472243640632e+00 1.001982977130480679e+00
1.486315567962929629e+00 1.000617149702403230e+00
1.486115431271650911e+00 1.000578280090845151e+00
1.466845620713603804e+00 1.000040034698358671e+00
1.482412123316340091e+00 1.004692905331095121e+00
1.440243005501866902e+00 9.957161118300276170e-01
1.446054536330732665e+00 9.946138225697154223e-01
1.445447640608664264e+00 1.002062867219379427e+00
1.475883231793092776e+00 9.945677567684971798e-01
1.478738257995790617e+00 1.001766290472562826e+00
1.486614710920104887e+00 1.002626964598151371e+00
1.486554516398314929e+00 1.001077260543475234e+00
1.472979917388351101e+00 1.000123852129648494e+00
1.482880548354913675e+00 9.984328127248404128e-01
1.483311906239187294e+00 1.000543179883884415e+00
1.487209051245570901e+00 1.000234513238695833e+00
1.470312695275576065e+00 9.991268194073910092e-01
1.484782697194238166e+00 1.000411299323841874e+00
1.486201524898181248e+00 9.994182512880096514e-01
1.486191545462780761e+00 1.000213472298163042e+00
1.457660232560098246e+00 1.005665313325724508e+00
1.486296659684700039e+00 1.001017244951216245e+00
1.475214342621998131e+00 1.000637787524961464e+00
1.481780205432925213e+00 1.003599924255360154e+00
1.471097257215095988e+00 1.000494420395202422e+00
1.485269619997483970e+00 9.948300872278742490e-01
1.479675440620759730e+00 1.000941309123724254e+00
1.486321848367525567e+00 1.002550875201489777e+00
1.485743186261995641e+00 9.989069686601698139e-01
1.480114456284860713e+00 9.984498364990711528e-01
1.429091104045425054e+00 9.999462090297226435e-01
1.460332244844513294e+00 9.978425120536380533e-01
1.486364416209484673e+00 9.980252145304590039e-01
1.423694188853822373e+00 9.990722240006939536e-01
1.456722081807598324e+00 1.002298725081437247e+00
1.446180038110909116e+00 1.000282440212849400e+00
1.473843195866584299e+00 9.957872359564484688e-01
1.479023926199247940e+00 9.992039249667469258e-01
1.464150051078929371e+00 9.994346553209412232e-01
1.484675529532121452e+00 9.963064331326606515e-01
1.468763395466050836e+00 9.975643227706334493e-01
1.486414781684096686e+00 9.972567735452041449e-01
1.486305681680204049e+00 1.000926987049289174e+00
1.478051521987420847e+00 1.000516235523801978e+00
1.424074205881448618e+00 9.981478048179730500e-01
1.450381992873575276e+00 9.965360752708907199e-01
1.461556964711140161e+00 9.959543467486602353e-01
1.423060256470165763e+00 1.001786664544743966e+00
1.434849184071604000e+00 1.000113941621241676e+00
1.462908699094803699e+00 9.996708071732212098e-01
1.453873347140119732e+00 9.997963193518127900e-01
1.461003128180176525e+00 1.005613736292255256e+00
1.445026219495784803e+00 1.003525291741367287e+00
1.486253119656764987e+00 9.982114606625394071e-01
1.486664394525306854e+00 9.997393479308174236e-01
1.482231148524763897e+00 1.000500997191234198e+00
1.486436130986534154e+00 9.998920952445422561e-01
1.485982750509924122e+00 1.000296031839977617e+00
1.443908611711318457e+00 9.991655670593776462e-01
1.486235454162135428e+00 1.001113210371094020e+00
1.484011979020467331e+00 1.001685075120030133e+00
1.486705109661179636e+00 9.979509344268024940e-01
1.426564361942894266e+00 1.000352442685678245e+00
1.485327069633991526e+00 1.001662522725712323e+00
1.484383976527972049e+00 1.000530493672390220e+00
1.486458864362788734e+00 9.991506716523248510e-01
1.468529389123022444e+00 9.999045686680629874e-01
1.470434447741127970e+00 9.961627629082020485e-01
1.485416385950351748e+00 9.998990798332189067e-01
1.486020398476455506e+00 1.000666079685087695e+00
1.478576359531647011e+00 1.000932700365393835e+00
1.477900615087167191e+00 9.988172609603667151e-01
1.483456043411291558e+00 1.003206070211728473e+00
1.410824194812115628e+00 9.987744988007130065e-01
1.418166496330359294e+00 9.993916329664708220e-01
1.443433874872196654e+00 9.998517710099916744e-01
1.456374482343635979e+00 9.996808249408105640e-01
1.412566759922185389e+00 1.001755630438548650e+00
1.412750544858152546e+00 9.996879349653176039e-01
1.409581840466499036e+00 1.001145410438066818e+00
1.409750010728724634e+00 9.947913672856057987e-01
1.451154069040772265e+00 9.976008575005255175e-01
1.427058169028209811e+00 9.999885103802289565e-01
1.418632096880548810e+00 9.967898586475559819e-01
1.451498982405523330e+00 1.005350741604079001e+00
1.423437932700011510e+00 1.003099908188607614e+00
1.464101442869879754e+00 9.963526651815763913e-01
1.463641724058197591e+00 9.972885778842779381e-01
1.459230136891415119e+00 9.975312689058755122e-01
1.447891845506753983e+00 1.001313502801527422e+00
1.414810562457532228e+00 9.984010120301468616e-01
1.419883012980025061e+00 1.000577368187720806e+00
1.449125156239593259e+00 9.974848255849309009e-01
1.483863510784687589e+00 1.000392205201730889e+00
1.429245745028124626e+00 1.002238249702622097e+00
1.417100887763079520e+00 9.976781084701512592e-01
1.468043740501639327e+00 1.000950098964596968e+00
1.420272905826767795e+00 9.977311399938251224e-01
1.408561696916162509e+00 9.997054315363842480e-01
1.411391690189597314e+00 9.969794308076185274e-01
1.461723295990471572e+00 9.949458671982177593e-01
1.421186164210861858e+00 1.001646046781512034e+00
1.408503666533716725e+00 9.975714694634865154e-01
1.428641911886251226e+00 1.003362100172090710e+00
1.480520113175613384e+00 9.998958438711694763e-01
1.458219005468459395e+00 1.000861201286676438e+00
1.422398632539501051e+00 1.000113302424120443e+00
1.416336339966394853e+00 1.002509952074717603e+00
1.416833349136345399e+00 9.954642321596888221e-01
1.426892129282501420e+00 9.977933011227737570e-01
1.479865932427387953e+00 1.001760533349442150e+00
1.417851920884405814e+00 9.987016700349655718e-01
1.423887845317840739e+00 1.004253753976704022e+00
1.459130521597783225e+00 1.000768320551159052e+00
1.440716478629759711e+00 1.000569660241310332e+00
1.474401187684964309e+00 9.994758155521691334e-01
1.460631040227146071e+00 9.997014906891222852e-01
1.419665361099444967e+00 9.963216596743685871e-01
1.427851949370419371e+00 9.990467635193048812e-01
1.466171618171721924e+00 9.994544159663962812e-01
1.471808675133515543e+00 9.989943364555178285e-01
1.448915230672659815e+00 9.966453675442198401e-01
1.410560072079718674e+00 9.994512606372407681e-01
1.469008429957667339e+00 1.001980746307886472e+00
1.418616713563502163e+00 9.974282143052295435e-01
1.427511178243740853e+00 1.000320819875166745e+00
1.416575156641907141e+00 1.001106879892093682e+00
1.426093542122841118e+00 1.002188710805739458e+00
1.457147710607901381e+00 1.000440785463966975e+00
1.428251538748157801e+00 1.001487747513925664e+00
1.429665546058837000e+00 9.992349374750698621e-01
1.460478139096410555e+00 9.965937996978843083e-01
1.438386649372342507e+00 1.000382431578346276e+00
1.429449091444064956e+00 1.003369928878596218e+00
1.409325698853994169e+00 9.990843224439167614e-01
1.409340184311131061e+00 1.000959617202100693e+00
1.469969230332646815e+00 1.007484834640518967e+00
1.451222101596046254e+00 1.001814124648958026e+00
1.446176357388163636e+00 9.977936800557413166e-01
1.448646539388513954e+00 9.962039416331602837e-01
1.422020609419619275e+00 9.953515850674613530e-01
1.471537362630640278e+00 9.975461785475518983e-01
1.439206308104635790e+00 1.001725055414703691e+00
1.469848734970119253e+00 1.002331183203682308e+00
1.480754934256363065e+00 1.001425805642134126e+00
1.422055069421636286e+00 1.000080153129035532e+00
1.487438270744839697e+00 1.004337762336600104e+00
1.427452470970131948e+00 9.935531183069330474e-01
1.442745945407655439e+00 9.963330253416939897e-01
1.449795983750542749e+00 9.947672696704511486e-01
1.420537688714413216e+00 9.993056448261566915e-01
1.417198736756996702e+00 9.976299267250824387e-01
1.482931198200015510e+00 9.904113446753756156e-01
1.425990635961176034e+00 9.919129951712589710e-01
1.410718691667613323e+00 1.000956315140139941e+00
1.420453469093824639e+00 1.005479342412109123e+00
1.457791963968130933e+00 1.006240923449717828e+00
1.465579290966520620e+00 1.001369805100053911e+00
1.426945387985430580e+00 9.991473788919001953e-01
1.439601331741347412e+00 9.993361575422896603e-01
1.448704688473817503e+00 1.016795917777214120e+00
1.410293449150530565e+00 9.988102581983731021e-01
1.409182108500598440e+00 9.964850383696195468e-01
1.448524817510776552e+00 1.005637853497572065e+00
1.451117683531206737e+00 9.946306798526262094e-01
1.408492241362666375e+00 9.982341658235610593e-01
1.434448195347427513e+00 1.003499156409266790e+00
1.425386478159790471e+00 1.001992124071322099e+00
1.434122483783368596e+00 1.000476528993391234e+00
1.409662838668847673e+00 1.000245041619021169e+00
1.409237246304602120e+00 9.973071263334827297e-01
1.444674287934681223e+00 1.000539361501033619e+00
1.433335769375631674e+00 9.997035563225090682e-01
1.409902539266431276e+00 9.950897915319879550e-01
1.487333484188267274e+00 9.956172219824840353e-01
1.465483066566189096e+00 9.914130833741046089e-01
1.449941697414858011e+00 9.944001478952806394e-01
1.448852616362394263e+00 1.005930802733402851e+00
1.470183116783086996e+00 1.000975004367542720e+00
1.485406875340415933e+00 1.003433037632857960e+00
1.465126281076426062e+00 9.987418241043058975e-01
1.469296741210341262e+00 9.972180067365056244e-01
1.470496613281888854e+00 9.999990245299854585e-01
1.444510144593813772e+00 1.003960582754384268e+00
1.414177424206067180e+00 9.954670898472099960e-01
1.434340886526870751e+00 9.967701899688636846e-01
1.433477657163998442e+00 9.980614769174855905e-01
1.466370974996602961e+00 1.003985635474382354e+00
1.409147286788117626e+00 1.001659620481112567e+00
1.410598131934893473e+00 1.001603062557120172e+00
1.440128624732485596e+00 1.003284833103948781e+00
1.409003759190835092e+00 1.001147221153802391e+00
1.439986186066347651e+00 9.932686128870694686e-01
1.408997427426906146e+00 9.983531165918636541e-01
1.409745123549691170e+00 1.000143050921995957e+00
1.411637634019778043e+00 1.001081295844535424e+00
1.409670613410099138e+00 1.000399019258326527e+00
1.418900533661307639e+00 1.003504590051740752e+00
1.416866457436694926e+00 1.001859464418834111e+00
1.440896040582755333e+00 1.005966082222672586e+00
1.422571401418835757e+00 9.993413297355131508e-01
1.486538321380761474e+00 1.000114929103578687e+00
1.486122981570168422e+00 9.989506789122573061e-01
1.470787416602382658e+00 9.996935564759406034e-01
1.485972392298064326e+00 1.004087632568429145e+00
1.409660617266480065e+00 1.001847100495193654e+00
1.479676935577653119e+00 9.975159935918742615e-01
1.469700268900581586e+00 1.000183826713149982e+00
1.460811029673216854e+00 9.979519802228131731e-01
1.468552451438542850e+00 1.001472629142627024e+00
1.478844576554340984e+00 1.000381190331078196e+00
1.437313201654816242e+00 1.003142120975833995e+00
1.429166183734818851e+00 1.000984453799821372e+00
1.486351876070538092e+00 1.000969574271674878e+00
1.482329362630245173e+00 1.000679982700695803e+00
1.450805118388712067e+00 9.984110480555964395e-01
1.473912723909405864e+00 9.986631401445656975e-01
1.473498727765286676e+00 1.000092454001477948e+00
1.455890608334506897e+00 1.000378952529680898e+00
1.486063465819516871e+00 9.990039361358453718e-01
1.476767720978062526e+00 1.000594507744217321e+00
1.483792491004367831e+00 9.991282752193303418e-01
1.477822156216375360e+00 9.992290746236970334e-01
1.471678648250992705e+00 9.994369234952739101e-01
1.485722703037932524e+00 9.998870966381185887e-01
1.486446738918698607e+00 9.988065188027297481e-01
1.482005906392362737e+00 1.000473452551031928e+00
1.481291138546442454e+00 9.994538233622475287e-01
1.483711518278027386e+00 9.967229917912420190e-01
1.482096463877965897e+00 9.951272463953703129e-01
1.481667646677583772e+00 9.986816781864077397e-01
1.485740168379808157e+00 1.004121647131242634e+00
1.486248032002418062e+00 9.985214003519863324e-01
1.469640672921018076e+00 9.998719987455745306e-01
1.486662311182483709e+00 9.991377187983934149e-01
1.486876828637530235e+00 1.001364572930952601e+00
1.460744805994820483e+00 9.985216812780187690e-01
1.486409636222857822e+00 1.002376060959462079e+00
1.440807553319716217e+00 1.003973135141061235e+00
1.422150229727981774e+00 1.000159149669772374e+00
1.464754790210688551e+00 9.967722928203865962e-01
1.471800995973946646e+00 1.000521019651436694e+00
1.469240987959018030e+00 9.982109685219706652e-01
1.465450133310934877e+00 9.980016601354414485e-01
1.476405720930661358e+00 1.001225433383576613e+00
1.471379035808273228e+00 9.998043537225701494e-01
1.487268946846078910e+00 9.991251362096703614e-01
1.446578649143534623e+00 1.004537722674863076e+00
1.484528427367172165e+00 1.001199954630924704e+00
1.484266866025748532e+00 9.999216664849723823e-01
1.439336185734162887e+00 9.927080871955443753e-01
1.486495640003173246e+00 9.992798798081681255e-01
1.486491153530999254e+00 9.981694021521573257e-01
1.486007449061488739e+00 9.997174123786435329e-01
1.479590651027413051e+00 1.006075491375359787e+00
1.481521882163433723e+00 1.001189496620434438e+00
1.443167518574091090e+00 9.990502897588258158e-01
1.486042224303926851e+00 9.991336825505983121e-01
1.488310000181699566e+00 9.991689954569932253e-01
1.475210396663262591e+00 9.992219117844763909e-01
1.437358842826693017e+00 1.001184358861258783e+00
1.442677028772971770e+00 9.967201349474460459e-01
1.428013494521809923e+00 1.001007577907215174e+00
1.442929483144564262e+00 9.990750550913296557e-01
1.452001870768668601e+00 1.000172512085427901e+00
1.478941652604712997e+00 1.000372501622139421e+00
1.469734348095280252e+00 9.998343769934886494e-01
1.438654793910044472e+00 9.981388022144660477e-01
1.478927687972427574e+00 9.915032199844042715e-01
1.409213757686564206e+00 9.992938636391733853e-01
1.425722677183474119e+00 1.001305871660972846e+00
1.487570857007666669e+00 1.001082781935500599e+00
1.464672691726423892e+00 9.999588682199515022e-01
1.424301076950081901e+00 9.988648573885680060e-01
1.439323636292644704e+00 9.998850617085696113e-01
1.470392364126650309e+00 1.001464672157363234e+00
1.415940355056427125e+00 9.985668787230372878e-01
1.436393615650807476e+00 1.000945038680089771e+00
1.440539776668768646e+00 9.985835331460294340e-01
1.422966445815363468e+00 9.998201969623556895e-01
1.421791349529374804e+00 9.970048312702572968e-01
1.481785419833538509e+00 1.000008317927464363e+00
1.483748547678514385e+00 9.996544026089919655e-01
1.486329353213828863e+00 1.005311099610622261e+00
1.477022035880900308e+00 1.002310541023487822e+00
1.470361856204946305e+00 1.005515738659364500e+00
1.409501302498830766e+00 9.995334404096626324e-01
1.409837354426578093e+00 1.004405590874359877e+00
1.440428090639728875e+00 9.962166417304705313e-01
1.408452015213312203e+00 1.001040618252123870e+00
1.487066324861433975e+00 9.859215150247485626e-01
1.417919456750963647e+00 9.993337987142859591e-01
1.423679196648122147e+00 1.001133927991761485e+00
1.429292317375202348e+00 1.000800005337276533e+00
1.454294068848534849e+00 9.980254301515637527e-01
1.432679000758087406e+00 9.980764553024195074e-01
1.480804203225867477e+00 1.002131654637888447e+00
1.429281358354846931e+00 9.996562279311271837e-01
1.420869684511504527e+00 1.001644353756924399e+00
1.410021659029970564e+00 1.001045922722523462e+00
1.486146230677109159e+00 9.995637462358336611e-01
1.447836061578032796e+00 9.970951148660205376e-01
1.487747318458616519e+00 9.937239184559012450e-01
1.405880231372356404e+00 1.003487071604305836e+00
1.473798048060529720e+00 9.997847423360500807e-01
1.472289260619575879e+00 9.931647094199260728e-01
1.444570489528780088e+00 1.001266381183050225e+00
1.433193436982609148e+00 9.971598229903428923e-01
1.405300689752332799e+00 1.002814460367881466e+00
1.419813445528075091e+00 1.000442985938861273e+00
1.422439719441566330e+00 1.006794732668732539e+00
1.416994721442134564e+00 1.001324028549174017e+00
1.417591671142502285e+00 9.929046591466562655e-01
1.487744391827147572e+00 9.972510432960062232e-01
1.477272475211367286e+00 1.006620967622173790e+00
1.464397580718209246e+00 9.985850370231836859e-01
1.483840305467310161e+00 9.924620093353963002e-01
1.433711189481271076e+00 1.005365460138221367e+00
1.465446957650162307e+00 1.004234656153969230e+00
1.429733931641865130e+00 1.004641460296329392e+00
1.483389814413059282e+00 9.968733756535045343e-01
1.486848231219032090e+00 1.005573395514218094e+00
1.462338882399378370e+00 1.001162604114734345e+00
1.458351338468523162e+00 1.004209604294331815e+00
1.409827298997295086e+00 9.949190630408363267e-01
1.441610933607502920e+00 9.986175685160109117e-01
1.405415285183082341e+00 9.960946296095509744e-01
1.468504214099080274e+00 9.950020207892514845e-01
1.431228720642483632e+00 1.002026840600981572e+00
1.461441374101183799e+00 1.003511040512317765e+00
1.482783844581909705e+00 1.005634640541815061e+00
1.488616955943742770e+00 9.955397755753158107e-01
1.488328188714395539e+00 9.945277533067228282e-01
1.472832992650518147e+00 1.006443688029896810e+00
1.488416673426212977e+00 9.924593746569880803e-01
1.426315672789116418e+00 9.926455643485352365e-01
1.481977961589407755e+00 9.943643852361556679e-01
1.486146717563415098e+00 9.909601255009590215e-01
1.486886885496255806e+00 9.957189145778470030e-01
1.487165573494390491e+00 9.968320806899079178e-01
1.452058402853172892e+00 1.002602460537947771e+00
1.471171739279770740e+00 9.980464332717230436e-01
1.487601201819173546e+00 1.001970695143792556e+00
1.478867273678981853e+00 9.961817073304948256e-01
1.474890045193557819e+00 9.967390694863732525e-01
1.482673398268749887e+00 9.958879102412575568e-01
1.479685373068192922e+00 9.999561790085612634e-01
1.488794831396706542e+00 9.968469087834939124e-01
1.477676569141377794e+00 1.000979148829689747e+00
1.479257616516717055e+00 1.002504853669895724e+00
1.486579625368696256e+00 9.961687771403968661e-01
1.483700076892886077e+00 1.004454101171498248e+00
1.485798184334433225e+00 1.004498096231273063e+00
1.484442095291578889e+00 9.958874928625097711e-01
1.486001430865167006e+00 9.961685269569277024e-01
1.480844904937501871e+00 1.005919164134321031e+00
1.425167963873192223e+00 1.000031644902968031e+00
1.487354842156794144e+00 9.972302820979085380e-01
1.485596765312138245e+00 1.001632072298245690e+00
1.481416011285400014e+00 1.000228530031654017e+00
1.467890219245426620e+00 9.992358301412831434e-01
1.486584633068531502e+00 1.001920369180383741e+00
1.480942343800861982e+00 9.993462752972486207e-01
1.486610269491331904e+00 1.004913743999002129e+00
1.486846446043982084e+00 1.005750114280091978e+00
1.486300183340565351e+00 9.996948508457016436e-01
1.461286552312860865e+00 1.000403957916607078e+00
1.474744848345364012e+00 9.973694053238536528e-01
1.481973229741806009e+00 1.004018064921023967e+00
1.481646864983622969e+00 9.951997899283006044e-01
1.479289138696994632e+00 9.974180627516686659e-01
1.481084784852567449e+00 9.963974699567864635e-01
1.488790478315431764e+00 1.001113378493671435e+00
1.423043960534514651e+00 9.993683500198661251e-01
1.487203823434790184e+00 9.961325297372976006e-01
1.460684497373723856e+00 1.001552304175255648e+00
1.486568272061247198e+00 9.896736773027289269e-01
1.489107158213998305e+00 9.997749647543742180e-01
1.463204980374078312e+00 1.001998186390230083e+00
1.475861856320132226e+00 9.984738862002977555e-01
1.465615602060415634e+00 9.982855185611405613e-01
1.409402482966647829e+00 9.999619934905936702e-01
1.404478815374253786e+00 1.000642527638965884e+00
1.405628602101984814e+00 1.000648797459049000e+00
1.487081234206083513e+00 1.001341448633776610e+00
1.394902447432759818e+00 9.988794842589345802e-01
1.473926501568909808e+00 1.001609635850638336e+00
1.434454986611097382e+00 9.991650549194091013e-01
1.473621520107548211e+00 9.945617819948656679e-01
1.428072748110065238e+00 9.984472505874989468e-01
1.434382121926073950e+00 9.990190460340525602e-01
1.432586070518843790e+00 9.997668149175217289e-01
1.472118679705679334e+00 9.916199062118126184e-01
1.483561404497782954e+00 9.937758429884382405e-01
1.446691821931646249e+00 9.979391735429139487e-01
1.486374604654791209e+00 1.000500542349538113e+00
1.425705882901310506e+00 9.991659208057503960e-01
1.477649469288594197e+00 1.004711021394758319e+00
1.448051179428171631e+00 1.000234300847648194e+00
1.483852270785992244e+00 9.984956592428708699e-01
1.476631669574166139e+00 9.973835049848291945e-01
1.407200827049156278e+00 1.002729639609112322e+00
1.403326681592304892e+00 1.002872937862641756e+00
1.439990655301337297e+00 9.994102249815283168e-01
1.418539677734605320e+00 1.000830348915357160e+00
1.488344699842276464e+00 1.001065689029677852e+00
1.488338548635717684e+00 1.002622000450616335e+00
1.487265324868287442e+00 1.002813817606651670e+00
1.484944419487721490e+00 9.993112963391577175e-01
1.486345486458073628e+00 9.948922112792466521e-01
1.440311532741720413e+00 1.002179050510298541e+00
1.486025720304585906e+00 1.000856141446079262e+00
1.487399452379113418e+00 9.949558845641846005e-01
1.467554677881859559e+00 9.985358782987698856e-01
1.486696860005297882e+00 9.949247234902375281e-01
1.408142431931501015e+00 9.993892531064848539e-01
1.406114847598638473e+00 1.002806939384371265e+00
1.414533697858151307e+00 1.000292476161106059e+00
1.414852370733195031e+00 9.972181875696571884e-01
1.413457855905410510e+00 9.997776556487532051e-01
1.406644433783531323e+00 1.000735188100683404e+00
1.487311894187531403e+00 9.968345172438297652e-01
1.417745537315156845e+00 9.977821715324414198e-01
1.443789308385407866e+00 9.983554208709094491e-01
1.446650718791032686e+00 1.002032518712043574e+00
1.450751891107834535e+00 9.991686464624514041e-01
1.421691462436203146e+00 9.946355470525329867e-01
1.457053684042256103e+00 1.001145775606263388e+00
1.409626896568392906e+00 9.994937806479592401e-01
1.409582574919512332e+00 9.946022692658349484e-01
1.478024153976383870e+00 9.990623024365664628e-01
1.473008349493573732e+00 1.000317282651229212e+00
1.430989644036532171e+00 9.992148997761300944e-01
1.433979062233904145e+00 9.977683766503220308e-01
1.455371207745767448e+00 1.000558009176530483e+00
1.428670126429615772e+00 1.003247390320726851e+00
1.435821762977415927e+00 1.002193345646867684e+00
1.434545003767953686e+00 9.958689593421006236e-01
1.440213590493690576e+00 1.004710270863873767e+00
1.442435291463479707e+00 9.977354137349293550e-01
1.434228054197756341e+00 1.003156129176167255e+00
1.413322955829837024e+00 9.937052744057569553e-01
1.431167115328652484e+00 9.966951087614903670e-01
1.408602169748552013e+00 1.007036932421676800e+00
1.423341679795436576e+00 9.950258452960518696e-01
1.408702023295871797e+00 1.006973204689545431e+00
1.416296607044186029e+00 1.005961483405603651e+00
1.469160131249852563e+00 9.994294172217869088e-01
1.476379014040027471e+00 1.000114488930987644e+00
1.436824285045188887e+00 9.991243397010081129e-01
1.466077593731304196e+00 9.969264822444217078e-01
1.418676521971929061e+00 9.993193794250071482e-01
1.475589790305969373e+00 9.992159546403678316e-01
1.457507413694836496e+00 9.968637221307087293e-01
1.470841471258662159e+00 1.002898519302015901e+00
1.483069510662542445e+00 9.958435854601105364e-01
1.487023103385881617e+00 9.970559299225614236e-01
1.487667305247620142e+00 9.965588709261248290e-01
1.463454467432163231e+00 1.001145801152540482e+00
1.482482954962999422e+00 1.001464605600278945e+00
1.486463317516060201e+00 9.951988093450047090e-01
1.473618463020875735e+00 1.004740681200484209e+00
1.485998572048810473e+00 1.005236985522482973e+00
1.478413435687988775e+00 1.000335567422701688e+00
1.485981559633481996e+00 9.996597182722036790e-01
1.465093167928041451e+00 1.000832777086073877e+00
1.487024407157603090e+00 9.970829966396012045e-01
1.450222447079472454e+00 1.000855733150795235e+00
1.487778236534643916e+00 9.934846536972644637e-01
1.473629355937724483e+00 9.994600506090218772e-01
1.449255000415583972e+00 9.970849480397040443e-01
1.438988195244554236e+00 9.979417114836002245e-01
1.432412239930706432e+00 9.992387745812185695e-01
1.486179736822998532e+00 9.997683564765657005e-01
1.462483916157223396e+00 1.000392141405828328e+00
1.478305324923509634e+00 1.001581166186241489e+00
1.474271863807828709e+00 1.001326388965075864e+00
1.409932098531885281e+00 9.954832980988149727e-01
1.478470361085261642e+00 9.968085674089288695e-01
1.412013615997656624e+00 9.941664599905403188e-01
1.411385260936448338e+00 1.008018245384029621e+00
1.483873038677153255e+00 9.951649064333814021e-01
1.486215242337623366e+00 1.000798176975935760e+00
1.408537480156617283e+00 9.986299010617349925e-01
1.486196138051581794e+00 1.004199201416277942e+00
1.418757592035303938e+00 9.989111345799566166e-01
1.468947081757727702e+00 1.000280809474143551e+00
1.486959313687819195e+00 1.002899894557670590e+00
1.486815013447592593e+00 9.976759004583868329e-01
1.489360239309660106e+00 1.000011588612412794e+00
1.486051221948254009e+00 9.945650564869181753e-01
1.486902360857902172e+00 9.964645402079976844e-01
1.483056442801874431e+00 9.992511919558424438e-01
1.434903393986203923e+00 9.935337426216807044e-01
1.418889386147689669e+00 1.015200976223968876e+00
1.486543899798859814e+00 9.972920717365063581e-01
1.458610901832342321e+00 1.003295813909612866e+00
1.430754648442398969e+00 9.984590180500837464e-01
1.479661357863833127e+00 1.005442600782952223e+00
1.486448210138829440e+00 1.000891920317511952e+00
1.483037309896429345e+00 9.979374163751887350e-01
1.486179351453121189e+00 9.998306902484761505e-01
1.427447800627119623e+00 1.006635780230426436e+00
1.486157559473043177e+00 9.999249101310064836e-01
1.486817564221568189e+00 1.000158234667761326e+00
1.486502624663145644e+00 9.987038279945188446e-01
1.486246335216577785e+00 9.994283257256856290e-01
1.467771133063467515e+00 9.996040396493044433e-01
1.479200360583561968e+00 1.001742879767701710e+00
1.463662409661913522e+00 9.998040144932759388e-01
1.486511382516475965e+00 9.988099513976779198e-01
1.476272101332568809e+00 1.000207894402707076e+00
1.466108103384741623e+00 9.941499290117213894e-01
1.477049358748246721e+00 9.997713509814333266e-01
1.482986653361694662e+00 9.990255298440156029e-01
1.472990060219810715e+00 9.992197263266111573e-01
1.483036743101693311e+00 1.001067475949234842e+00
1.485979333409907843e+00 9.995195181901804782e-01
1.486072560183127056e+00 9.965751841170690239e-01
1.485484488401053627e+00 1.001752046391884976e+00
1.467662028841069999e+00 1.000069445388129363e+00
1.481566732048358759e+00 1.001019605243709032e+00
1.483767703189538212e+00 9.971971301164374024e-01
1.486195091657602108e+00 1.000017709458742798e+00
1.473887263179680662e+00 9.995647113832922814e-01
1.483935371460368469e+00 1.003128612698769739e+00
1.481962652105491385e+00 1.005793158795563524e+00
1.485982386039045311e+00 9.987899222160753210e-01
1.484114628563941052e+00 1.007585993710617300e+00
1.472392967215150339e+00 9.989784219762469775e-01
1.475619876226713201e+00 9.993680854212976250e-01
1.486132948342011151e+00 1.000863091656166715e+00
1.486586126445954337e+00 9.991963458488993810e-01
1.484030786686122649e+00 9.955418137525519073e-01
1.484124400816217326e+00 1.003286962230232726e+00
1.486169047530102816e+00 9.996801749622222788e-01
1.482578086177288590e+00 9.997866795264858109e-01
1.475529599879279452e+00 9.996171958419131087e-01
1.486020378035925571e+00 1.000319270137488337e+00
1.487480147452233226e+00 9.962017330100019219e-01
1.487319984300554010e+00 9.994226731030954047e-01
1.486018236616903243e+00 1.004361436229569637e+00
1.462381639991154003e+00 9.991324997306121336e-01
1.480752446304417491e+00 1.006866510483369614e+00
1.402806138580655615e+00 9.982540950539664504e-01
1.437869284881617249e+00 9.979567552083322690e-01
1.474677048329052553e+00 9.988818135782977503e-01
1.481655005355397625e+00 1.000381007468274630e+00
1.489807161513179823e+00 1.007920610554305707e+00
1.477633646371409704e+00 1.000254947755920609e+00
1.476636151123254859e+00 9.990408142102746858e-01
1.484968185753084757e+00 1.003231828110516144e+00
1.486594716209503009e+00 9.994551411122524209e-01
1.484965431848955797e+00 9.989745976661514870e-01
1.484961889689851322e+00 1.001740440355186168e+00
1.486281784624885693e+00 1.000221050390639688e+00
1.474205804117974195e+00 9.978733550704959043e-01
1.435683706638315682e+00 9.995822528928299811e-01
1.421796087930274677e+00 1.000596368824079319e+00
1.440086013376231877e+00 9.996064721665645081e-01
1.428072782099131466e+00 9.985787726276860177e-01
1.406527815682230509e+00 9.963684102129123366e-01
1.430158327131195284e+00 9.997187275974632747e-01
1.409610645355750647e+00 1.000813203877353397e+00
1.457568445576714167e+00 9.970159131398095287e-01
1.459567585965464653e+00 9.989032270444025974e-01
1.486625338359957027e+00 9.950437397877233137e-01
1.408080798523955179e+00 1.000957659902060426e+00
1.423946159243613563e+00 1.004709991497663379e+00
1.454681738221783815e+00 1.005490915039658706e+00
1.451158609971927582e+00 1.001568694342507504e+00
1.488004341834984867e+00 9.922855591035667500e-01
1.460884260979526950e+00 9.946339811860035462e-01
1.408551577311204728e+00 1.000471266386944391e+00
1.486980604295603303e+00 9.964902869817091613e-01
1.474835387003677667e+00 1.006751370315911442e+00
1.448820250201046544e+00 1.007226488321685709e+00
1.486246137898867614e+00 9.982686200128765286e-01
1.483504590609279639e+00 9.956601203765025332e-01
1.485414477804121614e+00 1.002817562654757300e+00
1.480820768697604262e+00 1.001481750392921866e+00
1.465903915554872095e+00 1.003046936511021503e+00
1.470581728499773311e+00 1.003685065486912720e+00
1.442038731271045426e+00 9.948414307271111756e-01
1.481523371570200087e+00 9.976633814365978292e-01
1.483880427823100590e+00 9.937481584375237320e-01
1.465761034259525308e+00 1.004836720929340732e+00
1.464392918344034289e+00 1.007906809866796261e+00
1.472443137427278170e+00 1.002451495044297092e+00
1.462994596352551024e+00 1.000177951684364963e+00
1.401876134955835296e+00 1.005306153156271698e+00
1.486236056487976853e+00 9.989914209373216281e-01
1.487707996719707104e+00 1.000347602971627170e+00
1.436882599028900698e+00 9.987825116208850496e-01
1.480408414173283838e+00 9.969833942628144596e-01
1.486019589016785547e+00 1.000979030323167596e+00
1.479844444992315600e+00 1.003717029352505508e+00
1.473720815967460185e+00 1.000130386308867303e+00
1.479308344962867450e+00 9.988117261966925620e-01
1.483981682719923256e+00 9.980948772611060171e-01
1.482940839259023535e+00 1.000651558393918172e+00
1.457184884413529113e+00 1.003569333202781744e+00
1.477022250840001494e+00 1.000204782105327039e+00
1.483201672552962869e+00 9.999957756332628067e-01
1.483721288271056871e+00 9.978089209386027392e-01
1.474953584109462090e+00 1.002056147669012853e+00
1.483218149306056999e+00 1.001149851128756874e+00
1.486149621223659123e+00 1.002041071128130456e+00
1.486108390199704976e+00 1.002215976913603868e+00
1.414320694775340836e+00 1.001201231632965927e+00
1.486009385569708519e+00 9.997100319433817051e-01
1.466858395876104781e+00 1.001588780279581092e+00
1.464568495750369292e+00 1.000494336409600393e+00
1.485736856149776131e+00 9.963829384253339860e-01
1.456138620166741005e+00 9.949649850127982864e-01
1.440279100740213813e+00 1.000361100780212453e+00
1.479671809928293946e+00 9.960366447346441499e-01
1.478393880140436156e+00 1.000059868432289223e+00
1.483564980343434314e+00 1.000696110071443101e+00
1.478071546169682726e+00 1.002897432147797696e+00
1.438525226688667447e+00 1.009112488698940213e+00
1.484618896609815275e+00 9.973841354067429776e-01
1.443173300957077965e+00 1.005426377125567150e+00
1.425786365154628532e+00 9.978287091391688790e-01
1.476109742739876829e+00 9.922036961642332065e-01
1.442645906189102600e+00 1.000958700535833357e+00
1.486004042251042767e+00 9.953591583831464806e-01
1.486275750791380190e+00 9.988679605033666808e-01
1.456846277016953461e+00 1.000497957473827970e+00
1.486809659954198448e+00 1.000407968256002755e+00
1.483283519355239388e+00 9.982905969156795623e-01
1.485993372004116742e+00 9.985118250138950158e-01
1.451922979661804280e+00 1.003008539966236068e+00
1.486347802397457007e+00 9.975889202977235026e-01
1.474662950888180113e+00 9.976241927007355459e-01
1.486113270301920419e+00 9.970518364863588667e-01
1.462281074867312736e+00 9.950744573432983575e-01
1.482243762754944294e+00 9.988218599351161853e-01
1.480662463699504938e+00 9.979360326448973861e-01
1.485994891960113584e+00 1.002763405793321905e+00
1.471129715512649705e+00 9.969776408023246494e-01
1.443469122780233871e+00 1.001618593077094443e+00
1.432893481920102241e+00 1.001930902789325728e+00
1.409980567495079162e+00 1.001389531703791969e+00
1.414417129720406896e+00 9.987991632005670528e-01
1.482613130882933117e+00 9.992151473759081082e-01
1.484858759199796374e+00 9.971126131671326220e-01
1.484203629222912380e+00 9.954396146648789578e-01
1.409478380722955171e+00 9.993124764495009416e-01
1.487439816685933280e+00 9.958144060590777835e-01
1.442958638546691041e+00 1.001221286934296240e+00
1.459836736163786730e+00 9.917765138527434576e-01
1.460219617501226530e+00 9.963860654953015095e-01
1.422132757368595790e+00 9.995954536445675886e-01
1.412767021383560140e+00 9.991935221973877734e-01
1.434678499431113474e+00 9.992053188926858232e-01
1.446095835894936732e+00 1.000562170277958574e+00
1.424118343903167494e+00 9.999818908048404564e-01
1.418547899863498607e+00 1.000438690539263265e+00
1.457459855322598585e+00 1.004309977218362571e+00
1.436168905044947541e+00 9.995506865900366522e-01
1.455316123492587987e+00 9.967269333871783266e-01
1.453827825183648503e+00 1.003330214445061985e+00
1.426903655750946021e+00 1.000472292957347742e+00
1.459791799537388579e+00 1.000862814061818540e+00
1.458696134333646199e+00 9.984023079765173003e-01
1.409730156561319392e+00 9.923138458098070824e-01
1.408874713768967890e+00 9.994716335159925524e-01
1.414798041293940267e+00 1.001866332661814463e+00
1.459508625714831309e+00 9.903958518132591760e-01
1.456848548499414919e+00 9.933773096527752644e-01
1.437120829323626836e+00 9.983255896689584574e-01
1.409586839353122789e+00 1.000184809345771475e+00
1.427459381073550304e+00 1.001381304334196365e+00
1.415046593104073658e+00 9.980403353987276072e-01
1.440467500724474714e+00 1.005105837599879148e+00
1.479018741234218393e+00 1.003898259653309033e+00
1.456621321061857488e+00 9.936901320831350581e-01
1.435672875595991549e+00 9.976144128807841183e-01
1.442939688866345493e+00 1.001346565792728960e+00
1.486318348517405630e+00 9.992845401155995289e-01
1.421571419685347060e+00 1.007053782361455596e+00
1.417823291086888871e+00 9.982990754792266941e-01
1.462566139456794811e+00 9.961501205891174493e-01
1.436364880088355278e+00 1.004943135936271270e+00
1.469556244045671534e+00 1.003395600475062821e+00
1.484487831843450900e+00 1.001457398433830415e+00
1.444316270977378247e+00 9.989395520028959696e-01
1.474565057326830297e+00 9.991103448351240646e-01
1.439681385924138857e+00 9.992773553561090649e-01
1.487109763673111873e+00 9.903683163371800324e-01
1.481407075232799464e+00 9.973988570079883598e-01
1.465239943224431629e+00 1.001423893601892212e+00
1.486854078990674788e+00 9.992613976491795391e-01
1.470398606795800367e+00 1.003742060312745821e+00
1.419229294587371681e+00 9.953703049936762914e-01
1.442377478466312146e+00 9.998915852105422220e-01
1.487459557148242295e+00 1.000156102817559178e+00
1.484866948076772442e+00 1.003740211504576374e+00
1.484450552760240072e+00 1.005513225457953297e+00
1.486416666674670317e+00 9.956600088118593428e-01
1.486187817820801671e+00 9.909422638507846548e-01
1.487408779634505240e+00 1.007108145392639820e+00
1.462633689362400569e+00 9.988853099078403019e-01
1.477252114310525943e+00 1.001744550548224533e+00
1.441702653006167179e+00 9.941686567892632498e-01
1.460071163396003957e+00 9.989118961940510744e-01
1.477954943114083264e+00 1.005394034160811634e+00
1.425418786192241605e+00 1.004128694171345870e+00
1.484974145781309041e+00 9.927381325826227787e-01
1.488783036498314116e+00 9.979450547990595943e-01
1.486937370061664376e+00 9.974609373045989491e-01
1.486323676860701326e+00 9.934313810770047937e-01
1.458799792337404089e+00 1.002358798494362491e+00
1.476962058970218816e+00 9.996871961930102746e-01
1.420824748279327920e+00 1.000108601021705068e+00
1.407116902008894277e+00 9.996683452118578783e-01
1.486525075524769868e+00 9.989726947706260018e-01
1.433301008249813657e+00 9.996285702129816819e-01
1.480177601832835865e+00 1.000440010201046004e+00
1.475600131948328286e+00 1.000282560230681295e+00
1.474166819671252737e+00 1.000597963826163728e+00
1.486066374640501397e+00 1.001454215186460273e+00
1.422676263127337748e+00 1.000660282489731934e+00
1.444636883849618858e+00 9.981568244023715231e-01
1.421346084602757465e+00 1.002856578034045265e+00
1.410999009239414237e+00 1.003034713489658003e+00
1.432757966409470507e+00 1.004677095707028123e+00
1.432319784537368745e+00 1.001175877062961073e+00
1.427125892694406151e+00 9.998659497919548667e-01
1.415294405875853201e+00 9.991993902535220018e-01
1.419564788033403024e+00 9.962285372546358930e-01
1.486030603540450690e+00 9.970877014298877850e-01
1.452804843354064346e+00 9.971496817749707642e-01
1.487184584722307301e+00 9.996979646951719145e-01
1.481526132993268297e+00 1.001033524355724458e+00
1.480727592550953986e+00 1.003769325947176938e+00
1.475481453238531859e+00 9.990711984466642548e-01
1.471257370152619703e+00 9.990107721416420228e-01
1.478941322198525699e+00 1.000160262701487168e+00
1.439222865965636977e+00 1.002375072596449757e+00
1.464687705626265490e+00 9.994914997651532795e-01
1.447817557991311732e+00 9.989472508442964749e-01
1.479157520016794791e+00 9.975191682553767869e-01
1.484730758069555456e+00 9.998184123858724348e-01
1.476752205039173926e+00 9.996259841894755693e-01
1.483498019209652297e+00 9.986222493832910274e-01
1.483990522430177483e+00 1.001548323823532094e+00
1.486482829331605249e+00 9.998429516705290565e-01
1.428300844074027021e+00 1.003226596079128008e+00
1.419232963284472016e+00 1.004074688027368767e+00
1.410134334088553709e+00 9.987781163736358936e-01
1.460936790245424222e+00 9.965983471431967278e-01
1.424000972620817818e+00 1.000202105454513157e+00
1.468196717991636646e+00 1.001112966969101459e+00
1.448975023938455564e+00 9.983430820074116196e-01
1.457284277680046758e+00 1.000279661032243084e+00
1.478008361151073924e+00 9.999610041109145975e-01
1.427097809928937977e+00 1.000422938002917705e+00
1.440733189561585137e+00 9.990698101308960188e-01
1.463236896932153641e+00 1.004964689820797563e+00
1.486229326262044292e+00 9.981665300082901426e-01
1.460122557432770973e+00 1.001138827625144279e+00
1.477436718645412039e+00 9.980845350308613639e-01
1.413432039265255513e+00 9.974964017647488523e-01
1.413845492754113309e+00 9.988746887606538838e-01
1.442925313571957524e+00 9.990830270158169713e-01
1.436714767905743928e+00 1.006953665702079448e+00
1.431704068715571099e+00 9.970987015829130273e-01
1.443012104753379488e+00 1.006273317031667114e+00
1.435826171267640561e+00 9.922229680954328668e-01
1.419858565312476451e+00 1.001691451466383720e+00
1.416265446143325724e+00 1.004803258133799115e+00
1.447171821750608212e+00 1.004872707100637808e+00
1.417562653016656071e+00 1.002651849438302989e+00
1.454894744336445056e+00 9.995291868264734036e-01
1.409160319969404274e+00 9.992729841168346283e-01
1.436612538216297974e+00 9.999512523792873919e-01
1.415287608729235869e+00 9.994915397253674172e-01
1.415695707838899420e+00 1.001713317634186584e+00
1.424832744666138851e+00 9.991699080901429442e-01
1.486205903732864764e+00 9.992012888042237639e-01
1.465448131437389945e+00 9.994817644956948133e-01
1.469397779565225770e+00 1.000234225393998422e+00
1.486011861996505257e+00 9.992978113874908530e-01
1.484294987136133059e+00 1.000220680939179596e+00
1.485481199234930383e+00 9.964458740899699851e-01
1.435831390790640816e+00 9.999782173875183533e-01
1.482306402886791830e+00 9.990843846276586948e-01
1.472439992831157340e+00 1.001668781608347603e+00
1.486818615491453999e+00 1.002199847072614558e+00
1.476057695789002144e+00 9.996191436354675552e-01
1.437160952200834840e+00 9.989419292637121695e-01
1.474553515112678737e+00 1.000337089701480275e+00
1.422953706604749069e+00 1.000395112962424893e+00
1.453605216413022649e+00 1.002060897400806949e+00
1.452671566549522009e+00 9.960781296349258129e-01
1.454654512257086418e+00 9.986859279844708670e-01
1.409044149662617151e+00 1.001591062832666745e+00
1.430148607400934413e+00 9.987439168099060405e-01
1.437393140614417586e+00 9.997499206719594467e-01
1.468313749868384255e+00 1.000124948104363698e+00
1.440149023129524197e+00 1.000536766083460094e+00
1.420490219403404586e+00 9.954754889212339419e-01
1.482188290652247886e+00 9.998157930541452521e-01
1.486658244955901154e+00 1.000003791141529597e+00
1.430671746824475399e+00 1.000800718366843034e+00
1.446368896957635597e+00 9.996124116861579978e-01
1.421690826454800050e+00 9.999918070878053289e-01
1.479537508715428551e+00 1.001606265590859968e+00
1.409124246951030335e+00 9.973843344476212014e-01
1.407772154121742281e+00 9.991359403958428587e-01
1.480116601528724374e+00 9.969923244672503904e-01
1.487185684997608170e+00 9.998327295781703761e-01
1.425837454914906433e+00 9.983914847913429869e-01
1.477018536813332839e+00 9.945315853184487631e-01
1.467342337185657319e+00 1.005361488990993424e+00
1.476485683085450473e+00 1.006131379778048229e+00
1.488370557044050857e+00 9.970731023348547994e-01
1.484096474621830808e+00 9.963485452529980968e-01
1.486071000540474696e+00 9.928515166054475705e-01
1.486217320294935584e+00 9.916847838354695410e-01
1.487296191417140756e+00 9.994940829590327480e-01
1.484584160112612183e+00 9.990134943454594962e-01
1.489574622229164369e+00 9.992595214879635979e-01
1.486944205004900210e+00 9.958396042361182809e-01
1.477152375613209889e+00 1.003448874027154769e+00
1.487924692578757702e+00 1.003946403183380243e+00
1.487840020572778199e+00 1.002222560682416441e+00
1.488068828518984699e+00 9.974107170809054512e-01
1.485217626718842832e+00 1.002394896090061494e+00
1.486456066710201140e+00 9.935621983491231823e-01
1.494027929617157913e+00 1.000057794282067203e+00
1.417376997424020235e+00 1.001732733930829289e+00
1.486418147247233756e+00 1.002323308041055627e+00
1.485550606011255548e+00 9.956402629492814293e-01
1.471930984988146784e+00 9.998309234615608831e-01
1.486389865891087014e+00 1.002502237134838881e+00
1.473359499037029341e+00 1.002590885737005166e+00
1.475579262392840318e+00 1.005096048202960279e+00
1.437241410899378735e+00 9.996491410953631807e-01
1.491556945804394019e+00 9.997570268027190510e-01
1.445081075285059358e+00 9.994132496377796659e-01
1.487593586529804002e+00 9.958707248547487012e-01
1.411268190502180886e+00 9.953503447410162464e-01
1.452589983872740520e+00 9.994387817583552103e-01
1.411439399495919123e+00 1.006500288326560355e+00
1.430658939259615403e+00 1.003247862477432806e+00
1.486761844417012979e+00 9.986337301581269532e-01
1.486210303351757078e+00 1.000208585817790041e+00
1.435243559752003017e+00 1.003980455914700975e+00
1.486025439570664020e+00 9.984165673509028949e-01
1.476416419607558650e+00 9.991823757746645107e-01
1.486566344668889927e+00 1.000493732269583935e+00
1.415748949578849336e+00 9.941341486825121532e-01
1.441278318954190452e+00 9.985763126402886769e-01
1.486014595751518064e+00 9.951586088946179354e-01
1.473835123705255823e+00 9.987853356500164814e-01
1.478654135991236407e+00 1.000418675979085181e+00
1.446222000421402143e+00 9.990496864719429215e-01
1.486773293602115853e+00 9.969293285160873985e-01
1.482057307127965462e+00 9.975760916778519949e-01
1.485553185701601553e+00 9.975877114717095484e-01
1.475963468422469838e+00 1.001254243417791123e+00
1.485350580148493194e+00 9.994812394029668479e-01
1.436404785876780332e+00 9.955044274228507239e-01
1.485472706416732791e+00 1.004420638974637958e+00
1.428796860110647993e+00 1.003172430353758138e+00
1.414766615309613673e+00 9.989414337139136402e-01
1.487492186084441004e+00 1.006556959388231753e+00
1.449774262182134787e+00 1.002055681586077940e+00
1.445239642291044957e+00 1.003100006768382402e+00
1.486146374140064896e+00 1.000011609773712395e+00
1.452178980320834256e+00 1.004213617140371051e+00
1.473267352023062582e+00 9.967369302701708511e-01
1.478495217622507019e+00 1.000937200549478323e+00
1.475456585965202461e+00 1.000515816902109778e+00
1.481717937412675656e+00 9.928047293375019677e-01
1.484072882214002798e+00 1.004069119879466898e+00
1.486126406050259030e+00 9.984305829536931354e-01
1.489585557266606575e+00 1.000513155196513848e+00
1.474372088407533088e+00 9.948822872091946934e-01
1.470271815355280731e+00 9.990304006493064826e-01
1.469213247750750018e+00 1.000005475032809121e+00
1.484704915177217144e+00 1.000774617275255851e+00
1.484051962643157418e+00 9.978884060204732398e-01
1.477804092658759672e+00 9.987891325824499456e-01
1.486027014121353407e+00 1.002394090474875155e+00
1.485373451354215613e+00 1.001587593269665399e+00
1.480457718625864283e+00 1.001306098946345591e+00
1.486764730668135304e+00 1.001048262013554790e+00
1.412492189473368409e+00 9.977744160306660781e-01
1.416471106020566806e+00 1.004195588998721744e+00
1.430478055387138570e+00 1.001727013057091220e+00
1.486280881182153957e+00 9.980134271516423183e-01
1.477506593879683860e+00 9.977933518502013488e-01
1.466247199823331515e+00 1.003210104172705064e+00
1.417107794064220494e+00 9.997237218234981126e-01
1.410285799091222758e+00 9.996327804039917275e-01
1.419691538970039968e+00 1.001123134276347804e+00
1.416835276032197166e+00 1.002309529461472781e+00
1.469412145171228312e+00 9.915251275292629174e-01
1.456672446019872780e+00 1.002943289577448605e+00
1.432510127360228758e+00 9.971433375741302063e-01
1.446111126324532092e+00 9.978377092505645862e-01
1.442719101791030578e+00 1.002491419515520121e+00
1.472334158186233699e+00 1.002838390557207582e+00
1.436811214439533524e+00 9.994209873232148267e-01
1.488158645398998337e+00 1.001793112354904425e+00
1.468979758319483020e+00 9.986544267092162253e-01
1.419647911264487306e+00 1.003606629522423299e+00
1.473353421046933898e+00 1.002084788166424323e+00
1.487354323827425606e+00 1.000910707121440923e+00
1.480711635794601522e+00 1.005880123755776845e+00
1.486517246135343528e+00 9.981244452731889982e-01
1.465550253841165329e+00 1.001848483783965849e+00
1.443130244432814457e+00 1.000113201481098280e+00
1.409474638745265240e+00 9.949328769708563058e-01
1.414326550227166912e+00 1.005578370260608922e+00
1.454203362582600079e+00 9.970812110717770516e-01
1.486571697520268076e+00 1.002945219811292477e+00
1.485436608856508300e+00 1.005982973261103863e+00
1.465131158772160047e+00 1.000264824102765182e+00
1.473528761723061020e+00 1.002022997843388774e+00
1.469815059779199018e+00 1.000090359330495504e+00
1.485772766354065633e+00 9.996701612258299674e-01
1.465817085985057444e+00 1.001631172970461225e+00
1.420777029096112143e+00 9.976379981250540485e-01
1.436576644569771632e+00 1.000815171870836240e+00
1.486597328532916817e+00 1.002865499591748755e+00
1.486342226963441870e+00 1.001063483852095315e+00
1.416698909164732845e+00 1.000602021187681157e+00
1.435248840945332560e+00 1.002552843624931800e+00
1.408645973975347632e+00 1.000062329329773458e+00
1.417476073747222953e+00 1.000172362197530029e+00
1.409350896632088013e+00 9.990977885168159656e-01
1.459803032612622120e+00 1.001179294399582087e+00
1.423270901663153731e+00 1.010863379308245991e+00
1.463785514166013879e+00 1.002171693804000396e+00
1.484728029436783281e+00 9.989588180511994597e-01
1.467661470319341133e+00 9.983232619580273415e-01
1.480237961363920718e+00 9.985411983667484837e-01
1.486489618444628125e+00 1.000111628754335458e+00
1.476818627114946381e+00 9.982175342782813043e-01
1.486294420802510619e+00 9.999166535562236113e-01
1.478153607514341772e+00 9.997014425328200060e-01
1.486215027124958565e+00 9.986684348276029244e-01
1.451968254478071207e+00 9.956693427076031000e-01
1.428252095104558084e+00 1.003078207881020534e+00
1.455259508554780146e+00 1.005004271744981414e+00
1.406418474534544938e+00 1.001584689395091710e+00
1.409324597101684340e+00 1.000972403886966733e+00
1.421839618551359985e+00 9.952500731131375122e-01
1.477324086579025808e+00 1.001281247550189990e+00
1.488838872819038484e+00 1.002213445727325070e+00
1.489264600066205313e+00 1.002186280074619740e+00
1.413411131932234666e+00 1.001447555206072648e+00
1.410216943233610243e+00 9.996668071216177065e-01
1.442184630212460128e+00 9.973938326129326848e-01
1.404501194995310565e+00 9.992764210688289683e-01
1.406161224715151592e+00 9.975587995032304534e-01
1.475276839133760953e+00 9.987262056157946155e-01
1.481510109511093409e+00 9.953366408661672438e-01
1.477325997948671032e+00 9.978460070785660774e-01
1.431078391042423403e+00 1.000432270247179956e+00
1.428888082337130161e+00 1.006239011915208925e+00
1.447895731994707447e+00 1.000322284966706166e+00
1.486871354330946193e+00 9.979222866136081560e-01
1.487736340532348711e+00 1.005393048309476622e+00
1.487438981927385884e+00 9.945567827097236968e-01
1.473544372521511159e+00 1.005233762554929022e+00
1.458730843126263332e+00 9.945200091445960400e-01
1.432214902373259102e+00 9.960778912677995534e-01
1.450208110429273223e+00 1.003881360542357548e+00
1.459331426754507000e+00 1.001068647170259451e+00
1.482118845660134410e+00 9.989349441173399624e-01
1.412452923492271362e+00 1.000759653402581995e+00
1.451152999431384538e+00 9.990640414024359872e-01
1.467567827285431559e+00 9.958796145883889173e-01
1.437114654417322557e+00 9.960917596438830790e-01
1.419241997731499838e+00 1.008438295771917570e+00
1.409806962415792508e+00 1.001682002602258370e+00
1.424476786293348063e+00 9.943903278144631264e-01
1.486224307588633220e+00 9.938994647519883152e-01
1.451457666840792360e+00 1.012301649539721016e+00
1.487800114674117324e+00 9.982187254646468499e-01
1.414533816014581946e+00 9.987516288310952506e-01
1.416845283823304769e+00 1.000457959734901925e+00
1.409838077001976275e+00 9.999228749103616920e-01
1.422430263651021987e+00 9.966631477916911841e-01
1.415987801652482281e+00 1.005057570218615970e+00
1.451942396296761251e+00 9.968806520810070682e-01
1.456665256249988660e+00 9.965400243776229017e-01
1.422707088821152821e+00 9.896602538484942091e-01
1.455625762691471703e+00 1.003896333544468611e+00
1.450137192550547072e+00 1.000566544189801288e+00
1.424447193001888712e+00 1.003045300802857920e+00
1.420365219698140224e+00 9.959165747621049336e-01
1.431175324075506294e+00 1.002645575367741015e+00
1.414975997750034464e+00 9.949609332065798561e-01
1.424000238519546713e+00 9.946832204555272616e-01
1.417041187552324777e+00 1.003354449646036928e+00
1.434341523604258484e+00 1.000440754463591819e+00
1.482327658635347101e+00 9.969974712608031808e-01
1.414198232131405941e+00 1.001300060851424423e+00
1.421510118073938678e+00 9.985368571002504190e-01
1.445179917386425483e+00 1.001585592976199646e+00
1.450298368401810922e+00 9.973383226029541859e-01
1.487125800072077064e+00 9.860997052861364409e-01
1.416295912123390677e+00 1.005502041921023881e+00
1.482158061884904621e+00 1.001185039686407041e+00
1.467041081360111576e+00 9.988813883658073101e-01
1.429833839932569850e+00 9.925784487400487466e-01
1.445788059496504907e+00 1.000747647502519211e+00
1.467513756780735035e+00 1.002172706736613739e+00
1.420658992528265108e+00 9.996129158767494971e-01
1.447953151512346048e+00 9.979497266776179432e-01
1.418334768567522719e+00 1.001187497594141051e+00
1.452719734459699152e+00 1.004358744013716942e+00
1.466294528816209919e+00 9.934679327898687795e-01
1.444247828532711608e+00 9.966156061149650247e-01
1.452315836873057098e+00 9.951302041315144287e-01
1.488038178604778050e+00 9.974266608225628161e-01
1.434388413333965717e+00 9.992354441139050802e-01
1.419594406833414757e+00 1.001415995246404345e+00
1.425383360231963659e+00 1.002942131236166157e+00
1.445748729461804993e+00 9.958062874938765630e-01
1.458390507643851475e+00 9.996697680703915401e-01
1.486507423261897332e+00 9.959379381687692989e-01
1.425776043545552429e+00 9.925059004960480324e-01
1.420751894870207810e+00 9.973223682768825871e-01
1.438296761720788908e+00 1.003702958656163435e+00
1.420823611965543964e+00 9.924091063935892576e-01
1.422915642813347148e+00 1.006189380450810633e+00
1.421328948333659081e+00 1.001890944366199632e+00
1.415333312365669505e+00 1.002882485634618348e+00
1.452699208693671418e+00 9.950743602958567191e-01
1.423150287181873974e+00 1.006993096351907369e+00
1.407850133751509247e+00 1.000062592844811471e+00
1.436429328336896072e+00 9.997754475702512744e-01
1.433808212770123713e+00 1.002953918127955424e+00
1.461103266394981670e+00 1.001028299849847869e+00
1.455847789068806408e+00 1.002083870816315114e+00
1.409715661738898174e+00 9.986981217367455477e-01
1.453679739980775931e+00 1.008685114131569138e+00
1.473148115884461928e+00 9.993771062489883450e-01
1.422303011220662494e+00 1.004918788974914268e+00
1.414408100451811867e+00 9.981518764013618261e-01
1.410326452737855396e+00 9.961138192502155819e-01
1.431713680225887630e+00 9.983692982858451970e-01
1.409243878827028507e+00 9.973844177817240420e-01
1.477755935544215360e+00 1.000334620648074102e+00
1.401183170124381761e+00 9.981530853773876721e-01
1.487340271812128467e+00 1.003375884513036942e+00
1.448759801590192575e+00 1.004791240950904552e+00
1.477964776157084215e+00 9.966265167745753661e-01
1.443351917945694396e+00 1.000270667849195938e+00
1.417788327427972339e+00 1.000162340085049673e+00
1.403792870519935621e+00 1.001648550757173517e+00
1.438230458185960625e+00 9.954010362421159552e-01
1.418737226694658515e+00 1.007306455829627190e+00
1.404095691893452180e+00 1.000894335528740964e+00
1.406053653176609908e+00 9.984527929803258539e-01
1.445866187497219846e+00 1.000896873265219700e+00
1.406842380916788260e+00 9.986875909353157832e-01
1.421109614812428479e+00 1.001935586715619220e+00
1.438789675779359678e+00 1.001939385834459184e+00
1.408260067820269690e+00 9.971824056641376277e-01
1.440619899073162014e+00 9.971905351103776960e-01
1.431786574159519931e+00 9.998414477450372484e-01
1.442022456658243801e+00 1.001682622440621895e+00
1.448536973243014669e+00 9.991844416711959109e-01
1.426893826791127973e+00 9.968046965096877265e-01
1.409628711519217648e+00 9.986945891424565680e-01
1.415632124627864474e+00 1.006985184115241072e+00
1.428323704893246893e+00 9.993932742786884038e-01
1.409254795068099586e+00 9.999949938003659389e-01
1.442438570921909413e+00 1.002848701446949375e+00
1.462299915607102374e+00 9.976956525744614668e-01
1.479307876254897458e+00 1.006384537646681121e+00
1.409211536197957804e+00 9.975287365049582133e-01
1.448356216100969540e+00 9.968591169144442876e-01
1.472703425333588223e+00 1.008476232184413846e+00
1.482977159853049454e+00 9.950278514323364076e-01
1.486338457532931256e+00 1.004423450544674967e+00
1.464547638514642314e+00 9.999360542085724557e-01
1.434263189256832494e+00 9.996660332103971536e-01
1.460824515042920435e+00 1.004732378904953372e+00
1.405220849595774091e+00 1.000527283198127337e+00
1.408614559490931839e+00 9.991185561385429459e-01
1.417338648664847156e+00 1.000886209032910257e+00
1.404381247848624392e+00 9.993294144666472478e-01
1.464111797154121319e+00 9.969333164265858915e-01
1.465674698423330868e+00 9.984699426527997579e-01
1.452706920129359869e+00 9.999026640590404913e-01
1.431386791974722295e+00 9.976481142970172744e-01
1.476558957499273905e+00 1.007847006509292154e+00
1.447477585599316496e+00 1.001888606643726698e+00
1.473618611526472222e+00 9.930566674755710865e-01
1.407078652711786892e+00 9.972774001688248235e-01
1.488596838569731462e+00 9.927069469472696861e-01
1.480263520244751829e+00 1.002201914729569099e+00
1.482058414409986202e+00 9.940862596313461141e-01
1.480166454219966399e+00 1.005262159935937483e+00
1.463888240882287306e+00 1.005691045131107630e+00
1.485997217446309637e+00 9.972225671830853289e-01
1.486137265323296930e+00 1.001643563629886602e+00
1.465421037353699996e+00 1.006039785472341741e+00
1.450332864852168502e+00 1.004150717004091753e+00
1.409481605297744355e+00 1.001579642828507755e+00
1.475787202027438072e+00 1.004078343088089298e+00
1.448532211511338597e+00 9.976817164772077140e-01
1.413321088655646873e+00 1.003684643715366809e+00
1.477175252093161140e+00 1.000490309154685065e+00
1.473564309414462814e+00 9.980925536493236994e-01
1.484993222155318593e+00 1.003033653495390087e+00
1.470369626597411550e+00 9.950094932617874477e-01
1.484404297334590117e+00 1.000320897297227729e+00
1.486851507508145653e+00 9.991679638682849918e-01
1.487848991956546074e+00 9.992220820665514980e-01
1.470611809867098385e+00 9.985224499564905321e-01
1.486012919729660098e+00 1.001360969437366633e+00
1.470909940991207865e+00 1.000136413706408600e+00
1.439679114815188621e+00 9.995149778442318222e-01
1.484111557075535437e+00 9.997949979526127295e-01
1.461503648809973077e+00 1.000003814680036518e+00
1.484328927078771843e+00 1.000625375825264562e+00
1.481225203506589372e+00 9.999974738659165308e-01
1.486076074569503414e+00 9.983888816679513667e-01
1.442095592286161354e+00 9.980385840984610235e-01
1.423396911895346229e+00 9.994185337606166231e-01
1.444062213490513669e+00 9.935342441987791151e-01
1.480408562529868410e+00 1.001359789519879806e+00
1.448968365794407021e+00 1.001348368341492767e+00
1.457984683698429818e+00 9.996911080214977430e-01
1.460684168753214607e+00 9.971087026293422584e-01
1.426161032561913178e+00 1.002027428029119704e+00
1.486228907187323589e+00 9.985534138432621276e-01
1.418016403315031759e+00 9.967565093674680687e-01
1.483881305095935188e+00 9.995682447928184722e-01
1.486374649364486711e+00 9.968678055004589478e-01
1.484219439464117718e+00 9.982462543541612554e-01
1.485394209901581331e+00 9.988486480500512465e-01
1.486005537896990303e+00 9.978582223357240766e-01
1.486118258127568037e+00 9.996599325121913182e-01
1.486208829274854315e+00 1.000301677818212109e+00
1.486188761263369296e+00 9.998989206691873965e-01
1.486392271613897309e+00 9.987115070904071246e-01
1.485508628495201267e+00 9.996369058346693537e-01
1.484093819236741885e+00 1.002741215888636184e+00
1.453955653078468968e+00 9.997487995054861187e-01
1.423460202482739190e+00 9.993770627776246140e-01
1.437976536939863825e+00 9.971170106788366239e-01
1.470512897611537584e+00 9.998128113015152252e-01
1.461421193844819832e+00 1.006787829671453194e+00
1.475701349454991096e+00 9.990663581026266726e-01
1.482645541663970112e+00 1.001860238919907831e+00
1.423369941736745359e+00 1.004688814175993539e+00
1.474226422219497179e+00 9.973643039183615056e-01
1.481076720283589943e+00 9.960301835469186349e-01
1.478289599243419516e+00 1.004952833744476193e+00
1.456501130639160202e+00 9.951962380962758870e-01
1.413408748733321341e+00 1.004185623448403675e+00
1.480049102195341693e+00 1.001336125162769708e+00
1.420756929837525329e+00 9.971202542300935390e-01
1.452903188646373911e+00 9.974441577776603784e-01
1.461160824368154421e+00 9.998434887982533548e-01
1.465152442226131724e+00 9.974837872993747023e-01
1.433626280523916163e+00 1.007621365062957075e+00
1.425258189367417438e+00 9.945478204100923758e-01
1.479002646757136885e+00 1.005557414922117809e+00
1.484513053269885363e+00 9.981658828136139583e-01
1.441454569903229732e+00 1.008044900077694761e+00
1.478171904410332305e+00 9.927025467874366349e-01
1.486212206255760115e+00 9.966641016263318997e-01
1.481704739079800603e+00 1.001930373770617777e+00
1.482100526484388059e+00 9.977547755377582650e-01
1.478119662370027676e+00 1.000375268015440966e+00
1.486100875413538525e+00 9.978442727098055798e-01
1.476155805974334045e+00 9.962886888916269168e-01
1.454381097025378100e+00 9.956338299529418068e-01
1.435065061515756968e+00 1.003247208642813693e+00
1.441592568463866630e+00 1.002740601318011571e+00
1.483372930871146966e+00 9.980375434752597474e-01
1.478815115181715267e+00 1.002678566524311865e+00
1.476583492203177972e+00 9.966348318291552433e-01
1.483658886520803355e+00 9.945670356965754522e-01
1.479383922867731460e+00 9.988849703829763005e-01
1.474629333732220715e+00 1.000174982372812993e+00
1.433584221898180688e+00 1.001065404057939423e+00
1.478027814431333908e+00 9.997557928538319816e-01
1.486013742666092208e+00 9.996199610401556024e-01
1.459856232214971294e+00 1.003693275919001371e+00
1.470628622116584738e+00 9.952359882968042637e-01
1.466443714830478307e+00 9.992614367216654525e-01
1.485592516514918193e+00 9.997973405129192415e-01
1.454100935620108226e+00 1.001360091515439477e+00
1.429616519719851819e+00 1.000146528341958163e+00
1.428929763167359868e+00 9.993900769512511495e-01
1.485759244093328713e+00 9.976560406209292742e-01
1.449022774727123375e+00 1.001262697276986025e+00
1.442193451103295887e+00 9.993041828687143635e-01
1.476321389871777523e+00 9.981790231363456556e-01
1.425058396741961664e+00 1.001029247310159187e+00
1.461236015124363741e+00 1.003235689620918247e+00
1.415530455412128852e+00 1.000182950318982744e+00
1.470210184166486966e+00 1.001151195934190774e+00
1.430435523464527181e+00 1.001298005723459950e+00
1.485079810774618148e+00 9.981704048142140406e-01
1.438644006821016230e+00 9.991251163490044718e-01
1.486221146730062337e+00 9.991927505428661593e-01
1.461238728955607025e+00 9.989406053056382184e-01
1.477517372800468687e+00 9.995959911438936363e-01
1.483445170737747176e+00 9.979541573601459215e-01
1.443916332781413292e+00 1.000016343652929907e+00
1.462687329267283065e+00 1.001704018877758173e+00
1.477845565501922476e+00 1.000550717415128910e+00
1.427812791983658736e+00 9.997738380464161745e-01
1.452799367987539503e+00 1.000760433211355327e+00
1.486012753072140535e+00 1.001080823445493317e+00
1.464583664809276264e+00 1.002478373676175982e+00
1.414349920568395369e+00 1.000554636770033978e+00
1.461208638849371466e+00 9.973921087506475436e-01
1.482236326394555492e+00 9.962242380814146925e-01
1.479322207264872846e+00 9.990342866895516316e-01
1.432242310993061984e+00 1.001320093421615320e+00
1.427679208820133772e+00 1.000227505632512726e+00
1.409395865587309560e+00 1.000744452440364363e+00
1.441762996064577917e+00 9.998875127308842758e-01
1.450040860794955977e+00 1.001210758332730322e+00
1.472909045527964977e+00 1.005678176744600583e+00
1.469796296714999784e+00 1.003558619370748861e+00
1.455881793208889663e+00 9.995599637765925083e-01
1.482774259548084173e+00 9.992889757066338863e-01
1.432439451050418144e+00 1.001799833870570033e+00
1.420023598893473071e+00 9.995838902582315777e-01
1.451840896340198306e+00 1.004108161781980924e+00
1.410408036801234166e+00 1.000717259016364657e+00
1.485994864798895865e+00 9.962799741077168481e-01
1.432733186764233002e+00 9.979395609707537584e-01
1.444127415115666224e+00 1.002492320018487426e+00
1.415968917778092306e+00 9.996811852725363545e-01
1.409802773441751533e+00 1.000935291599017729e+00
1.423522008699117603e+00 9.968747432618439985e-01
1.421277593903838898e+00 9.990415238215060167e-01
1.420303619500893788e+00 9.995150393062488536e-01
1.448051368275484307e+00 9.941837210623375443e-01
1.409796790324741034e+00 9.951516344082596000e-01
1.423187977654927883e+00 9.997397727330838979e-01
1.431577656872272009e+00 9.975338287824825345e-01
1.422636272790685608e+00 9.996488184694940493e-01
1.410127664766352318e+00 9.991074377337781920e-01
1.458649848757354262e+00 1.003645812364621470e+00
1.409723642865143622e+00 1.003308816764042266e+00
1.467103999600418485e+00 1.005166425262437047e+00
1.414779676881724679e+00 1.001355338535353301e+00
1.409841604143001526e+00 1.000783314357451381e+00
1.470438922902533418e+00 1.005511869516199752e+00
1.451377043214682860e+00 9.951883630049500606e-01
1.471520477243724701e+00 1.008889378869985531e+00
1.457724809831905999e+00 9.957827344313484597e-01
1.449928616202963205e+00 1.003694402590765256e+00
1.438344194965822442e+00 9.990667610305618007e-01
1.426578174427506784e+00 9.999712061404993912e-01
1.411394649102186927e+00 9.988199353586583173e-01
1.441435795104439421e+00 1.009771586997194381e+00
1.445190837797347694e+00 1.002419556220103258e+00
1.442810555542862749e+00 9.925352599687985444e-01
1.415952428407781127e+00 9.989108108264201924e-01
1.409844065640290633e+00 1.001209421073407491e+00
1.417592590093794902e+00 1.001629750240941252e+00
1.408700000755669146e+00 1.000363781529409968e+00
1.408927205238138525e+00 9.986560729708293671e-01
1.409083510716407694e+00 1.001091100620034924e+00
1.420696434399535857e+00 9.990429952787411860e-01
1.434564250162257082e+00 1.000911582206878370e+00
1.434091546926011151e+00 9.976799973320296111e-01
1.430797711797111349e+00 1.003972693759267010e+00
1.432383563123434733e+00 1.001846582041015177e+00
1.413106915294444654e+00 9.974952409282170640e-01
1.446192436689301974e+00 1.004982203303598887e+00
1.442778380625583834e+00 1.001797900131006447e+00
1.426464763166204852e+00 9.997970993417859553e-01
1.473318040837293452e+00 1.001214476493359484e+00
1.453436006089562582e+00 9.948829782045711667e-01
1.445753043411050154e+00 9.980246705347884939e-01
1.457764478158603882e+00 1.009281514291513693e+00
1.412862069322119218e+00 1.000582475919263414e+00
1.415665592540445772e+00 1.001355838462606007e+00
1.415663214806353265e+00 9.995371081970003679e-01
1.413063197839404816e+00 1.001633079886518285e+00
1.427770830897955756e+00 1.002134160884495362e+00
1.412769816349639829e+00 1.000554591630884893e+00
1.413941354201815992e+00 1.000797871508307679e+00
1.486576015251651173e+00 9.984881165611833032e-01
1.451825975605495422e+00 9.960972699099448491e-01
1.425347797290724028e+00 1.000365263256682180e+00
1.425534192437784453e+00 9.981307297853266869e-01
1.411079884964481890e+00 1.000960055568118179e+00
1.414502875188797137e+00 9.989198843863855704e-01
1.436258823237278826e+00 1.002820091595630458e+00
1.479657793854499248e+00 9.966680341942566468e-01
1.409306023517318485e+00 9.999308378319317070e-01
1.425333783414888922e+00 1.001648949234644981e+00
1.415678196303744363e+00 9.978651639567187592e-01
1.444571373497585798e+00 9.955053508590084865e-01
1.427059667275140775e+00 1.000576731593401991e+00
1.436054894575785612e+00 1.000808117685132670e+00
1.440904383901177477e+00 9.999417245635817686e-01
1.423202287130149957e+00 9.999868903174021773e-01
1.411658842993207541e+00 1.002513560359857170e+00
1.409845237281125208e+00 9.997120257248571784e-01
1.423456846498606154e+00 1.004128797469921786e+00
1.462887670936221074e+00 1.006070609707182095e+00
1.432555898087262136e+00 1.002140960184586094e+00
1.424332312115903498e+00 1.002653949230534192e+00
1.437023590080020119e+00 9.951364271556558672e-01
1.419934633357799791e+00 1.014094161127176097e+00
1.452216489085344175e+00 1.001320308597218656e+00
1.408500048099983193e+00 1.007209043903110945e+00
1.410169713165988492e+00 9.962883423219646151e-01
1.409405083268560288e+00 1.010147473344235713e+00
1.437065328218045002e+00 1.000375391479441767e+00
1.479172843285712302e+00 9.999279561720932907e-01
1.429209261462220049e+00 1.004504682766250712e+00
1.440834202109578355e+00 1.009290364415962316e+00
1.435270283697247518e+00 1.001113087834199833e+00
1.411139334431718462e+00 9.987882856604446413e-01
1.461835030161336979e+00 1.000694597419896636e+00
1.409666348284404069e+00 9.981900892136849057e-01
1.466194017400933802e+00 1.001725934797273121e+00
1.440939216672320500e+00 9.987318222897628717e-01
1.411174357614676467e+00 9.960744047055520856e-01
1.416136973259868093e+00 9.960044672077469352e-01
1.420858717562403895e+00 1.000881578064112931e+00
1.427767800399622145e+00 1.000303487361033472e+00
1.438370489082193560e+00 9.933158147389169468e-01
1.426977656232572444e+00 9.974556118984454489e-01
1.409840981764741263e+00 9.994533979206258190e-01
1.434537400088927717e+00 9.985552886047649457e-01
1.435742076117644928e+00 1.002275613244450803e+00
1.409429737396742377e+00 1.003934237473151247e+00
1.428738335766871481e+00 1.002357768205933253e+00
1.463053227114920363e+00 1.001172128506473857e+00
1.410105733624525959e+00 1.001471902063213681e+00
1.461763264008767882e+00 9.962845482067363978e-01
1.420652342953439229e+00 9.964357228219327123e-01
1.413410910258296349e+00 1.001835392371930977e+00
1.447868891800703883e+00 1.007637811982240228e+00
1.438797713067138995e+00 9.943550917921327725e-01
1.431945529560741504e+00 1.006307170193414757e+00
1.429265676450412137e+00 1.005541772860432115e+00
1.450298146326501669e+00 9.997425263352792690e-01
1.457684983998362993e+00 9.902791644489717937e-01
1.433512495583344926e+00 1.001140008781720381e+00
1.413533164031282929e+00 1.008827306333992757e+00
1.409380986301478123e+00 1.003329131712108246e+00
1.452627299116159065e+00 9.994686584576959465e-01
1.477347189720442433e+00 9.987303060114954834e-01
1.448901051796716910e+00 9.982033835430487168e-01
1.473910310059121986e+00 9.934755785836930642e-01
1.409638658706517278e+00 9.905773923682722470e-01
1.458011796539911753e+00 9.992528538697746932e-01
1.407962382972626880e+00 1.008255757674783037e+00
1.476527993014192797e+00 9.993933127550076456e-01
1.468642066711977279e+00 9.957601034609655510e-01
1.418313243332967488e+00 1.007445418203301468e+00
1.443242224672046214e+00 1.004355455788588314e+00
1.427796146373383701e+00 9.950673071893432198e-01
1.447650002924061319e+00 1.002271123901032679e+00
1.432102011854066159e+00 9.956755132367187677e-01
1.474992394692558495e+00 1.001846096566672895e+00
1.485985347113626398e+00 1.000780038574471842e+00
1.483725651594402839e+00 1.000370878138041153e+00
1.485692822742494146e+00 9.987697697974464717e-01
1.466825843161362553e+00 9.983893397061257557e-01
1.475868323474848864e+00 1.003307507561428613e+00
1.442005768447232272e+00 9.992199891839412818e-01
1.462827549175543140e+00 1.003438550894010017e+00
1.488578365874438703e+00 1.000368125065473679e+00
1.486365640577238745e+00 9.992861263453624021e-01
1.471581356983810762e+00 9.982459871116236005e-01
1.473999403802182862e+00 9.987756873332119811e-01
1.487384088947175886e+00 1.001909505051274962e+00
1.486079470960575577e+00 9.998509353265510047e-01
1.409464464254637450e+00 9.941192719221938479e-01
1.483224638827753905e+00 9.991080258879456721e-01
1.489863463584784276e+00 9.988277097955294836e-01
1.487064235537465029e+00 9.989061421488677484e-01
1.467568191910624709e+00 1.000161172189942604e+00
1.486420730456343930e+00 9.961687892527087973e-01
1.472815850763950385e+00 1.001340766709485131e+00
1.486347891873353699e+00 1.003556102222787016e+00
1.408484667561914927e+00 9.970929303163464930e-01
1.450858045649154882e+00 9.962281506385299856e-01
1.474894878076199012e+00 1.004708253345009350e+00
1.468722274033926745e+00 1.002809478936736554e+00
1.483487790571515585e+00 9.991569560549342643e-01
1.486022495922521669e+00 9.973476154508261748e-01
1.473927613804215664e+00 1.001528261469359027e+00
1.455811427115321299e+00 1.001558849692421482e+00
1.426532247445553514e+00 1.003349490240090347e+00
1.409218500109784555e+00 9.977638828956916228e-01
1.472126711702633095e+00 1.003435487880911525e+00
1.485348680382557518e+00 1.004705596111521659e+00
1.486939793720232661e+00 9.969254698122759217e-01
1.483475124801379552e+00 1.002168215951552366e+00
1.483380499558289101e+00 1.007533863809996655e+00
1.442514401139957547e+00 9.990942040629872123e-01
1.474385397011644949e+00 1.000582070896985032e+00
1.486115403419782099e+00 9.895075829893199559e-01
1.481063075111735072e+00 9.995912789651498764e-01
1.486459256253355621e+00 1.011616472324454064e+00
1.473630751828030938e+00 9.982495791417919095e-01
1.469256132485726951e+00 9.940556371320664608e-01
1.472439671992341603e+00 1.000225684607961352e+00
1.479503506411146363e+00 1.006769076254214079e+00
1.485937417461910215e+00 9.990671463148936837e-01
1.412100133469180507e+00 1.001363836403455165e+00
1.415167005652292476e+00 1.003805938835787837e+00
1.476717955548707106e+00 1.005559566517962189e+00
1.409138095285274783e+00 9.967479854618429558e-01
1.420930695573602076e+00 1.001045608644558937e+00
1.418351220195613216e+00 1.006130498094976566e+00
1.407944056888296824e+00 9.953991310863197217e-01
1.403344119486088282e+00 1.000407190139301683e+00
1.414486290357933829e+00 1.000940355786785751e+00
1.415483358751018939e+00 9.969956611078985009e-01
1.486736380596994866e+00 9.998299426083452346e-01
1.488033449203547409e+00 9.966822643680439686e-01
1.486289614427197092e+00 9.937552353483392054e-01
1.486304639939183492e+00 1.005597098747978535e+00
1.486236944079416977e+00 1.002217855724767848e+00
1.462269067535106437e+00 9.907115602993660231e-01
1.479718181646832553e+00 1.001540955150345580e+00
1.486507017643991846e+00 1.006499012045406483e+00
1.488150989094564336e+00 1.000117176096715799e+00
1.481942691427794223e+00 9.905423153724363106e-01
1.444015632961296536e+00 9.958911694567931239e-01
1.486741183521130827e+00 9.888333849593290426e-01
1.483743126085256492e+00 1.002629784744215380e+00
1.486122693620442581e+00 9.888962111330512617e-01
1.471115027685065302e+00 1.003862068342864733e+00
1.433146293577411967e+00 1.000613262202544762e+00
1.485265980249863560e+00 1.003868590955708795e+00
1.459517627650616767e+00 9.931725676628834210e-01
1.486328303725548583e+00 9.901138145982997241e-01
1.484017472648134106e+00 1.000377700822850047e+00
1.470114148289971556e+00 1.003406663662126386e+00
1.423533715011474632e+00 1.001987413466517429e+00
1.433102288820968129e+00 1.000547780414207111e+00
1.472867610650093750e+00 9.889024943850379668e-01
1.409839591328190700e+00 9.970443125491378344e-01
1.476059434263989445e+00 1.004201386082879566e+00
1.479765292255495801e+00 1.001045986037900404e+00
1.487682714493965497e+00 9.929213355059410828e-01
1.432124605907598491e+00 9.981177958058000677e-01
1.414189501226175594e+00 9.998629718521110377e-01
1.423676841750739941e+00 9.964487418630433302e-01
1.429912143218375009e+00 9.934306958392172815e-01
1.420879728669872000e+00 9.982501400213023013e-01
1.404717155038713194e+00 1.000435220255251334e+00
1.406005138595405546e+00 9.993554683069880706e-01
1.421628327716879081e+00 9.990505745588270647e-01
1.438261125944185315e+00 1.000062776227136352e+00
1.444595141951674711e+00 1.000124124468605435e+00
1.446043672347722353e+00 1.000215556976022935e+00
1.480866282175401505e+00 1.000351377000355813e+00
1.444060481687422737e+00 1.000812660408693544e+00
1.435812654247828668e+00 9.993872694283895131e-01
1.425916892101649402e+00 1.000326306681709854e+00
1.457448108051851543e+00 1.000806669720884390e+00
1.410408869647158614e+00 1.004523275331867138e+00
1.466078785745518198e+00 9.997248890294652135e-01
1.445967188990600949e+00 9.986795278863611625e-01
1.430710333436543857e+00 1.000432031021376345e+00
1.424729420924575107e+00 1.001190727931516422e+00
1.471079383285853082e+00 1.000423322735505494e+00
1.464987214903066493e+00 1.000439916339439517e+00
1.477010118812874806e+00 1.001927408832518962e+00
1.449360838685745501e+00 9.993216957001466172e-01
1.419853696392609610e+00 1.000662274824391185e+00
1.458605789217673809e+00 9.992480662747228459e-01
1.428788014536181983e+00 1.000428999031879762e+00
1.412558624592096912e+00 1.000198658044121114e+00
1.440116439240832991e+00 1.002249830263328922e+00
1.486025004541170702e+00 1.000152898933069912e+00
1.446495398736760807e+00 9.990141201361935064e-01
1.409310522043880853e+00 1.002132809925256662e+00
1.442098401717811562e+00 1.000422428557597998e+00
1.420196208668888849e+00 1.003241303846000854e+00
1.428732290350049006e+00 1.002229810950521216e+00
1.438865393973891349e+00 9.995949484179715849e-01
1.465545312203687001e+00 1.000984769257785789e+00
1.469526866316882119e+00 9.952102648362034509e-01
1.474668249725854086e+00 9.976917577560125983e-01
1.413702429693192597e+00 9.996708992088859658e-01
1.454148046311918741e+00 9.949487796951037577e-01
1.434450315708100554e+00 1.005667039983556776e+00
1.412754930693179256e+00 9.997403243525434524e-01
1.420903293079852192e+00 9.999160406709156623e-01
1.426344830630836391e+00 9.997362708007211385e-01
1.418421064469200354e+00 9.998387284377150408e-01
1.417451832292955904e+00 9.990103215201112663e-01
1.424863556185952396e+00 1.000351821480011116e+00
1.474483182644889423e+00 1.003264411929304822e+00
1.444773253567637195e+00 9.992600955811599128e-01
1.450755270853138157e+00 1.004017524632049518e+00
1.422124973442413731e+00 1.002359278409767684e+00
1.414585852333510418e+00 9.992498098618863844e-01
1.419810684553017177e+00 9.992601719869327326e-01
1.448531505437471889e+00 9.951063853506596502e-01
1.413790378648114965e+00 1.000049084673898525e+00
1.478638252200688452e+00 9.998705097040444523e-01
1.410660249888514572e+00 1.000296386678027227e+00
1.413496858899853326e+00 9.995219056208942687e-01
1.420733207049450719e+00 9.994660464005936662e-01
1.480564471483532651e+00 1.000108934273727268e+00
1.462117498497694568e+00 9.946340594335100205e-01
1.441205893576839037e+00 1.002285026099287268e+00
1.477991539966374779e+00 9.986885654389919820e-01
1.462607618059920789e+00 1.004723139927368392e+00
1.447093978862968200e+00 1.003439938692246569e+00
1.484867583943620284e+00 9.992742049437161045e-01
1.486002946739931163e+00 9.994568411486983717e-01
1.415597590301963749e+00 1.000458575438536668e+00
1.484331905658639039e+00 9.987777581240180336e-01
1.434836527192490996e+00 9.959857407577055177e-01
1.480632800718248987e+00 9.946876720624598933e-01
1.425676809311690274e+00 9.988390449262625204e-01
1.479034783115198426e+00 1.002181960024386864e+00
1.479786230174669814e+00 1.003210110148585299e+00
1.449198669490910474e+00 9.965074251540537720e-01
1.439570171326347126e+00 1.003450165608186007e+00
1.486007243385931931e+00 1.000587835985432994e+00
1.486322361469793796e+00 9.992297917232091375e-01
1.415304562197174265e+00 9.986147879452378362e-01
1.416976890136654621e+00 1.002239926376726986e+00
1.475897841385874987e+00 1.000804702021764969e+00
1.468420673879621940e+00 1.000142583727763546e+00
1.456665050629821323e+00 9.987224315101796979e-01
1.415407760040225948e+00 9.991434851702231112e-01
1.432683436967228552e+00 9.994421900436303297e-01
1.432425138232970907e+00 9.994525843009598454e-01
1.450753443257453368e+00 1.000546889644315041e+00
1.477028683634461492e+00 9.991948092759030953e-01
1.480250929499453916e+00 1.001471734819495696e+00
1.426755522049912628e+00 1.000422786478334825e+00
1.486062288153830346e+00 9.973155354933508354e-01
1.452860791561547904e+00 1.000529403049815746e+00
1.478443952130122030e+00 1.000786908850804569e+00
1.413921650087185400e+00 1.002012450360150408e+00
1.468609737684539951e+00 1.001359910827827715e+00
1.423743707676502046e+00 9.999873402064552996e-01
1.407795008136629944e+00 9.996150643916265066e-01
1.415220777755055392e+00 1.000878476282056839e+00
1.417077044377218042e+00 1.002244709223220065e+00
1.434230106704934782e+00 9.994663237289699298e-01
1.424142781190416152e+00 9.992045117516420438e-01
1.458827103973727057e+00 1.001457848880310308e+00
1.421485578450072396e+00 9.989807258169842719e-01
1.421394500978420794e+00 9.993912179261410511e-01
1.409964144556472787e+00 9.953566751974910476e-01
1.410088864186836988e+00 9.976146989974209456e-01
1.444285800277513854e+00 1.000613453210585035e+00
1.463758597576570342e+00 9.903947089526784486e-01
1.415783902220840718e+00 1.006822919335399025e+00
1.427639158737678438e+00 1.000722648026695083e+00
1.432111433166047609e+00 9.990415584492423617e-01
1.469226338978278479e+00 1.000300694035484161e+00
1.448966890189085976e+00 1.001618500197433370e+00
1.446474623865632525e+00 1.000368697454658173e+00
1.472045557564789275e+00 9.977912479578684435e-01
1.409641695118911020e+00 9.984053035007123267e-01
1.409207755341067569e+00 9.932603323835750286e-01
1.409090623022427602e+00 9.997296490401313962e-01
1.411472754467238744e+00 1.002350391328836965e+00
1.421838536276554210e+00 9.992519080149874222e-01
1.443868652389809437e+00 9.974336400162683303e-01
1.470018085462769353e+00 9.999250009984141929e-01
1.461058106876083507e+00 9.980752302326355574e-01
1.437290735376509199e+00 9.973763062623302034e-01
1.463370626737958924e+00 9.996665247060575465e-01
1.418582261849498538e+00 9.958762592630718835e-01
1.433896536985482806e+00 9.998918354128806252e-01
1.471546440719409432e+00 1.000866076108189562e+00
1.412850836217245165e+00 9.976532598519938233e-01
1.414476594897806860e+00 1.001038219952122610e+00
1.413145132452870101e+00 1.001575822815261363e+00
1.438526837239368472e+00 1.002308399209135503e+00
1.440920469662884784e+00 9.949110095225439654e-01
1.433588323137045428e+00 9.994939858625592199e-01
1.484048890194312964e+00 1.001180773388928635e+00
1.417027758673248705e+00 9.996862567454413151e-01
1.420067868016103185e+00 1.007766715794727652e+00
1.428298433978798077e+00 1.008483667583443433e+00
1.436115411084186944e+00 9.893284813932894384e-01
1.469198821125600407e+00 1.004353782571669962e+00
1.432270795732617508e+00 1.005274588392964796e+00
1.487374244649675825e+00 9.929543314274431598e-01
1.443344798360800318e+00 9.974007137376935672e-01
1.455615409313245179e+00 1.014494415522533055e+00
1.437564571001668901e+00 9.973466309017753328e-01
1.408936980899832880e+00 9.987557320759208324e-01
1.427038977938915432e+00 9.945467943908116171e-01
1.463308751272506480e+00 1.002521550731110045e+00
1.437605911834294981e+00 9.907242716210142852e-01
1.437450739219080287e+00 1.000388231056573929e+00
1.409501646672560060e+00 9.973757074889817442e-01
1.430770064134071262e+00 1.005100958593385441e+00
1.487273743990816133e+00 9.965011768614703280e-01
1.415572342903429259e+00 1.002149353776085494e+00
1.409103203779544122e+00 1.000408531489168640e+00
1.467409638160987129e+00 1.003840182534246894e+00
1.459961066012023245e+00 9.991492810865503227e-01
1.487792311986963822e+00 1.001476585560413080e+00
1.483139628605276483e+00 1.000462184725335435e+00
1.423071410910826007e+00 9.986385010575898891e-01
1.439744015940154442e+00 9.961723977501774074e-01
1.437178639667082702e+00 9.959008675630925955e-01
1.421663153951576941e+00 1.001988710785240322e+00
1.479091644840262898e+00 9.952133011862167589e-01
1.472068610891834828e+00 9.950754778156614133e-01
1.487269358989979029e+00 9.920289920567088027e-01
1.487304716291881546e+00 9.931275014640320586e-01
1.487511096017022805e+00 9.951013912790290794e-01
1.423898369697392585e+00 9.954280027195919756e-01
1.436645929452982751e+00 9.925135626355739982e-01
1.427189006244005798e+00 1.009065971047463428e+00
1.466439880826858388e+00 9.959437175046274016e-01
1.466173607710315130e+00 1.014309678830220385e+00
1.429830285947596646e+00 9.923234685534445543e-01
1.439236767185835042e+00 1.005491172677340339e+00
1.408889537384950819e+00 9.982760190892784324e-01
1.417871373296147430e+00 1.003585357562685854e+00
1.416364858891599798e+00 1.000922670496246614e+00
1.446545010625122751e+00 9.954840652976786330e-01
1.411280259590556918e+00 9.964946464046928742e-01
1.412168425148706108e+00 9.983365764389917629e-01
1.415074646691413918e+00 1.001832584860102848e+00
1.416569992045374704e+00 1.000891613024742277e+00
1.414508448216375669e+00 1.004003620914871719e+00
1.426975842217074408e+00 9.970676078585253288e-01
1.417996589599310742e+00 1.002987505749778130e+00
1.451935402093459171e+00 1.003434902357226655e+00
1.468839496881021667e+00 1.005265228260694199e+00
1.445104945951705355e+00 9.998983350476390308e-01
1.416750367310023684e+00 9.955875343520609322e-01
1.449031160785728023e+00 9.983641625822965437e-01
1.411877066674149139e+00 9.960106210814765326e-01
1.436820347106060769e+00 9.958631646068221155e-01
1.467268020122068917e+00 1.005347890912949183e+00
1.409615227945677285e+00 1.000546716355114718e+00
1.418776455336014042e+00 1.001103186031206738e+00
1.436678820249323696e+00 9.965024552933957613e-01
1.409423979140909999e+00 1.001070105814574340e+00
1.409841004251610519e+00 9.966910390705715495e-01
1.420005429585513124e+00 9.985893589452733421e-01
1.415601173244236177e+00 1.002931368507677279e+00
1.432628464646016564e+00 9.993496428800106024e-01
1.485797892201216497e+00 9.993060561656181839e-01
1.486046109628931911e+00 9.978614550297881802e-01
1.436202715516631034e+00 1.000630259372510711e+00
1.460337503923018421e+00 1.001244614364507735e+00
1.410289200517492514e+00 9.988959753830574106e-01
1.466106226556863401e+00 1.001425241753085782e+00
1.465048268099693018e+00 9.995800798838416767e-01
1.481755022437602154e+00 9.961883267239659556e-01
1.467355026312447963e+00 1.001206024017485818e+00
1.474440704279076142e+00 9.992780932569909069e-01
1.475113290361228513e+00 1.000428739983629800e+00
1.482592663159423729e+00 9.962371953959849868e-01
1.472971093588050451e+00 1.000673237376860314e+00
1.479782595958181179e+00 9.997675554219345173e-01
1.482253428100106074e+00 9.997882405491613778e-01
1.484919566892525022e+00 1.002922313897809614e+00
1.486090036155422789e+00 1.004238490826894870e+00
1.486167923614353459e+00 9.989773114728308645e-01
1.486070782482584063e+00 9.962784717364341347e-01
1.428478814922221618e+00 1.001394977002937781e+00
1.452709206933782804e+00 1.004172631315710440e+00
1.440406337298638650e+00 1.002749356068395326e+00
1.485813458588334468e+00 1.001337745813021929e+00
1.451772516075794828e+00 9.975136037512354337e-01
1.414000229114116935e+00 9.989666844766863507e-01
1.470667508842008919e+00 9.966735704246020289e-01
1.458959998455884755e+00 9.983800901441927111e-01
1.424904111533622952e+00 1.000732281420380732e+00
1.426236947082613282e+00 9.976241153072848977e-01
1.412517118369474911e+00 9.984972119871520224e-01
1.484140635393830010e+00 9.992979080368414868e-01
1.442797760631424397e+00 1.000290736170408534e+00
1.420297947257521232e+00 1.000239994908514563e+00
1.443157604409137429e+00 9.978368547921699916e-01
1.462435922850139125e+00 1.000448843152183187e+00
1.471333027262308191e+00 1.001309787845042543e+00
1.480694935186466443e+00 1.000054007126424782e+00
1.446493730433076497e+00 1.000398951391188396e+00
1.429834975259145713e+00 9.997544407920236909e-01
1.451011276344768008e+00 1.000113662981310991e+00
1.429031697793790023e+00 1.001096156492086831e+00
1.450846515675096260e+00 9.978191004748097059e-01
1.480688869786780826e+00 9.994622472247369771e-01
1.463907700486821950e+00 9.939323867207597862e-01
1.429299183518536465e+00 1.000306215688143707e+00
1.416644982637766503e+00 9.990221352777893804e-01
1.409000867875396024e+00 9.998699697787379881e-01
1.481943130939415321e+00 1.000108480585063075e+00
1.418337305685188676e+00 1.002453016046115364e+00
1.409734322781587945e+00 1.001842921425050159e+00
1.416786978481159975e+00 9.990473204948803199e-01
1.466380289120745584e+00 1.001512230827046990e+00
1.445528726284248888e+00 9.995996097026956795e-01
1.416321656908537951e+00 1.003416529214469888e+00
1.421155663828024274e+00 9.945086154013130786e-01
1.487896097340243085e+00 9.997931862999418495e-01
1.409286421394426725e+00 9.996034411629981520e-01
1.428310948143391768e+00 1.003290618232175468e+00
1.408213790265763654e+00 1.001222404037194202e+00
1.469379578536789799e+00 9.994068493765697614e-01
1.410226427906872804e+00 9.976552966762110009e-01
1.467414800699447852e+00 1.000121440707177234e+00
1.466264811907675991e+00 1.001625461650841320e+00
1.449488912272069996e+00 9.954854830696620027e-01
1.448831393907352272e+00 1.004695710504557526e+00
1.461396017124551028e+00 9.964042559744237249e-01
1.431638502271503244e+00 9.992246927542440815e-01
1.421544674770990335e+00 1.001160949882324624e+00
1.465006412274714398e+00 9.934870428206176163e-01
1.455404276754048709e+00 1.001691646280539638e+00
1.403753096240039744e+00 1.001191323700205249e+00
1.466978828240503629e+00 1.000352044100381033e+00
1.468642995859391398e+00 1.005429356724082846e+00
1.487472020406572115e+00 9.912570236915991817e-01
1.486605715569092379e+00 9.936694509524304220e-01
1.423472868353031329e+00 9.967695006772840927e-01
1.486263421891729442e+00 1.003212824322236907e+00
1.442514974553169793e+00 1.006495982921882471e+00
1.459194406182117820e+00 9.932580244686890492e-01
1.482861472264333624e+00 9.972362159652770064e-01
1.404207224882866534e+00 1.001552362171832744e+00
1.487899041942972067e+00 1.003120980399675455e+00
1.476668597505024216e+00 9.976778025590377075e-01
1.481516081572356036e+00 9.978845868265873165e-01
1.479292175942435117e+00 9.931972576141255837e-01
1.477619348796003873e+00 1.004370131927758703e+00
1.488324669223103580e+00 1.003564168775052057e+00
1.486648104453920372e+00 9.956913183444392468e-01
1.487516411162627783e+00 9.913624982588247203e-01
1.484478170088244786e+00 1.000412867255033200e+00
1.488340721131439004e+00 1.004130266293271179e+00
1.487398444962103161e+00 1.004715775645762754e+00
1.485106726230278840e+00 9.922476833953678410e-01
1.469664534817063828e+00 9.979698010043563938e-01
1.444822530120397408e+00 1.000310151836379280e+00
1.487533023210260597e+00 1.002600481019299217e+00
1.484497560109011793e+00 9.971935718658913039e-01
1.486565719706966382e+00 1.003517433524558689e+00
1.483938366533892772e+00 1.001499871477659065e+00
1.486263170442570836e+00 9.972998397260909309e-01
1.485317981729735282e+00 1.001337224623815247e+00
1.487845618451319574e+00 9.980333165110675253e-01
1.474220655129322877e+00 1.000679366266811865e+00
1.432201186452754627e+00 1.000102361610535562e+00
1.473516236516037692e+00 1.000526126313467046e+00
1.475769470084833168e+00 1.002095649213627704e+00
1.483606545396375376e+00 9.973996484798332007e-01
1.409415511062353632e+00 9.991604015320960652e-01
1.404610823760442440e+00 1.001002465613544778e+00
1.458482129375058722e+00 1.000843698199437748e+00
1.455618704059551405e+00 9.999337255942422065e-01
1.486592276436617510e+00 9.983228926906708711e-01
1.486470009170693496e+00 9.990116258966469376e-01
1.492090756499666604e+00 9.986648055196524210e-01
1.465195935741208100e+00 9.982461504610695702e-01
1.485073135902347019e+00 9.991253547545017044e-01
1.403024020811407979e+00 1.003334895276448924e+00
1.420987835091065188e+00 9.986532317240334189e-01
1.431330623215766984e+00 1.002959027114129764e+00
1.430142033076453156e+00 9.962391942322827987e-01
1.488942609212085877e+00 1.001974901902316972e+00
1.437723384224184775e+00 9.996476828679105031e-01
1.463517327575415861e+00 9.952646586385237581e-01
1.487681425747409580e+00 9.957272459425440259e-01
1.467680625924358884e+00 9.980050061026543018e-01
1.409664465038482417e+00 9.956702251034861284e-01
1.482569600809352517e+00 9.951837743124508640e-01
1.487729803518003768e+00 9.984023364230418807e-01
1.486256812623420576e+00 1.004695794637060935e+00
1.461557118945990608e+00 9.984358364851265710e-01
1.487484367691862541e+00 9.979094816325028150e-01
1.409056042871655201e+00 9.999083098359263788e-01
1.479733104567299673e+00 1.005316009527099208e+00
1.460434286774139334e+00 9.986183353671264085e-01
1.409620898782406817e+00 9.968713755014453337e-01
1.440340668506464139e+00 9.985951944267857927e-01
1.452684212344141690e+00 1.000775147510930996e+00
1.439933356431495559e+00 9.995962229197636884e-01
1.426739501339761462e+00 1.004840868176434698e+00
1.493749835081742194e+00 1.000643996843091577e+00
1.477822438496371182e+00 9.993479148319283079e-01
1.464453764600666563e+00 9.977045268630099217e-01
1.453363633928612675e+00 9.963458881822618851e-01
1.441501260171328180e+00 9.979903532062742721e-01
1.443872014701963247e+00 9.987348349691721472e-01
1.418274883786731166e+00 9.946627161197151290e-01
1.416283250778255454e+00 9.934737806947960825e-01
1.479787920991058714e+00 1.002075684660665322e+00
1.464680986621688108e+00 1.002892056059477621e+00
1.409076634952007634e+00 1.005732191597547454e+00
1.469033688408176497e+00 1.007250789023746540e+00
1.437619851232539103e+00 1.002268810951048472e+00
1.448737216111896320e+00 9.988820519059299352e-01
1.477915255679511208e+00 9.956821540723777009e-01
1.468991372971210962e+00 9.984944287616304148e-01
1.422818093085636004e+00 1.001026884327049560e+00
1.473139901484979752e+00 9.986115147370824285e-01
1.486171616550016061e+00 9.986717012605830224e-01
1.440108319660676317e+00 1.002229496303213008e+00
1.433064616511412037e+00 1.002272109019862523e+00
1.457242937759022139e+00 1.002045070024949247e+00
1.428813278531199771e+00 9.979970106501735438e-01
1.417807305725155231e+00 9.971350706723027812e-01
1.441182135577125045e+00 1.001449972815755540e+00
1.471598771809477846e+00 1.001697449130784845e+00
1.452810132095151419e+00 1.001392192019633587e+00
1.487964000247859131e+00 1.002916728880160369e+00
1.473913716260888185e+00 1.000790510510941145e+00
1.428164153184325436e+00 1.004465990522067198e+00
1.419385985338401435e+00 9.994783467914996056e-01
1.452519253537710275e+00 9.929908936340737791e-01
1.474827327089521356e+00 9.961935707913386340e-01
1.442876138003583941e+00 9.986645966251535000e-01
1.420128183909385555e+00 9.980395641984359800e-01
1.479993739536516584e+00 9.957110447638855000e-01
1.464154656094612372e+00 9.992474016948420523e-01
1.454446964099861184e+00 9.983379050049174808e-01
1.475781270228502917e+00 1.000304470239016918e+00
1.488428233269951217e+00 9.989936090766721177e-01
1.486143766189448323e+00 9.983901688153520304e-01
1.462984715895350396e+00 1.004675733997289155e+00
1.475167674137692009e+00 1.002443382231525515e+00
1.474423358008642104e+00 1.001026273560138291e+00
1.409345978763509866e+00 1.000039430459313206e+00
1.485599172648724764e+00 9.953793083155395571e-01
1.487279605127214577e+00 9.971811172279301250e-01
1.487642030383409253e+00 1.000530400118161189e+00
1.447737377468685693e+00 9.997269703725731871e-01
1.476655079941952442e+00 9.964121615353244144e-01
1.486804957639490388e+00 1.000691931095401221e+00
1.474107865735384992e+00 9.992307963208187926e-01
1.473208075742108436e+00 1.001122974998880810e+00
1.484392717551981988e+00 9.964491461385782678e-01
1.490458792835147372e+00 9.995242638103165600e-01
1.469492990144747990e+00 1.001891930935085107e+00
1.415672178545976490e+00 1.000195359664327377e+00
1.432018263522868207e+00 1.002352761918819946e+00
1.409893863436738615e+00 1.002767768278791660e+00
1.481176551173505995e+00 9.945593755225431432e-01
1.437496832040565220e+00 9.913401795919583037e-01
1.488633773264375515e+00 1.009746253102075553e+00
1.469680161193692491e+00 9.967341694406420816e-01
1.471400402918132233e+00 9.975817269464745118e-01
1.475270535947861283e+00 9.992172747386003362e-01
1.457403642620334727e+00 1.003465553410952227e+00
1.461587702630553931e+00 1.000890289152972734e+00
1.457326713868545065e+00 9.980548580209118725e-01
1.430958459387670745e+00 9.974162783653361952e-01
1.483980700846354361e+00 9.998532371603713331e-01
1.463117367079925790e+00 9.978199600076073095e-01
1.469109018700164526e+00 9.993093495226592626e-01
1.462093742199786828e+00 1.003115736237765399e+00
1.441601801510341119e+00 9.944647406735080963e-01
1.464793617569014383e+00 9.950730004083869762e-01
1.415836872268065649e+00 1.005485095441928767e+00
1.476068982574697319e+00 1.001092109571563693e+00
1.417661614473967990e+00 9.991062201065762371e-01
1.413462582378808730e+00 1.002450612085988624e+00
1.483269665000559012e+00 1.001787100038411316e+00
1.471943065482627322e+00 1.002261494698862609e+00
1.486044899028528654e+00 9.971230624466768111e-01
1.452584223637058969e+00 9.981719060364018237e-01
1.484640326441208691e+00 9.999589813298385144e-01
1.486015056166792858e+00 1.003615644510919447e+00
1.447843299565019670e+00 9.982852373083875852e-01
1.447325284909887655e+00 1.000068633366959503e+00
1.430069057013839906e+00 9.970891515923260284e-01
1.454487688366690401e+00 9.989638331232729707e-01
1.482591387359811996e+00 9.977494912149823536e-01
1.428813165178945299e+00 9.986467763632308481e-01
1.470021900367915801e+00 9.971904597492818878e-01
1.427372865785289546e+00 9.995924204212829345e-01
1.425259828388760308e+00 1.000110440130719258e+00
1.461416460332439327e+00 1.002108350979287188e+00
1.438347214328580925e+00 1.000109474259836650e+00
1.454249819936562105e+00 1.001214154736480344e+00
1.427522188344770848e+00 1.007120700854460482e+00
1.461390332224963506e+00 9.955316772696612970e-01
1.449122745480667884e+00 1.005055414601953467e+00
1.453995025258945528e+00 1.002943028925244118e+00
1.410154922431120283e+00 9.996763146983869142e-01
1.425978048829431577e+00 1.005079061885749026e+00
1.408723047559292008e+00 1.001059550634812556e+00
1.427779420553365375e+00 1.002353104242445392e+00
1.479025681588541863e+00 1.001465946899821935e+00
1.441128669290425712e+00 1.000899916822016289e+00
1.414858274214460421e+00 1.000492291210710372e+00
1.450891903737421051e+00 9.983722032087241072e-01
1.414200724789958397e+00 9.980940572521992404e-01
1.433554619587996459e+00 9.992051493321377764e-01
1.475568852222304495e+00 1.004362494224960711e+00
1.456923761719311816e+00 1.007398770258958853e+00
1.409607040955695334e+00 9.981027048748395414e-01
1.470907935156704038e+00 1.003144783239795057e+00
1.424863037409194844e+00 1.007827596569138118e+00
1.472245785040933397e+00 9.997576982705180804e-01
1.488731830227369324e+00 9.992277413044430290e-01
1.459866385319111171e+00 1.002061198835131339e+00
1.486667726590743310e+00 1.006150282735559731e+00
1.429893114961403144e+00 1.000147496546687442e+00
1.481726156518461179e+00 9.997638439847986724e-01
1.486435387442459843e+00 9.938672373855199638e-01
1.486477403898071259e+00 9.987032544072121931e-01
1.486204957225113699e+00 1.006608718294913718e+00
1.420059176589729022e+00 1.002951649901172138e+00
1.458673167858903774e+00 9.961687714423560491e-01
1.488107432075307379e+00 1.009213624123858066e+00
1.486203541504307335e+00 9.928674563321311375e-01
1.487827978578719401e+00 1.007796993268829100e+00
1.420559099771771194e+00 9.991798041044498424e-01
1.427949936115333385e+00 9.931843475930202114e-01
1.483560518402926576e+00 9.951662824398428420e-01
1.421529480125355072e+00 9.926990981863563768e-01
1.413155632944048889e+00 9.978188095727784646e-01
1.439649856758190571e+00 1.001165536775220133e+00
1.431049940564340206e+00 9.986744764204811275e-01
1.478281155581059991e+00 9.993426888860775792e-01
1.460985396665935632e+00 9.999752135740622716e-01
1.473114428848093072e+00 9.996785184348353503e-01
1.439219080843923138e+00 9.996156620602987264e-01
1.415221344391273783e+00 9.996008680276425862e-01
1.441173943496766530e+00 9.979783277142655340e-01
1.435039789751495043e+00 9.962641127497768867e-01
1.425309259658961603e+00 9.979767548801955490e-01
1.415550779315263741e+00 9.982581387134096262e-01
1.463333521178150631e+00 9.940927401922518003e-01
1.430556510650430546e+00 1.000362708810384804e+00
1.472654715387941682e+00 1.001248791282571160e+00
1.421776346075528830e+00 1.000315110614685254e+00
1.451437413175793445e+00 9.983627903419051153e-01
1.435621278340807994e+00 9.996924881385794714e-01
1.414561846062426520e+00 1.002536878096836226e+00
1.433404442933747358e+00 1.003451229220353236e+00
1.481260307771093077e+00 1.000563720206443907e+00
1.409365878985008758e+00 1.001043830060646345e+00
1.482723400277654813e+00 9.984997818480463305e-01
1.482649912079088361e+00 9.987216954556542570e-01
1.455058838015397038e+00 1.000641001121683749e+00
1.425053617621778068e+00 1.000621077266140135e+00
1.409163474061279064e+00 9.983020799466619799e-01
1.448580624505564574e+00 1.003596421439108655e+00
1.411420647675009521e+00 9.992396227671369591e-01
1.421479228844839016e+00 1.000589909664152843e+00
1.422599020177516937e+00 9.991581132030658008e-01
1.465021635037319303e+00 9.973190847525353897e-01
1.482441413458115642e+00 1.007071625190792519e+00
1.446272014783409610e+00 1.000466255446460284e+00
1.411145542533980723e+00 9.989926205846942908e-01
1.452690813764519584e+00 1.000659547992091669e+00
1.430827689607074404e+00 9.930028031923662235e-01
1.455804450787695936e+00 9.950362751407183515e-01
1.412210843265503390e+00 1.000612953272441485e+00
1.417487302098349389e+00 1.005590789749214675e+00
1.429025411367161658e+00 1.004374441231259185e+00
1.423663281600488828e+00 1.006201715545008035e+00
1.434997281053414619e+00 1.001668586363958502e+00
1.424350566667838658e+00 9.987517392340961031e-01
1.419459068988810468e+00 9.944042234038112937e-01
1.421754369467917112e+00 9.942274043968549746e-01
1.485118833761194246e+00 9.960540326154407875e-01
1.414674517035133361e+00 9.954104859295995755e-01
1.412782314117076554e+00 9.950016129154036770e-01
1.412310419888762159e+00 1.000818094503331590e+00
1.408998083878425067e+00 9.999416956563916825e-01
1.414143189612285578e+00 9.961202815545758815e-01
1.461250911952612030e+00 1.005803556003604049e+00
1.412201934234096345e+00 9.951045659076951377e-01
1.420811754112096592e+00 9.962425544668563893e-01
1.486598169500404021e+00 9.996637954726540487e-01
1.465038678867235378e+00 9.986807194076438021e-01
1.463987097284050520e+00 9.989282429568955290e-01
1.455979206278084748e+00 9.979987315741856158e-01
1.485991454355674923e+00 9.975418855138977747e-01
1.486728406564326255e+00 9.961843344641689857e-01
1.471092947356369640e+00 1.000229628771392987e+00
1.470161452471230978e+00 1.002957021019306616e+00
1.475812698346678165e+00 9.978996773995270075e-01
1.452945067954231728e+00 9.945986538541295996e-01
1.467841232751835756e+00 1.000431492888256280e+00
1.454321078836440462e+00 1.002867453203825088e+00
1.411068078068426379e+00 9.999028328564808499e-01
1.434679391030106776e+00 1.000885748200182723e+00
1.412029876244627058e+00 9.989620123670654994e-01
1.422593079522594062e+00 9.981671903415936242e-01
1.438460165406868940e+00 9.986981755505687230e-01
1.441176574863844317e+00 9.998056002049166002e-01
1.403996549363736523e+00 1.000395206499925527e+00
1.484479367027660590e+00 9.964572286659221234e-01
1.487473975663321069e+00 1.004307829719925937e+00
1.486289491061298262e+00 1.001578704161644406e+00
1.480970181833763721e+00 9.979578110831686111e-01
1.486402386060876157e+00 9.995599121509899376e-01
1.430804899885247394e+00 9.987762480672689458e-01
1.443076933684432905e+00 9.989910859198354309e-01
1.409823176660792488e+00 1.000197797142061917e+00
1.411568466857344273e+00 9.990064926648624111e-01
1.486648313619316042e+00 1.004584913506922694e+00
1.400077828445652983e+00 1.000666839176428402e+00
1.485986157192179524e+00 1.001643984267735599e+00
1.437005718260062404e+00 9.986048238268367960e-01
1.486410910846941880e+00 9.997693318908651428e-01
1.460306667624936106e+00 9.994761289013578409e-01
1.471667146817960736e+00 1.001199192567286289e+00
1.479632570499749944e+00 9.995768035776012583e-01
1.476611266187323857e+00 1.001499788717093109e+00
1.485357103777651400e+00 9.988005092033247490e-01
1.434604625784047682e+00 9.980915593911832140e-01
1.485205989290210082e+00 1.000742128331735925e+00
1.467983923224351672e+00 1.001863338522979596e+00
1.472458186017565174e+00 1.002312512652252074e+00
1.438099742746970389e+00 9.923285893130618929e-01
1.452969980545370410e+00 9.973380150503703412e-01
1.430676824540510594e+00 1.000243899259313896e+00
1.412320878005455027e+00 9.996690003824252324e-01
1.485979885008841928e+00 9.974954154337484225e-01
1.422950023113754625e+00 1.000232454650064939e+00
1.409463066089722938e+00 1.003459308233326075e+00
1.437388238777177030e+00 1.004851384527492009e+00
1.430875276609982150e+00 1.003656416232980852e+00
1.420884499300550941e+00 1.007945582586430300e+00
1.410550039569528735e+00 1.007135225337245199e+00
1.418171966876100587e+00 9.969386920549020425e-01
1.484472796118550431e+00 9.994007735501513334e-01
1.464932080001565273e+00 1.001821198429554194e+00
1.486360825575385736e+00 9.989699971429059078e-01
1.408631049831873039e+00 9.966836987452774022e-01
1.439599947752647102e+00 1.002106149888264630e+00
1.485606436586873746e+00 1.004741073551185249e+00
1.429611388519423487e+00 1.002725816873001330e+00
1.485715602749271724e+00 1.001191729402538977e+00
1.419152568155601868e+00 1.003026259383608343e+00
1.415246026361580478e+00 9.996397645395661558e-01
1.414893151638479285e+00 1.002242524487150233e+00
1.412848523058248817e+00 1.001984290614905015e+00
1.411456136925664184e+00 1.000793085355203171e+00
1.414988442041613892e+00 9.998862795079681565e-01
1.454560572577960009e+00 9.940955703476128669e-01
1.460458350608434541e+00 1.003192632545556684e+00
1.466563377448198535e+00 9.997935783528287823e-01
1.481145143377830653e+00 1.005346461491799293e+00
1.486970424163213789e+00 9.956216751268441856e-01
1.429861488664098124e+00 1.000971639365070498e+00
1.417616082982306125e+00 1.004923113513328081e+00
1.432003761153683996e+00 9.971051976917140180e-01
1.453698960262526985e+00 9.976457047276976464e-01
1.429073839483956165e+00 9.955786563377121423e-01
1.472630825475905514e+00 1.004997819862710529e+00
1.451550504588188906e+00 9.979651600830172775e-01
1.409320501458409369e+00 1.001829563946438739e+00
1.425955585779566714e+00 1.000084939562066122e+00
1.423949785527453438e+00 1.001929833226487654e+00
1.447489960143006460e+00 9.993593356440454434e-01
1.443439609935170287e+00 9.996893241692100807e-01
1.457066108963535722e+00 1.001935719361964461e+00
1.455003294109813883e+00 9.969021770641138813e-01
1.441794539159794386e+00 1.002677753589297671e+00
1.487802529343054792e+00 9.943933234352599904e-01
1.441956268995858270e+00 9.922478528485664251e-01
1.487100640980909771e+00 9.999870454631166750e-01
1.446167756974681806e+00 9.931278699583849789e-01
1.449435047089413509e+00 9.984509636556472278e-01
1.429678183806390113e+00 9.989764390395468041e-01
1.439630934500233606e+00 1.000974465705055882e+00
1.431199667621166238e+00 9.994641469001812606e-01
1.424182603511653822e+00 9.966921619178686909e-01
1.409667617936049000e+00 1.004220563838705393e+00
1.412166705141308265e+00 9.950349588945966994e-01
1.427744211500334925e+00 9.999196020403883223e-01
1.408931089796497949e+00 9.999930413471890267e-01
1.420699974557745993e+00 1.000067485380198296e+00
1.425710908352110895e+00 9.957657610902644896e-01
1.424465481717212878e+00 1.000018934574611995e+00
1.461064391266550189e+00 1.006230401756789350e+00
1.439571173152059957e+00 9.982012799478241494e-01
1.475957386264310056e+00 1.000586667700513521e+00
1.432727551478425232e+00 1.001194377601535734e+00
1.486112541310137702e+00 9.914819527791940423e-01
1.463176964074856645e+00 9.994470042969977319e-01
1.417513816999004916e+00 1.001633333828723771e+00
1.419924193788816291e+00 1.000042839878520162e+00
1.430630579413916026e+00 9.962228643700347108e-01
1.464399603777872372e+00 9.944137408973270364e-01
1.454625740884934126e+00 1.002814532946342707e+00
1.413525313446371001e+00 1.002744610739018549e+00
1.433052260281547863e+00 1.002889495401141140e+00
1.467234961114655345e+00 1.003680565723209295e+00
1.487252048151286976e+00 9.859177212537760804e-01
1.435150337011432020e+00 9.991563123606121977e-01
1.453174793289658817e+00 1.000331684159839307e+00
1.443142910191733908e+00 1.001726532666495695e+00
1.426468199940599701e+00 9.989414688537988640e-01
1.437551629009494070e+00 1.004900408142842982e+00
1.442024357565096393e+00 1.006954333807109636e+00
1.476286229383868998e+00 1.003257654775470353e+00
1.420698605603503362e+00 1.000563547389504260e+00
1.409812140119387047e+00 9.960600999164452851e-01
1.448446301759755528e+00 9.962405050616438551e-01
1.422997672793335111e+00 1.010464670559655609e+00
1.434004162949110484e+00 1.005021903281771767e+00
1.439671554634986084e+00 9.943557184304847585e-01
1.462988599357134767e+00 1.008035683441672603e+00
1.420915180106579800e+00 9.995098167894245211e-01
1.419861728691909519e+00 1.002752936953919205e+00
1.415750360156249554e+00 1.006095472045653638e+00
1.439255839924024061e+00 1.002625833194518368e+00
1.435170718958806768e+00 9.942372620734032385e-01
1.409404300837010959e+00 9.975196871766952578e-01
1.409844820151357814e+00 1.003754248970221363e+00
1.435837786632922830e+00 1.000383397585158596e+00
1.423699420757154721e+00 9.978254908674956125e-01
1.416796697510309455e+00 1.002325304395332628e+00
1.428821206920828146e+00 1.007836699854892659e+00
1.412515292322998217e+00 1.004702981260023886e+00
1.484757890150154802e+00 9.964676385997464081e-01
1.413762461709548113e+00 9.950475800562761375e-01
1.413411837894646528e+00 1.005183925728170058e+00
1.428563823455827109e+00 1.005301824929569543e+00
1.417025300110366759e+00 9.964600968951861093e-01
1.415514580711737080e+00 9.954890802245042192e-01
1.416808434713055620e+00 1.005867961705313673e+00
1.414889450080584643e+00 1.003280708469234117e+00
1.486156564116706269e+00 9.981992103702086450e-01
1.451292025052022039e+00 1.003577349383918405e+00
1.414764196995464074e+00 9.990391972452724589e-01
1.476897002058396913e+00 9.983123116969683242e-01
1.433385311091869729e+00 1.000761046287651945e+00
1.409313062786906823e+00 1.003142976645540640e+00
1.422245494493294071e+00 1.000409361201386238e+00
1.433924470351983560e+00 9.999999223159933281e-01
1.437033979653504767e+00 1.000442469678828994e+00
1.430320862598398080e+00 9.946191307916832924e-01
1.414006069195494764e+00 9.963644647072398275e-01
1.418595936370531385e+00 1.005244180499012874e+00
1.409367546079125511e+00 1.000871347255132937e+00
1.427179884877846527e+00 1.000713519943682295e+00
1.488089181911530057e+00 9.918661409017516251e-01
1.428416281584838687e+00 9.977436814033922019e-01
1.415818229051278854e+00 1.003709812367368004e+00
1.483233391440774707e+00 1.001458627273770663e+00
1.487773990112995159e+00 9.956707705252917373e-01
1.442465284506038836e+00 1.002487646609744321e+00
1.482867881423788781e+00 1.002637303049384920e+00
1.450960932618993393e+00 1.003554083818406939e+00
1.485565227974494196e+00 1.007327249139103431e+00
1.470187341043712070e+00 1.003959426897958140e+00
1.424971586636451404e+00 1.002188040059839302e+00
1.466217103854092318e+00 1.000801683476953530e+00
1.435896346253774158e+00 1.005237329841286442e+00
1.426824508610072151e+00 9.985052589868558259e-01
1.472281921763573642e+00 1.003817486279441562e+00
1.423909226585326371e+00 9.982735614570323879e-01
1.444023115162761384e+00 9.950108300377208392e-01
1.419847496551396082e+00 1.002193108482164474e+00
1.426197203983786022e+00 1.000796197748911043e+00
1.421579869174834032e+00 1.002274405480646946e+00
1.431859884449567133e+00 1.004114134077482845e+00
1.471852259415099562e+00 1.002394780278540232e+00
1.432293076707605861e+00 1.005945903693360899e+00
1.432648501826111698e+00 1.001959513616267561e+00
1.468368365747746207e+00 9.988281064185116076e-01
1.438524819331439497e+00 9.999032084168961720e-01
1.484505681002856292e+00 9.986770673285467748e-01
1.413764579793648224e+00 9.993610802236306823e-01
1.415641694053589417e+00 1.004782869625788777e+00
1.446163324901952763e+00 1.003380866552571415e+00
1.444887996902081806e+00 1.005734121442783735e+00
1.411891952330367239e+00 9.997352958507971232e-01
1.423825020202554636e+00 9.993134403452427206e-01
1.415070596531669445e+00 9.999717296469183836e-01
1.486124741838123597e+00 1.000664598466869837e+00
1.434609463984048539e+00 1.001302191310145639e+00
1.479886675423787601e+00 9.992177907735214637e-01
1.487878418849530870e+00 9.915067405043893611e-01
1.443482995328030594e+00 9.970043274017679202e-01
1.420121568687244595e+00 9.976898717502582503e-01
1.479309131295091229e+00 1.000930745239902775e+00
1.428121538487805875e+00 1.008667744767636432e+00
1.415529712547164198e+00 9.997392445974820907e-01
1.473136123830586897e+00 1.000361397513471751e+00
1.429040742368848260e+00 1.001171775587402779e+00
1.409137544443586521e+00 1.002521317080294905e+00
1.435452073649560623e+00 9.980838219079639639e-01
1.474158079182355197e+00 1.001286226637556176e+00
1.418138006473790291e+00 1.004339432712123559e+00
1.415588310912827552e+00 9.934859244460950700e-01
1.422891323882723214e+00 1.004033607126117555e+00
1.429969069529988257e+00 9.997237791227068238e-01
1.459241821342310175e+00 1.000255133891918558e+00
1.461914637728416011e+00 1.000166070555819964e+00
1.451453950838976548e+00 1.000302489740604317e+00
1.456386172943902046e+00 9.997402941167941037e-01
1.484409867723248899e+00 1.000265159737003584e+00
1.429557828950176024e+00 1.007463828910006631e+00
1.440958048111323109e+00 9.976854912865286140e-01
1.458045670055007736e+00 9.912787920670212971e-01
1.469095270471095116e+00 1.000601702095001322e+00
1.466800867773078831e+00 1.001332289772538076e+00
1.449257786999402553e+00 9.984475275455725329e-01
1.482689472480653192e+00 1.001330128709407630e+00
1.464499891058237191e+00 9.983035587363024987e-01
1.418007130659719284e+00 1.000319067494344516e+00
1.421573024177085198e+00 1.002230625779130024e+00
1.411039506256723364e+00 9.983758313640747062e-01
1.457178593019286428e+00 1.012176842883675043e+00
1.489105672804662328e+00 9.954457095675223188e-01
1.448914180451700284e+00 1.000127584841828510e+00
1.395699878050846499e+00 1.001873822856593099e+00
1.482933214471854555e+00 1.000980136477947369e+00
1.478419179771332193e+00 9.979550385880587848e-01
1.412354716367566709e+00 9.968952225852538707e-01
1.486426858495160097e+00 9.986733815853954255e-01
1.437890245489585217e+00 1.002766342792480669e+00
1.468735075314258509e+00 1.000736426462115913e+00
1.436322963286099652e+00 1.011406848858047658e+00
1.460786258712118979e+00 1.001023932980967146e+00
1.483781235768935947e+00 1.000954931124131697e+00
1.484529660710719012e+00 9.966026130578660158e-01
1.411848099124436429e+00 1.000360850812402225e+00
1.464851145271869326e+00 1.003944465855565182e+00
1.452107182804380558e+00 9.985918070639764332e-01
1.410216249409611544e+00 9.982552115574218066e-01
1.476174245690624831e+00 1.001159251069972722e+00
1.416541171772203844e+00 1.003448422301536080e+00
1.470558766437593867e+00 9.972960105983322832e-01
1.416120584500368818e+00 1.005782270305960457e+00
1.483191672772339764e+00 1.003197159888348011e+00
1.432559034824746336e+00 9.980621315180980835e-01
1.479038735663886550e+00 9.994219028938908789e-01
1.454735227955962440e+00 1.003846019674775825e+00
1.484146913135280466e+00 1.001195605405578837e+00
1.488182549450905334e+00 1.001651400828453164e+00
1.478173360500100841e+00 1.001035343794300259e+00
1.484870915242400891e+00 9.966507379648003040e-01
1.481445026070238979e+00 9.960833059713795068e-01
1.478886020577926175e+00 1.000876529730454711e+00
1.488107651412212906e+00 9.988975441013535628e-01
1.468238424446183021e+00 9.983905150968039877e-01
1.485923108388839342e+00 9.997857672188210643e-01
1.477612725037740882e+00 1.000831607849721694e+00
1.431395836114204734e+00 9.989071453909047493e-01
1.485029036110354195e+00 1.003868919953225358e+00
1.468128008286764263e+00 9.926910412273755036e-01
1.470141204066597540e+00 9.987039423585835074e-01
1.487523687830403007e+00 9.957795796147469458e-01
1.486045466740387955e+00 1.003827733577648207e+00
1.429368057279690074e+00 9.981350362588481406e-01
1.481756660263615188e+00 1.002195487137526042e+00
1.409259362552599537e+00 9.996922504500530549e-01
1.420849161257444537e+00 1.002369244958982941e+00
1.409534239478498208e+00 1.000465827813971531e+00
1.419206558691327835e+00 1.001731076277401877e+00
1.486707413673493239e+00 1.001300315123177187e+00
1.486598603894681014e+00 1.000907452329828029e+00
1.455249925460362359e+00 1.001062871490886463e+00
1.487346332210000233e+00 1.001417931765162361e+00
1.468358006999368914e+00 9.966453297737826178e-01
1.486327205207944369e+00 9.989785810932332311e-01
1.483074339967487498e+00 1.002948792692153646e+00
1.468920039374453257e+00 1.001834846672625901e+00
1.486468336627358777e+00 9.992770821015419802e-01
1.434961093431189605e+00 9.997772441192406268e-01
1.436069161123756377e+00 1.001343880287692611e+00
1.487967322811555526e+00 9.988916527892754971e-01
1.487765801203267291e+00 1.005418038070839071e+00
1.468818186448872298e+00 1.001772535248049101e+00
1.429542312740045507e+00 1.000511701389030561e+00
1.409678784622813374e+00 1.002803314103904553e+00
1.414069951947520609e+00 1.005364616830556335e+00
1.415639993348491776e+00 1.006360907267485505e+00
1.466141775009377923e+00 1.000591273411290949e+00
1.482462232629548238e+00 1.005659794697840503e+00
1.456356145580677719e+00 1.000413621961566690e+00
1.483423895409107240e+00 1.001153116180415470e+00
1.481120330213868241e+00 9.990040793235858141e-01
1.418670175169275849e+00 1.001876292860539586e+00
1.476631490064769459e+00 1.001051800147436888e+00
1.442804096287028104e+00 9.998403400425043275e-01
1.415068212974827100e+00 9.998450157728249188e-01
1.426065223240422952e+00 1.000120509774868438e+00
1.410623275283705791e+00 9.997263022397934185e-01
1.450033650273224506e+00 1.001050097727596011e+00
1.439032970047132265e+00 1.004152252603853768e+00
1.486955098802234199e+00 9.903286871497219979e-01
1.486591319154547230e+00 9.958887818104056322e-01
1.420299284855555788e+00 9.939169067916907574e-01
1.424146851506608691e+00 1.002346360725740793e+00
1.479833947930237148e+00 1.000467412449054905e+00
1.426510345895207976e+00 9.929512563354990773e-01
1.443075006693606666e+00 1.004669550428096025e+00
1.435902021140153639e+00 9.993582317762879086e-01
1.416561301054973354e+00 9.959954511184802017e-01
1.426016483513619537e+00 1.000501656943808548e+00
1.423935027992820901e+00 1.002209903433228355e+00
1.467693998463955429e+00 9.982921126094401743e-01
1.473307100767988764e+00 1.000600211678981388e+00
1.482196666177801658e+00 9.962829207133977460e-01
1.486284317478691719e+00 9.982523067607319556e-01
1.485751227694601884e+00 1.001740825317437800e+00
1.409376885564930681e+00 1.002604423592535099e+00
1.451607160611973368e+00 9.938391986985594118e-01
1.413587923902874355e+00 9.979817615749416726e-01
1.466005189797520591e+00 9.998978241695332114e-01
1.487189583889044764e+00 1.004943764902585857e+00
1.484043180064925638e+00 1.007687050944787943e+00
1.472849299476093554e+00 1.011121837284383540e+00
1.486864837928728589e+00 9.897048366492844362e-01
1.413148425141635300e+00 9.983935995143442543e-01
1.436940263360029668e+00 9.967833695424719309e-01
1.460105066786659966e+00 1.001673856177653921e+00
1.409819034489303569e+00 9.976434541052560112e-01
1.480671079986030980e+00 1.000726996441200001e+00
1.436127725150762924e+00 1.008310990936478468e+00
1.412958920106399230e+00 1.004639175389471895e+00
1.487109714625909573e+00 9.986944849924050960e-01
1.418518006045195845e+00 1.003858953293607748e+00
1.409687871218393562e+00 9.997431301544204008e-01
1.445641666576215734e+00 9.940752275303433860e-01
1.404932733217007623e+00 1.000750398945805753e+00
1.486225633090827225e+00 9.987485074199010660e-01
1.405551728143684453e+00 1.000038038405450136e+00
1.483908744004559743e+00 9.964686495357071294e-01
1.479362374458691898e+00 1.001284617336653415e+00
1.446851489738896435e+00 9.973674887822093771e-01
1.410507463890635638e+00 9.976098535353339347e-01
1.432905734241919582e+00 9.998793438654862697e-01
1.409675996159470923e+00 9.920606377283808230e-01
1.410978301982753980e+00 1.003956312559516340e+00
1.403057095035751045e+00 9.983995408869698052e-01
1.415132517120490929e+00 9.978427978857871139e-01
1.406479376498053657e+00 1.001289212593528433e+00
1.419070577072047090e+00 9.972602165701393018e-01
1.487590896379005434e+00 9.905847058462945443e-01
1.421447893730997558e+00 1.003316411244978390e+00
1.486009457357934549e+00 1.001722298766606345e+00
1.465913355187040246e+00 1.004410879029949744e+00
1.410092229993435531e+00 9.999566497354959171e-01
1.414839012912677330e+00 9.993429458841258661e-01
1.459932825842169102e+00 9.957484963688330026e-01
1.409341828969141952e+00 9.989490553048476773e-01
1.409776732544998801e+00 9.974504472745348016e-01
1.419753008701016617e+00 9.978160006006967508e-01
1.477489585083914703e+00 1.001170497565903039e+00
1.487850520363896534e+00 1.002812043401079434e+00
1.455308857115967136e+00 9.994197446412295127e-01
1.482639626344001371e+00 9.987720130493338289e-01
1.441648128976695808e+00 1.004919127225195608e+00
1.486720547720007612e+00 1.002732256235760344e+00
1.486936470313232839e+00 1.006686529637166760e+00
1.489025244173478146e+00 9.960287091976913754e-01
1.457790340051974498e+00 1.007056084126463302e+00
1.415556833850135199e+00 1.001892823934760646e+00
1.409677896863188895e+00 1.000506654102003790e+00
1.460852572165845631e+00 1.002381165945079866e+00
1.457121680154500609e+00 9.956465585147735720e-01
1.454895163705751671e+00 9.954656880315335687e-01
1.438317815856473114e+00 9.993610331504599875e-01
1.483169035895556709e+00 9.945772817044390424e-01
1.459899945691619294e+00 9.987815128332226955e-01
1.480212025483534477e+00 1.000466091141224201e+00
1.409780878102476542e+00 1.003872612843249357e+00
1.438068586934536430e+00 1.008324606978642013e+00
1.411665603761982801e+00 9.963935263971115397e-01
1.427675596409490488e+00 9.995444318129640404e-01
1.412711400371700732e+00 1.001002251061268167e+00
1.486636112663668685e+00 9.990475740499131785e-01
1.482968030096430301e+00 1.007442899615136112e+00
1.482485338727232094e+00 1.008859181826700757e+00
1.435156462757642082e+00 9.936096359073862683e-01
1.476961464340674768e+00 9.944992608721652250e-01
1.471617218544879480e+00 9.962358863346489901e-01
1.412299901501095967e+00 9.967298222827842835e-01
1.425911877027780328e+00 9.979322430629443685e-01
1.414367026258868787e+00 9.991128895220550143e-01
1.423728319445320079e+00 9.977274241987920123e-01
1.418287191395109836e+00 1.002596809423330626e+00
1.456547439892035056e+00 1.001636713859714867e+00
1.469823647460479998e+00 9.984092586278733306e-01
1.424943400707574748e+00 9.999780413588036376e-01
1.487678459513160245e+00 9.943831824432567412e-01
1.486997792583714784e+00 1.001557704877106492e+00
1.443648703383052956e+00 1.003039978852265257e+00
1.460761170925447772e+00 1.000677685103614323e+00
1.486144512789628447e+00 9.940135980944123650e-01
1.486433145310704695e+00 9.966867665805269061e-01
1.473470819448832625e+00 9.980401233050953946e-01
1.415747508334033622e+00 1.004991757976444466e+00
1.487973913235646206e+00 9.998062484977551234e-01
1.450780891772907033e+00 1.000509713390022037e+00
1.403886694717650929e+00 9.989917649636963493e-01
1.461011573924226203e+00 9.973213533379465812e-01
1.422084291370762754e+00 9.954722741671020447e-01
1.438634241237521039e+00 9.990620918476904588e-01
1.404447083151554532e+00 9.995026174061392155e-01
1.485193578356108768e+00 9.891715198097652539e-01
1.452527760098717646e+00 9.992976117455979468e-01
1.468317124843162347e+00 1.002226007107515526e+00
1.477885700412157277e+00 9.965123879181955191e-01
1.438060224004727550e+00 1.002193910667373622e+00
1.469347780231330391e+00 1.000628077252217141e+00
1.462857197559088496e+00 1.001072592097939085e+00
1.484662814132958308e+00 9.972483708130103208e-01
1.486069145109387701e+00 1.000207067187219856e+00
1.415143410732605522e+00 9.984852460381301587e-01
1.436139212524750519e+00 1.001429979166508444e+00
1.439623602029617366e+00 9.950423612804691897e-01
1.464074254057798674e+00 9.983812495523874952e-01
1.409952151355822636e+00 9.995629867646410593e-01
1.426829132229050279e+00 9.991049287111188892e-01
1.486172608658542504e+00 1.001191688730115770e+00
1.480427027400088802e+00 1.001295528758665787e+00
1.424034513263135127e+00 1.003270168189405176e+00
1.468557407271018134e+00 1.004992425945323342e+00
1.486074319239329533e+00 9.904145449052406125e-01
1.477155710619861395e+00 9.997615678491295066e-01
1.473102798873599628e+00 9.991026661631156047e-01
1.486050556929657596e+00 1.002535030550806283e+00
1.446248655303149944e+00 9.989439904516195234e-01
1.431762367490686749e+00 9.962956276346327522e-01
1.435570462596129415e+00 1.007094913340775388e+00
1.412069459212950351e+00 9.992583864547119887e-01
1.424524604297505270e+00 1.002640539463425462e+00
1.467992637277008017e+00 1.002316169710934179e+00
1.447143135918210310e+00 1.000448188515918435e+00
1.456966072396378875e+00 9.991988805463879464e-01
1.487258881733667160e+00 1.003609393108415127e+00
1.416358437039531681e+00 1.003589250425002799e+00
1.409317717695667049e+00 9.998025303057097579e-01
1.417589823144387084e+00 9.965959383889042567e-01
1.484149402009792507e+00 1.000369597413789613e+00
1.468716701227755550e+00 9.995803209281945989e-01
1.478947058246260493e+00 9.978342454571208497e-01
1.482692355366905801e+00 1.000104594761734189e+00
1.454261471190070765e+00 9.994359112061488304e-01
1.443863131656080601e+00 9.984269021366743990e-01
1.486258365708849505e+00 9.993565613974182416e-01
1.409526897520462896e+00 9.964080438824579611e-01
1.474230969195423402e+00 9.974158076093683212e-01
1.440514246737013337e+00 9.923065027722629550e-01
1.412580025892264945e+00 1.000166424398325704e+00
1.408972219192128561e+00 9.998462275174437863e-01
1.412306048224177601e+00 1.002402745346299362e+00
1.421664386495887999e+00 1.000215145521607951e+00
1.449607388688985088e+00 9.938913036375913723e-01
1.477245927512184975e+00 9.955803509378164939e-01
1.469920586059964451e+00 9.977143965673259673e-01
1.429810160279796349e+00 9.972932190947921827e-01
1.410579732518483453e+00 9.993951668258119758e-01
1.418787415196192114e+00 9.980262577362358778e-01
1.446802929298093066e+00 9.992767008216596469e-01
1.443082065183230123e+00 1.004643388205464838e+00
1.409327132984176334e+00 9.982741819090138469e-01
1.482830830913613118e+00 9.983395410668679526e-01
1.452245302185057652e+00 1.000551557110388901e+00
1.480115170618248266e+00 1.000905204729332754e+00
1.485921448593528149e+00 1.001768247227987851e+00
1.422428474532512865e+00 1.002867804571433874e+00
1.461469691024940953e+00 9.973735413386491944e-01
1.478274192785780539e+00 9.950616891639713080e-01
1.432477022997580951e+00 1.002408491001422597e+00
1.411744595234083688e+00 9.952552579490582252e-01
1.479837116943741426e+00 9.997862627811950897e-01
1.487199187512044052e+00 1.000593151612863663e+00
1.486480078610443512e+00 1.000009276503959876e+00
1.487581854689523864e+00 9.972414505997323486e-01
1.448247952744399658e+00 1.002036839252415490e+00
1.455517403544717370e+00 1.001955478198378380e+00
1.442016457431501752e+00 1.003427682099025553e+00
1.440554885857358691e+00 9.994224292053628389e-01
1.424717335418556496e+00 1.005061210691571949e+00
1.462204174878819263e+00 1.003094931141668589e+00
1.418411337034922726e+00 1.001072443296459280e+00
1.475016048497586274e+00 9.938309602799454412e-01
1.447778829991523741e+00 1.010541417722153446e+00
1.452327150734233907e+00 9.949254354828911406e-01
1.429775726134205893e+00 1.005143580726790997e+00
1.486185404307877933e+00 1.000514322572971793e+00
1.467773442677669848e+00 1.001404895688952967e+00
1.410683660461012900e+00 9.994813479813520196e-01
1.432377054202642164e+00 1.000228735566173643e+00
1.477815291886000360e+00 9.976639307246190080e-01
1.486726421739493986e+00 9.902576782425202007e-01
1.467116971607526077e+00 9.993676682596390748e-01
1.428462109988960504e+00 9.907651244521286094e-01
1.434443582358286617e+00 9.987192755933480548e-01
1.472997538984600396e+00 9.973894506442566588e-01
1.425683594431922163e+00 9.989802831456533472e-01
1.486264414930770883e+00 1.007475981477669258e+00
1.486590957837804261e+00 9.945125490989129569e-01
1.464694536943065506e+00 1.000773827255620807e+00
1.486719647113682985e+00 9.974421237067820911e-01
1.472363296785232034e+00 1.000163294111827028e+00
1.475666391191944093e+00 1.001276373811437415e+00
1.487682303969933617e+00 9.997258448296237887e-01
1.472770969515383666e+00 1.000476714796326272e+00
1.485087799786621865e+00 9.917149256860239293e-01
1.407294079552487753e+00 1.002706323616834982e+00
1.471053641250958943e+00 1.000815959248848586e+00
1.482824107196316188e+00 1.001202393841767124e+00
1.475270657118608275e+00 1.002036983975443718e+00
1.436132041820986638e+00 1.002636005175631784e+00
1.486098313784014691e+00 1.001468129783560368e+00
1.482402923889687418e+00 1.000457623253722339e+00
1.457197337550982130e+00 1.005548929126620861e+00
1.430905064608703814e+00 1.000797586708019660e+00
1.486253111678939032e+00 9.976150097960447827e-01
1.425283302089455750e+00 1.003241226564189015e+00
1.481216214937895348e+00 9.994691217474125366e-01
1.451816022160201447e+00 1.000662363946340561e+00
1.486451088221277805e+00 1.005654548099219392e+00
1.483735615929016260e+00 9.976092787003014717e-01
1.486027260221127078e+00 9.972751761492776312e-01
1.409706944793142736e+00 1.001894045862014027e+00
1.473028103972437552e+00 1.000586757189294573e+00
1.476575827087752701e+00 9.998083625206837244e-01
1.435151377897006419e+00 9.994176639133779405e-01
1.472147715810550039e+00 9.974927105659561200e-01
1.438241301698950370e+00 1.000260592040418617e+00
1.462852972693773790e+00 1.000073485640922355e+00
1.410866090900277703e+00 9.972816896156383448e-01
1.483226046811417342e+00 1.002530353496142057e+00
1.481185505740122865e+00 1.006117202083183004e+00
1.482794623537631029e+00 1.000143023315672508e+00
1.465907732776080996e+00 9.960592466521532851e-01
1.462734999249960088e+00 9.977794814561520287e-01
1.404709272486379001e+00 9.990158215036873957e-01
1.408257861766527563e+00 1.000604106123710091e+00
1.483947851428472742e+00 9.872079003050134860e-01
1.479540231672875183e+00 9.974666678959613897e-01
1.434614830703728527e+00 9.986859855001157804e-01
1.410529232474423855e+00 9.972389819371891839e-01
1.415972995122358746e+00 1.000711293229806342e+00
1.443693236532391788e+00 9.989281051453310356e-01
1.409671428511310776e+00 1.000973449314059405e+00
1.424185971915757021e+00 1.000463590494824029e+00
1.481191119275816925e+00 1.001226651752449293e+00
1.429049752202594670e+00 1.000718155698028911e+00
1.488505913832753436e+00 1.000468978619443616e+00
1.445184789975477502e+00 9.986364443483924935e-01
1.452475279581015855e+00 1.002339124091517375e+00
1.478525566985478212e+00 9.985317724762499125e-01
1.407877329578675729e+00 9.953941205360101740e-01
1.476699391475450041e+00 9.971952736274386497e-01
1.409074363085969894e+00 9.985020232643188054e-01
1.446161282375577395e+00 9.968789711328351899e-01
1.490125878055883035e+00 1.001887532671265291e+00
1.459010189710448824e+00 9.982392948384021247e-01
1.490013616084140846e+00 9.977680351594099273e-01
1.411856875193322036e+00 1.004359674057252461e+00
1.458858424275318200e+00 9.900212439293030187e-01
1.433473944915163223e+00 1.002573042342461473e+00
1.462781683994578197e+00 9.979154193962697095e-01
1.451451196845954694e+00 9.950141401728160861e-01
1.456161346087272879e+00 9.998143334634850277e-01
1.485683052158584205e+00 1.000880831097566759e+00
1.486698347949311882e+00 1.005533182730443675e+00
1.486334087216762301e+00 9.994324226789235155e-01
1.437009592726362639e+00 1.014749598176623469e+00
1.486672964423069399e+00 1.008139769424498455e+00
1.456357294256194645e+00 9.985991442689481357e-01
1.458891647619217524e+00 9.998324163187397584e-01
1.460800040871156114e+00 9.941328236764498394e-01
1.482215425013635457e+00 9.997866330576256066e-01
1.485324860403828051e+00 9.996064497763845758e-01
1.488041635998272438e+00 1.003838198210932342e+00
1.486418520066893567e+00 1.007276910670949377e+00
1.463609507647696706e+00 9.984729867813729731e-01
1.444492702309273069e+00 9.970477202541778716e-01
1.474133793597355968e+00 9.990514037322625329e-01
1.426356540964496045e+00 1.000344063671536166e+00
1.422885384854687851e+00 9.973410756816141198e-01
1.462929040185777074e+00 9.939500522831211660e-01
1.409406990747019695e+00 9.992107420594018574e-01
1.442807983926914339e+00 1.003254056984013154e+00
1.473348320893227870e+00 9.983718663766290025e-01
1.467143325833521361e+00 1.000298572971169087e+00
1.469784183670253430e+00 1.000126210814018313e+00
1.468326054832545857e+00 9.934771419987591390e-01
1.413135733306661423e+00 9.945114766391331962e-01
1.445773553452336602e+00 1.003926267682854201e+00
1.467507474313744620e+00 9.998852516069753893e-01
1.482744517186068034e+00 9.992692416741760786e-01
1.485118983153108196e+00 1.001284355896170375e+00
1.471376963430992335e+00 9.987937707114987740e-01
1.486141626151425754e+00 1.001089768487642084e+00
1.486152524855698820e+00 1.002188646700458596e+00
1.474253815650129029e+00 1.000497010878372395e+00
1.458997760201786065e+00 1.000539396915940404e+00
1.466308389728983252e+00 1.000254852452235221e+00
1.423260963823376191e+00 1.003381487446074027e+00
1.436908456816972324e+00 9.998934229058735745e-01
1.487084297094608543e+00 9.990400820666438531e-01
1.486346640560730625e+00 9.976809809727519296e-01
1.465594804296215914e+00 9.936312722483627846e-01
1.450300768414060304e+00 1.000201763379273912e+00
1.429287982102765309e+00 1.000130260433899743e+00
1.407877267074301830e+00 1.000822328249546311e+00
1.460754982582459505e+00 1.004979290346104781e+00
1.484349057359746427e+00 9.981956946972724287e-01
1.419918515694921002e+00 9.971524369564569446e-01
1.410048699807760597e+00 1.000743364362586263e+00
1.417510562380677186e+00 9.981983920346062522e-01
1.463035302361043399e+00 9.999921288909334738e-01
1.486951980728250522e+00 9.994102697558338022e-01
1.480585349758402058e+00 9.976473966138590388e-01
1.446540245491159116e+00 1.000681884212898387e+00
1.453970233901126896e+00 9.993020525334022075e-01
1.456783691521961632e+00 9.987669155256045928e-01
1.411514853289595139e+00 9.992555231571881302e-01
1.452407891611071422e+00 9.972865509828819919e-01
1.439011466413201656e+00 1.001828557811035747e+00
1.473375021998595491e+00 9.923995414894998257e-01
1.449498883442152941e+00 9.995776142684423826e-01
1.473732193486914532e+00 1.002647366936421092e+00
1.482530811127277470e+00 9.961167830094693754e-01
1.486293922659368771e+00 1.005494366817397012e+00
1.401517519551611635e+00 1.000876360165161794e+00
1.445062486985229322e+00 1.005203347374138412e+00
1.456103424131112156e+00 1.006900784460867948e+00
1.406758803267849745e+00 1.000606437455005437e+00
1.439647839109892358e+00 9.994065580958421124e-01
1.461944041260621940e+00 9.985488017824419860e-01
1.485319803950018835e+00 1.003150021921449087e+00
1.463675888042270001e+00 1.001509856242671193e+00
1.426966904895815347e+00 9.992891237884895528e-01
1.440930655905150459e+00 9.977106993841595717e-01
1.486006643373464664e+00 1.000345439315106111e+00
1.473945698370282775e+00 1.000665857593815877e+00
1.486306829553704079e+00 9.915708940140720573e-01
1.486383651425903674e+00 9.933623041512610330e-01
1.419765973952051619e+00 1.002856364024536928e+00
1.432141543118973237e+00 1.010162183736819097e+00
1.446166464610508129e+00 9.997021763668437755e-01
1.489707539651521584e+00 1.000072176563822746e+00
1.437550342076324705e+00 9.936913455280994567e-01
1.461634761517350389e+00 9.985649662972363449e-01
1.486202854711852650e+00 1.001532107553171125e+00
1.462105406001696473e+00 9.992124257400673004e-01
1.421292694546782087e+00 1.002677251215920773e+00
1.410534069409713931e+00 1.007359618041301585e+00
1.486533485357072415e+00 1.000917878975761566e+00
1.482342740653558755e+00 1.002719127110053732e+00
1.486160187572648894e+00 9.971694332449442255e-01
1.480544792146557986e+00 9.991446379017588919e-01
1.483895520438344606e+00 1.001253045867722236e+00
1.481795457051080511e+00 9.998070138052881362e-01
1.485892622729053647e+00 9.960383722854586619e-01
1.484894420682861371e+00 9.956236278298231657e-01
1.485530017324417695e+00 9.999202145486155713e-01
1.477458224019502442e+00 1.001565823436198821e+00
1.433660373026130586e+00 1.002272050674193116e+00
1.440207131406148644e+00 9.985563082333204221e-01
1.471271194297192775e+00 1.002143147270969648e+00
1.485501950486724176e+00 9.995624744492543901e-01
1.481438469798801449e+00 9.921892023553487983e-01
1.477599787584824353e+00 1.000694896432296366e+00
1.486091581658202543e+00 9.985243194090224206e-01
1.421773104399628007e+00 1.007258256999063128e+00
1.415659702603341952e+00 1.011413621554543507e+00
1.413191629729969589e+00 9.968604471265318789e-01
1.473549395568408249e+00 9.949196170584519994e-01
1.457543586354166143e+00 1.009460604462476985e+00
1.483291077818035264e+00 9.972761411945255672e-01
1.479049339168357680e+00 9.998965550991445461e-01
1.475369979392635811e+00 1.000503336249555009e+00
1.476828487966744374e+00 9.999214948424669513e-01
1.484533892231265417e+00 1.004735515005032331e+00
1.467273927744080275e+00 9.954100272131511939e-01
1.490258655419211209e+00 9.990731048258970626e-01
1.489553404165638639e+00 9.990433174741246702e-01
1.450690501450915493e+00 9.993087412364355382e-01
1.444388569064904093e+00 1.000283816666638348e+00
1.482994518683671714e+00 1.004062148283176636e+00
1.470647567752351170e+00 1.001019979578832375e+00
1.485233790572005219e+00 9.994339907840047443e-01
1.420618287544983760e+00 9.993893377155836921e-01
1.477879144005054712e+00 9.997432822279933573e-01
1.486483108392455899e+00 9.905177133366857012e-01
1.424518400129579199e+00 9.980854884370792268e-01
1.456604209045660125e+00 9.969846856098893983e-01
1.410224914557475007e+00 9.983163108519493845e-01
1.435634211889183831e+00 9.964507849162412834e-01
1.477564178506687309e+00 1.002090677160915044e+00
1.463020607193865841e+00 9.984418801976405744e-01
1.454916383842301819e+00 1.004221709724184564e+00
1.449943700809200431e+00 1.002501647343447599e+00
1.439683540809475470e+00 1.000198670086237529e+00
1.469475896902893819e+00 1.005494364222761838e+00
1.488136931735454027e+00 9.961373434199671806e-01
1.410580511800908932e+00 9.971061594647010473e-01
1.451983420702462002e+00 9.988933091257501395e-01
1.478049118335366563e+00 1.001040920779317833e+00
1.437482054349014771e+00 1.002824634836515738e+00
1.467802466464507516e+00 9.983494312587000152e-01
1.419055104481689256e+00 1.002283094621406301e+00
1.458401655852040069e+00 1.003173094595525949e+00
1.446345368986563740e+00 1.005661383682071364e+00
1.462475381247787753e+00 1.000612748019727105e+00
1.455227701018962927e+00 1.005740396106861168e+00
1.442759034682316921e+00 9.976153496520003827e-01
1.455683089447307843e+00 9.932861262445228379e-01
1.423432125035271945e+00 9.926266604040604458e-01
1.464089719806393575e+00 9.975649440146920899e-01
1.433039125756488064e+00 1.005219197014735277e+00
1.487622341424074568e+00 1.003064875101050468e+00
1.477930548879578643e+00 1.001201455131423224e+00
1.458504277812800787e+00 9.962033435360323486e-01
1.477775877227892387e+00 1.004386577066125996e+00
1.486012658428573330e+00 1.001764928728793747e+00
1.439535637167353999e+00 1.004565559255831797e+00
1.484749735509711677e+00 9.966083919277435310e-01
1.475620836687154380e+00 9.990516215095015529e-01
1.487165042786922520e+00 9.965956019980388714e-01
1.486118827783094121e+00 9.965574042598120963e-01
1.466095421943977239e+00 9.978120825967630170e-01
1.475719799517476893e+00 1.000252274016201204e+00
1.486439552228762118e+00 9.949039802985900627e-01
1.467813950746930551e+00 9.973666100071745255e-01
1.481296682059861869e+00 1.001246834240054007e+00
1.489442803720564035e+00 9.998559769084739424e-01
1.419160425114839974e+00 1.000651679102625646e+00
1.471131443008167228e+00 1.013485236671543666e+00
1.485624547213297397e+00 9.966321209034579853e-01
1.472493513815870569e+00 1.004954489182007915e+00
1.456275719791999546e+00 9.992709332037728043e-01
1.475149643020302381e+00 9.993425490201210959e-01
1.481342708822423804e+00 9.982560315105536430e-01
1.459219188786160970e+00 1.009432968298898503e+00
1.438112461342011761e+00 1.003502397109294453e+00
1.466873147548725997e+00 9.988074236168402731e-01
1.468671392510394691e+00 9.939222244515694138e-01
1.479802380637114556e+00 1.003486075013315215e+00
1.485861019992272380e+00 1.001887264561999835e+00
1.475427012299035390e+00 1.000607941999938744e+00
1.484360599130356562e+00 1.000698170908904450e+00
1.482950057067833338e+00 9.992444376256486294e-01
1.488761504428125049e+00 9.936653004348439122e-01
1.489278983835256476e+00 1.000254457952085785e+00
1.473488409755045137e+00 1.002398059988627077e+00
1.457245667521409604e+00 1.004967720716396506e+00
1.438675708928742969e+00 9.970326532049338386e-01
1.452718317313886010e+00 1.000530310631466913e+00
1.488185800675770665e+00 9.976796000750398630e-01
1.451543132262418379e+00 1.000482288563062649e+00
1.476935656759433835e+00 9.972587247118390730e-01
1.445523836605582257e+00 9.979036618258880775e-01
1.434210907205070828e+00 9.984603591129050937e-01
1.485071420843172119e+00 1.000859812835196649e+00
1.476770440195151135e+00 1.004723641295058201e+00
1.484971946702615675e+00 1.000605333553628240e+00
1.455029057758342015e+00 9.951741794298121224e-01
1.431313678983636484e+00 1.003569447272411930e+00
1.421463742890604287e+00 1.005383814463322478e+00
1.477525517220351858e+00 1.001824881835459147e+00
1.485783603782280915e+00 9.997905921451849531e-01
1.409456949522713831e+00 1.001117095951562508e+00
1.439932555717844398e+00 1.002118433799301656e+00
1.477317944082132239e+00 9.947335606286513698e-01
1.409565590744183083e+00 9.994502670310927428e-01
1.460783490198215517e+00 9.975719175960704455e-01
1.486467985482265108e+00 1.006597199104136697e+00
1.431372803592668497e+00 1.000830757545122296e+00
1.483240794664316020e+00 1.001033322396427394e+00
1.418005270205122237e+00 9.976936858954317255e-01
1.409489951016627662e+00 1.004149795182733174e+00
1.482756401925114265e+00 9.955925742115429022e-01
1.486771887529614311e+00 9.937609772491207139e-01
1.487065397971534475e+00 1.006283399903346698e+00
1.444916694905358900e+00 9.998086737309120897e-01
1.478705196497715590e+00 1.004528379764608070e+00
1.476323317137776092e+00 1.002248730053061587e+00
1.426785133376584858e+00 9.978121300015642126e-01
1.464935036091064235e+00 1.000213311636321212e+00
1.449792121049973792e+00 9.998466633543934279e-01
1.462747423401393965e+00 1.001159517954390399e+00
1.451309255536653131e+00 1.000118110932263882e+00
1.468984080143664217e+00 9.961809098007866625e-01
1.409617983445250466e+00 1.000823206016335121e+00
1.409563114503681103e+00 9.992496298966917490e-01
1.480701811550916736e+00 1.000384967736785979e+00
1.471750268343423818e+00 9.923686076418491986e-01
1.486731259321742105e+00 9.980531058654078524e-01
1.440041128841426765e+00 1.002768692063909395e+00
1.430418570773542841e+00 9.946582206097243084e-01
1.465512255333251357e+00 1.000072655512444841e+00
1.487985979278191540e+00 9.985435083667327794e-01
1.485767320930477808e+00 9.996306752638978166e-01
1.487259918103725376e+00 9.911098001728475548e-01
1.486898968108848251e+00 9.928642498363322577e-01
1.485441862680696667e+00 1.002791176959676012e+00
1.486616035470874175e+00 9.989171148558995128e-01
1.434638551483181423e+00 1.001381626414763915e+00
1.482549410248934274e+00 9.999200236300591627e-01
1.409814454877317935e+00 9.999027198751377910e-01
1.437157695376632960e+00 9.965740031173521141e-01
1.487714558377090102e+00 9.893092910780426630e-01
1.427595242604446257e+00 9.999148337088459293e-01
1.465384175768780217e+00 9.848559554297962038e-01
1.459631439475115089e+00 1.000652992396545926e+00
1.486062950423570728e+00 1.006964621689610206e+00
1.448946794230353108e+00 1.001659386281551933e+00
1.487520395811182450e+00 1.000029501280438549e+00
1.453769270550572257e+00 9.951350901369424573e-01
1.461213172341504274e+00 9.976544787582195539e-01
1.463421708338541460e+00 1.009778532415808172e+00
1.452228050127186254e+00 1.002459115402585255e+00
1.445317922750807282e+00 9.991702061996969864e-01
1.486682210555816619e+00 1.000437210502158170e+00
1.486402330092929880e+00 9.987313017422537742e-01
1.487403452828412576e+00 9.876891761635655520e-01
1.447727504791770370e+00 1.010235676517906134e+00
1.486648982733995705e+00 1.002850697978757699e+00
1.470360494942055452e+00 9.995087744078517966e-01
1.486314027271889548e+00 1.001038664146359114e+00
1.444599592360480633e+00 1.000413628238945085e+00
1.486095759823316653e+00 1.002695840521089954e+00
1.486876295675810367e+00 1.002000907063744339e+00
1.409810431149267851e+00 1.000514523537473943e+00
1.486706718556156659e+00 1.007406864374533306e+00
1.489533735103818479e+00 9.998909940538920349e-01
1.432168439993435127e+00 1.006883939657415405e+00
1.486394069611699731e+00 9.948932975484142682e-01
1.485560657858127742e+00 1.007295454174808924e+00
1.485438857695210446e+00 9.922739421142888760e-01
1.448714835624218100e+00 9.990208285219986939e-01
1.486272526021040097e+00 1.001105783251497128e+00
1.455351356058725898e+00 9.990674558404724070e-01
1.475227337387112758e+00 1.000959805532952274e+00
1.451190330449803279e+00 9.990901193003901559e-01
1.472527895154142730e+00 9.982102409222018968e-01
1.471207465587670127e+00 1.001323792929948331e+00
1.463941198583566194e+00 9.997945753571979566e-01
1.485997699009647288e+00 1.000260171271368792e+00
1.485638867276377395e+00 1.002824007054974764e+00
1.488805415570671586e+00 9.994504549006079097e-01
1.487577592968586382e+00 9.912384655041234227e-01
1.480569663634141220e+00 9.980761485821775247e-01
1.487121079064469997e+00 1.006457108360979680e+00
1.444716287915035036e+00 9.978149521577811543e-01
1.455752800602263308e+00 1.005786152157533309e+00
1.479062444767658135e+00 9.999753655667249497e-01
1.481912892576596752e+00 1.001075323831104091e+00
1.453008287448357638e+00 9.969775999049280690e-01
1.487539049331590979e+00 9.971295465726690566e-01
1.439772113694992584e+00 1.002690899095644905e+00
1.441104092003188120e+00 1.009296233864950931e+00
1.471049967577272577e+00 1.001015186081576580e+00
1.454256712817416419e+00 1.000817396170863294e+00
1.468507277385679544e+00 1.007850017110724306e+00
1.472076201398964779e+00 1.000421834610666805e+00
1.443434283019833897e+00 9.999652523308421026e-01
1.486195416347835252e+00 9.972647416654981667e-01
1.482365578339409407e+00 1.001067882734950620e+00
1.490180987805278967e+00 9.989673394365854442e-01
1.485417411518762831e+00 9.991405616100075271e-01
1.450353720962604509e+00 9.956953185432505515e-01
1.475932723029519833e+00 1.001472696877770963e+00
1.467225865413420260e+00 1.000782119515935875e+00
1.421275664845442543e+00 1.006936887401397529e+00
1.483431578297579323e+00 9.996265239852635265e-01
1.469424714984263414e+00 1.004899169404673609e+00
1.474651007710126915e+00 9.909493060135340370e-01
1.473391295350019004e+00 9.974615424935632246e-01
1.478378996932479428e+00 1.002589025664538447e+00
1.484970045024821550e+00 1.007321000128102551e+00
1.489714851971715159e+00 9.991930617626119115e-01
1.467293432634525496e+00 1.001247674920061614e+00
1.482689853740897679e+00 1.002554388852062939e+00
1.486540621648096083e+00 1.001738339497836527e+00
1.460281647608064004e+00 9.986243837219983543e-01
1.467046778055877132e+00 9.990980307166884566e-01
1.469372122524932101e+00 9.986774813531318351e-01
1.449810533050554850e+00 9.946186803099217322e-01
1.454113902423272986e+00 9.987733857899548928e-01
1.442646296772549741e+00 1.007307387066936011e+00
1.486162684398501410e+00 9.965131994780254132e-01
1.487010160630241717e+00 9.944755886199615480e-01
1.486559658345353307e+00 9.967699356416508394e-01
1.486145689840856710e+00 1.000996628660099530e+00
1.482731414747769039e+00 1.000044266428271600e+00
1.482619838708466364e+00 9.999054882278142209e-01
1.461420125799311354e+00 1.003258486931487781e+00
1.477805623312725913e+00 1.002120180880971212e+00
1.440532129546184814e+00 1.004720610021856864e+00
1.472908657229438756e+00 9.972572116717715041e-01
1.454795100059426582e+00 9.987682994729721875e-01
1.435949408618854006e+00 9.970854957705588273e-01
1.476808336959491763e+00 1.000323338559015562e+00
1.416522807669184481e+00 1.001051126891963294e+00
1.419238507288537399e+00 1.000996610046884561e+00
1.442963243399341788e+00 1.000252908573961319e+00
1.484903672396725050e+00 1.000882208697706277e+00
1.484386546863591505e+00 9.979102851406204122e-01
1.428560256142356044e+00 9.945479617020941410e-01
1.461849354093477382e+00 1.001640202781427957e+00
1.467471770869836600e+00 9.971619676570150359e-01
1.485625992585535737e+00 9.998438253373542750e-01
1.487385135984116147e+00 9.943526995656913892e-01
1.437068485816352492e+00 9.997384247890347408e-01
1.445126442958858393e+00 9.987957708524247691e-01
1.434786909758369200e+00 9.981354109169412459e-01
1.462796598243920165e+00 1.004030384801414044e+00
1.480834253371440257e+00 1.002185279498989834e+00
1.486122702931655049e+00 9.971340228001379646e-01
1.448990265439058733e+00 1.000137155026698421e+00
1.478593335664478925e+00 1.000519264136243480e+00
1.466355379978624862e+00 1.005338866669863274e+00
1.456589761453150000e+00 1.006259731124972134e+00
1.458847703614001512e+00 1.005474472444244816e+00
1.454256021767769136e+00 1.008231892233681926e+00
1.486109085284618159e+00 9.990681465302679864e-01
1.456879031608952157e+00 9.998781923683228712e-01
1.441488316477434140e+00 1.000531251144908262e+00
1.477759440281125380e+00 9.954816528025027811e-01
1.461406032004728406e+00 9.916541754011207743e-01
1.415615196944377097e+00 1.000757424523243566e+00
1.469642079620872677e+00 9.981496980467142732e-01
1.434686162576546353e+00 9.996930889808997023e-01
1.439180502958623320e+00 9.999887673776445274e-01
1.461501476374473141e+00 9.900240567315350404e-01
1.468425454661433260e+00 1.004668709718795849e+00
1.487210404012088150e+00 9.864524009403843330e-01
1.484167009564138828e+00 9.973665132058674443e-01
1.409833846247796618e+00 9.877937206602912523e-01
1.480113878389728299e+00 1.000630316368545714e+00
1.467452409302023364e+00 9.982703420952719897e-01
1.472364333143355575e+00 9.992658059525830749e-01
1.408229624072035335e+00 1.001027293572448684e+00
1.431185700910857950e+00 9.999273778526918122e-01
1.489250949956970826e+00 1.000118737972181204e+00
1.491750908018641075e+00 1.001303769426895363e+00
1.480860969850792630e+00 9.992329148564291774e-01
1.468217398138121688e+00 1.000518609856755115e+00
1.472196687556195149e+00 9.935044644636769062e-01
1.432895465260272339e+00 9.950054275986086605e-01
1.441417594280845815e+00 9.970684578566434419e-01
1.486031604415502194e+00 1.007955014899796886e+00
1.486434640406842478e+00 9.905351572668578131e-01
1.438836312058758837e+00 1.003273801960146816e+00
1.438643316139981421e+00 9.999747006443712172e-01
1.487602373706369496e+00 9.937534611339501334e-01
1.450297117261762248e+00 1.001506353055877208e+00
1.487725612265275776e+00 1.002155620751745913e+00
1.481593455867992626e+00 9.974054623274249964e-01
1.487712381394514338e+00 9.997254926085520355e-01
1.482700069074193161e+00 9.984882519392187517e-01
1.480439181459554776e+00 1.008721292305353678e+00
1.480033932368268745e+00 9.997535562182162661e-01
1.480556756601488999e+00 1.001448577798648154e+00
1.453590383833496258e+00 9.982514318461366276e-01
1.459475257960234140e+00 9.991156777955910728e-01
1.486074346960297943e+00 1.002357913670276712e+00
1.456803944942208329e+00 1.000207042702315086e+00
1.486141314606399089e+00 1.002068170131763081e+00
1.487187903548225387e+00 1.001266512789656948e+00
1.422161472600430354e+00 9.970233039881009063e-01
1.423674990207024038e+00 1.000412238242330165e+00
1.410270401969520027e+00 1.001411579483269199e+00
1.439869936227476499e+00 1.001101340462893230e+00
1.426887241888560531e+00 9.999632346483596779e-01
1.420544902255210573e+00 1.000512075129573297e+00
1.489591306555043904e+00 9.980562831832207049e-01
1.476617907357536286e+00 9.999491784576076681e-01
1.487301057081665823e+00 9.937792313060130889e-01
1.474146754993843400e+00 1.003031369129509631e+00
1.481648643616397143e+00 1.002146350988184498e+00
1.427344843669512420e+00 1.001848803276156774e+00
1.477493583357735396e+00 1.000985160620926129e+00
1.473261885156995854e+00 9.995542257507915584e-01
1.469313122686093154e+00 1.008907345555515089e+00
1.476943787658846263e+00 9.996214061999515454e-01
1.474529608226195387e+00 9.995963221452496272e-01
1.423414347405268954e+00 1.000789224790040288e+00
1.486548440444797947e+00 1.002719890144151194e+00
1.486205461685861540e+00 1.002988224434647080e+00
1.475522006109185824e+00 9.990974783537035497e-01
1.485291446518171909e+00 1.000996062771737138e+00
1.454941978423216264e+00 9.993317380615260870e-01
1.469086713475990846e+00 1.008489529913512150e+00
1.460808610758252302e+00 9.963160935360885206e-01
1.473355749560613992e+00 1.005173897737034361e+00
1.427345458570502990e+00 9.985655734764093960e-01
1.432545639032193119e+00 9.989561045311211585e-01
1.470767108520202981e+00 9.989331355760701081e-01
1.449871519876482884e+00 9.951629669943450329e-01
1.446009637100480250e+00 1.014122258609884364e+00
1.486367675105213282e+00 1.004621792956132298e+00
1.487167422025444274e+00 9.977790186109506410e-01
1.481132974071597053e+00 1.000018244517498989e+00
1.468615092737481476e+00 9.954180141919587443e-01
1.440437529981420939e+00 1.005698232730201536e+00
1.428096137034760904e+00 1.012750955954498044e+00
1.482414189407676552e+00 9.986274910901860036e-01
1.468292672096559448e+00 9.896672769705538997e-01
1.481873011306045429e+00 1.002764981023248403e+00
1.485194600743231952e+00 1.002054343460689445e+00
1.472517344588896382e+00 9.975169450869133536e-01
1.439599006165775075e+00 1.002658077964782457e+00
1.486159293064902576e+00 1.000302169488761717e+00
1.461439292660448031e+00 1.000630570753677340e+00
1.463764876305846840e+00 1.011912930889289131e+00
1.482618404208023044e+00 1.000718871901097540e+00
1.476656988329812403e+00 1.002667291209693889e+00
1.420836889965937155e+00 9.952988448085097195e-01
1.488184473562774723e+00 9.970009910211691251e-01
1.471916305485911458e+00 9.998127191543119130e-01
1.464302094596276138e+00 9.993774454650270478e-01
1.482810461988834261e+00 1.000421167167143244e+00
1.484880682044451117e+00 1.001095168350058850e+00
1.486172470513043908e+00 9.977734904387211001e-01
1.478194214993322042e+00 1.005883092472936724e+00
1.484810188860603342e+00 1.000928102300139289e+00
1.485869682287482396e+00 9.953966872972361823e-01
1.486246915660279111e+00 9.996564997486377946e-01
1.487559925981396081e+00 9.965232220754731696e-01
1.485272740028631411e+00 9.999531512499001407e-01
1.486961886787598441e+00 9.957134342372134794e-01
1.486046603363250229e+00 1.002963623318573028e+00
1.486354320135671481e+00 9.995438292601795949e-01
1.451914206911606220e+00 9.990635228961924907e-01
1.473360821799179154e+00 9.999708486875430458e-01
1.446141112528023465e+00 9.999256203268305221e-01
1.487726457042872319e+00 1.001546529957272114e+00
1.485995826962084543e+00 9.967211083650666659e-01
1.486120138970386639e+00 9.960365692835191354e-01
1.482148413966980716e+00 1.000072288194309156e+00
1.465508716462751382e+00 1.006607963428026054e+00
1.486319599471333852e+00 9.961435154532800595e-01
1.486308245072795131e+00 1.006844677906293617e+00
1.486425785851512194e+00 9.997302650220363240e-01
1.456351660054648223e+00 9.993256131535719344e-01
1.485875157111671063e+00 1.002983826821687741e+00
1.486236892828617595e+00 9.983328822480863618e-01
1.486915986214798036e+00 9.977992245064354337e-01
1.486163705125509882e+00 9.948329197517900013e-01
1.432509843048955123e+00 1.002524215206265445e+00
1.488529919212644215e+00 9.971003069052275514e-01
1.486304185314119675e+00 1.000622869758306166e+00
1.486292981487470577e+00 9.970411360219324504e-01
1.456389233983174769e+00 1.014275419615049190e+00
1.463811216638228219e+00 1.005451447141244126e+00
1.411581213429062398e+00 9.997386310197352577e-01
1.485519330664595739e+00 9.925701687785756233e-01
1.487335350729944716e+00 1.005544978694265845e+00
1.452152471386908061e+00 1.004622354386900174e+00
1.487486132386358184e+00 9.977880584514697837e-01
1.406065631058092125e+00 9.996745706351012339e-01
1.425375397559775825e+00 9.971666056934024303e-01
1.486848398992985709e+00 1.003774724431886423e+00
1.475366006977486100e+00 1.006961597247911788e+00
1.464243703107707129e+00 9.893495781475741824e-01
1.430519687628234005e+00 9.933703727160485553e-01
1.439269660136899498e+00 9.995349035241215541e-01
1.482152567946542154e+00 9.985097488796634835e-01
1.478277897452786149e+00 9.921224707691337352e-01
1.467166519513188883e+00 1.000188236621292415e+00
1.434358099835170597e+00 1.000427032589868093e+00
1.458344566575650036e+00 1.002849118662851646e+00
1.451251817836200830e+00 1.000797748034183643e+00
1.470889311947478628e+00 1.007075247583849364e+00
1.437476947269100469e+00 9.999398259751136608e-01
1.476726411802451455e+00 1.004238558800010006e+00
1.484422300436081255e+00 1.004013543707266365e+00
1.487856664453875544e+00 9.955413560744571511e-01
1.486106450546204716e+00 9.991707065659147791e-01
1.471797211511150838e+00 1.008795789539349785e+00
1.471120441683293700e+00 9.937582876611511518e-01
1.486069571236370956e+00 1.000418921163715336e+00
1.487929493805029146e+00 1.007293832829458280e+00
1.488499307601610200e+00 9.958968297728815200e-01
1.484127109018076096e+00 1.000823204434244884e+00
1.486080359061373812e+00 9.997752832775306242e-01
1.453634680945763424e+00 9.993130970170116534e-01
1.486005252738389792e+00 1.001502571550198617e+00
1.482927610282717801e+00 9.957354270626981307e-01
1.457235234747904729e+00 1.002868289448161532e+00
1.458032404479163935e+00 9.995664048609057550e-01
1.445608257713937750e+00 1.004123359313894959e+00
1.491589304010832784e+00 9.995160842130017542e-01
1.457249752865615200e+00 9.956174470966726586e-01
1.472524582883456556e+00 9.982024436647020105e-01
1.453024677195315473e+00 1.002166371971214387e+00
1.472377989262923625e+00 1.003433938250319013e+00
1.466962976514619488e+00 1.006553227719315213e+00
1.484699631695118205e+00 1.009074358860652110e+00
1.485230055654136461e+00 1.002058682737731798e+00
1.451686319193278285e+00 9.996166447223870932e-01
1.463440667507274862e+00 9.992819500314178427e-01
1.444766535488468451e+00 1.000700144393484869e+00
1.484814476823880236e+00 1.001374320129730711e+00
1.429757955614796128e+00 9.995490292158936141e-01
1.478637775052858094e+00 9.967764484458906393e-01
1.486932257751132580e+00 1.000543234311819463e+00
1.478056661254948168e+00 1.002227899247241982e+00
1.475952528247445494e+00 1.005159261409384941e+00
1.449498186597967919e+00 9.993564174183561244e-01
1.456518022869492057e+00 1.000869499067475799e+00
1.477394317122027845e+00 1.007838565194126845e+00
1.474608062110938533e+00 9.920619116602839016e-01
1.462855588776160509e+00 9.956849637807451137e-01
1.416380921587051533e+00 9.983846733563793707e-01
1.485216809729799969e+00 9.994580327328090874e-01
1.427361361242309723e+00 1.000786662677674466e+00
1.436691691930419568e+00 9.999241771310999338e-01
1.459275280423862675e+00 1.000985327303039796e+00
1.486126511687352991e+00 9.993020323328748455e-01
1.447250963530696932e+00 9.996569140256148511e-01
1.485977573136125995e+00 9.970757050247798237e-01
1.477395964954860252e+00 9.977587694028312582e-01
1.465757285654454734e+00 1.002302844505903456e+00
