-1.006609734703948877e+00
1.879530185555961186e+00
-1.319566303116539441e+00
-9.220073327017629383e-01
1.963374347111714435e+00
-7.273123818378923744e-01
1.654173466013880267e+00
1.847688473599488956e+00
2.418370684515988689e+00
2.168777857683717336e+00
2.248780890167157320e+00
2.447984965446579064e+00
-6.426316489605752302e-01
-6.088485740570572791e-01
-6.013502804015931069e-01
-6.673949132965171227e-01
-7.655119967449556251e-01
2.307608775393625855e+00
2.553895870473190222e+00
2.513952639527298416e+00
2.311713124502631000e+00
-5.816489299597952245e-01
-7.858940642360773277e-01
-7.762846601125190649e-01
2.000736198467449434e+00
2.252078180839721888e+00
2.161130246573714775e+00
2.431752093638234413e+00
-1.007648046891195026e+00
1.613393770127653282e+00
2.191775467826603041e+00
-9.627244702468757964e-01
1.968708208451829700e+00
2.255054547720279245e+00
2.018534612881667023e+00
1.993152970248033951e+00
1.944557344814535016e+00
-8.108720008836206583e-01
-1.274312324146026798e+00
1.937539012502032865e+00
-1.332461047703421997e+00
-1.287090147813037211e+00
-1.406022379243179632e+00
-1.332000948421017572e+00
1.951355738351567393e+00
2.279175868775716651e+00
-1.336345442093003211e+00
-1.476677547210313968e+00
-1.546749588761195282e+00
-1.179993020441035378e+00
1.818372077882805860e+00
-1.172726718219472719e+00
2.563351474485351389e+00
-1.350035454777458455e+00
2.115795930340307329e+00
-1.042042324516613050e+00
2.066292832388096468e+00
1.900798369805900112e+00
2.264795541993518846e+00
2.041961856948091736e+00
2.173469641681115228e+00
2.081998459968429138e+00
-9.436948544014532869e-01
-9.096741370476908450e-01
-1.027966778105386059e+00
-9.753271649200070392e-01
-1.222711950132470582e+00
1.869536031920783437e+00
2.061654911807762947e+00
-9.133832047781207386e-01
2.292556854307816749e+00
2.315818282935735883e+00
-8.489285558639748652e-01
-8.882275840114469689e-01
2.253355358133819930e+00
2.227597006819509229e+00
1.943387272457750559e+00
-1.047319625436812007e+00
-9.943263219292445276e-01
-8.531621586847403238e-01
-8.662895178140496144e-01
-8.471450993753616432e-01
-1.184433878057911782e+00
2.034870987942758891e+00
1.630195374975017097e+00
1.873830464952541464e+00
-1.227350229895140421e+00
2.154819627232317014e+00
1.569056651587636964e+00
1.766471700518738031e+00
-1.415751362443912642e+00
-1.530384479855901869e+00
-1.511892171681946007e+00
1.713635112519342085e+00
-1.527204882110153372e+00
1.575363873383549773e+00
-1.564620873424105607e+00
1.500584242050674311e+00
-8.194267179814787028e-01
1.929514866426761843e+00
-9.066613167994727052e-01
-1.246971871269383358e+00
-1.183034492928134229e+00
2.072337129152296953e+00
2.015272271417771766e+00
-1.033336054491759581e+00
-1.029847628910820934e+00
2.070526765854992846e+00
2.146726002600039873e+00
-1.068313323777312585e+00
1.924339423492989143e+00
1.946830723715622158e+00
1.875017773967449619e+00
1.897894598972550861e+00
-1.012160593525502472e+00
-1.170964504048277899e+00
-1.217218073228005348e+00
-1.203687310802992405e+00
2.473252216845384321e+00
-1.234589874742061832e+00
-1.068718524276061510e+00
-9.894042585905755693e-01
2.001282154742102914e+00
-1.564213115334034399e+00
2.164171160074852107e+00
-4.345275349353459604e-01
1.967604419419513695e+00
1.902185254157100935e+00
2.152506670683800305e+00
-9.624926453656514891e-01
1.954848129411602020e+00
-1.187523092362226862e+00
2.200139760320774851e+00
-1.530089270772307275e+00
-1.007110843331921135e+00
-8.934938844108293310e-01
2.034862864397578797e+00
-7.847935591112664699e-01
2.268114092530479908e+00
1.976228864970416721e+00
2.061594515737729783e+00
-1.094093503053927163e+00
2.019350362503793406e+00
2.123471215032868287e+00
2.086790182159986795e+00
2.065980043623053319e+00
2.101742865842995744e+00
2.126418664724129659e+00
-1.022171851191443936e+00
1.996529187143180284e+00
2.001177207917091305e+00
-1.111383099937521379e+00
-1.202346373867416052e+00
-9.256033814880915145e-01
2.044297569791666547e+00
1.991208348852166798e+00
-1.445516008387635720e+00
-1.134694175536304916e+00
1.972659015380412217e+00
1.780890311357536060e+00
2.042646833326703604e+00
1.958940326696513967e+00
1.615595622159334610e+00
1.583169098168094369e+00
2.537167908553477069e+00
-6.565882696159476284e-01
-1.105049247250701638e+00
-1.496184331737141937e+00
2.446146521876583435e+00
-6.418324447828055446e-01
-8.003085589292038282e-01
-8.990925559690043922e-01
-9.979895107825043077e-01
-7.461938013942780445e-01
-1.063633050270026414e+00
-7.404580519968299024e-01
-6.936555799664921862e-01
-9.007314013730302049e-01
2.141720504474321274e+00
-1.031064794944630103e+00
2.113590058865877808e+00
-9.456114846926005901e-01
2.439158473297602381e+00
2.267594685573877111e+00
2.466836036314129288e+00
1.899496957332983182e+00
2.006959853266742755e+00
-1.036705326997740872e+00
-1.097973565314612765e+00
-1.269726220741556943e+00
1.939377793828908292e+00
-1.150517917254938238e+00
-1.137998827774081789e+00
2.055330318777238041e+00
2.072056331180660127e+00
-1.230113649973301193e+00
-1.114585957944061789e+00
1.923411223396622072e+00
1.961435980541895052e+00
-1.099766301621260434e+00
-1.029248700303942554e+00
2.024842040713545899e+00
-1.132124082045228963e+00
-1.094443697235951030e+00
2.096316418246011448e+00
-1.206932274669068050e+00
1.946061686193356621e+00
-1.072243449360766654e+00
2.039446610318517372e+00
2.018487827053329742e+00
-1.165475709685730221e+00
-1.037166921604173231e+00
-1.176998582609622090e+00
2.205109531261538081e+00
2.179434694301688680e+00
-1.065241812174033242e+00
2.520146518518083134e+00
2.242934096928368426e+00
2.484917643744139593e+00
-1.109298294642556693e+00
-9.506210593509386575e-01
2.224764629626630352e+00
-9.741298808082445859e-01
-9.451595861767460027e-01
-9.086265894897761486e-01
2.445077407210896059e+00
-7.253850197021902702e-01
2.040606965141599005e+00
2.088448423913075835e+00
-1.122238696713345529e+00
-1.129623811854146176e+00
-1.098345032977210867e+00
2.066090489433790811e+00
2.548578164319342143e+00
1.703196582856752350e+00
2.193109449115780318e+00
-8.774457511811152299e-01
-1.085905175272360967e+00
2.105009144780242369e+00
-7.371544137025295429e-01
2.270599219104530775e+00
2.035257980535559508e+00
2.058230279634824633e+00
2.014326099994685926e+00
2.021438238374337004e+00
2.019936969296718843e+00
2.019748850297501175e+00
-1.169560632433780611e+00
2.057441002129051899e+00
2.142203850311914071e+00
-1.330721903191589561e+00
-1.543643922777938160e+00
2.541126756813049781e+00
2.437051521458085457e+00
-7.313285691563604640e-01
-7.999437950377261686e-01
2.580376948680598304e+00
2.467412386116893064e+00
-6.566870277185379301e-01
2.213797054845422885e+00
2.148033231948689004e+00
2.362499197157524211e+00
2.482100421938874035e+00
2.359675990457069439e+00
-6.983184559825225124e-01
-9.608470350826263662e-01
-8.375534827502775226e-01
2.166086989633458693e+00
-7.673251087041439433e-01
-1.341159933988478770e+00
2.059386263712402076e+00
-1.219191080125737292e+00
1.827846388159250601e+00
-1.439451863262362741e+00
-1.134057666500914996e+00
1.849978651049736911e+00
1.809079973606845027e+00
-1.353477192832314824e+00
1.914635155834781166e+00
-1.217837838086279767e+00
1.943592778333677495e+00
1.713404506051951826e+00
-1.371490998014918805e+00
-1.332677121263993181e+00
1.940562283893140227e+00
-1.213453412580596025e+00
1.625375859092051289e+00
2.245729451245787267e+00
1.721851328556294858e+00
-1.167391923929929964e+00
1.973711338635624868e+00
-1.413288135479559671e+00
-1.114109194782542334e+00
-1.035379267804898529e+00
1.996975299518821245e+00
-1.552730282608534296e+00
1.681423635748123813e+00
-1.389494000652147232e+00
-1.452513902222227093e+00
-1.227673849432947106e+00
2.215044462863731134e+00
-1.115248441938408330e+00
-1.163504165952098379e+00
-1.061666826786622719e+00
-9.561829082376328559e-01
2.186234704496014203e+00
2.033610871118257890e+00
-9.587528810659385892e-01
-8.887196100586460812e-01
2.064072244643957443e+00
-1.081495424693057705e+00
2.049549009866089122e+00
-1.102319168689918527e+00
1.965515117088335595e+00
-1.246390713047047294e+00
2.285513013136477145e+00
-8.487851911355470680e-01
2.213507279334297806e+00
2.252359234120242526e+00
2.190768956971928638e+00
2.228961535082830014e+00
2.244294126922965482e+00
2.289784600938025161e+00
-8.450656880345116528e-01
2.348488986134166012e+00
-8.691745742773743233e-01
2.119062988553000793e+00
-8.733029212156812049e-01
2.197615226000122934e+00
-9.720640397247966025e-01
2.145923789239147617e+00
-9.861137407669471333e-01
2.078270861054155816e+00
-9.980346368415435876e-01
2.140806014970631832e+00
-6.912772595808058806e-01
-8.619858499663564100e-01
-7.452932044823480373e-01
-8.297637078400871280e-01
2.003733924764712349e+00
2.388199023754441708e+00
2.047052934725549278e+00
2.272234079822722741e+00
-8.590432086510216836e-01
2.479854795672678414e+00
2.128260340071697510e+00
2.038818553090987695e+00
2.237433175658902318e+00
2.049959644814800086e+00
-1.295294801079664104e+00
1.994998878892566996e+00
2.097532227863669441e+00
1.977896082632835784e+00
-1.153277471985064695e+00
2.425774287469250723e+00
1.887770523845411663e+00
-8.115202639754179881e-01
2.253819795491461164e+00
-8.689455334635188821e-01
2.377859528044558246e+00
2.310107441136034279e+00
-1.503891001265460270e+00
-1.550218230719956569e+00
-1.535650011158192552e+00
2.283632306278048141e+00
-1.017290697136513877e+00
-1.053213346136594009e+00
-1.254302328304148118e+00
-1.282473524694030198e+00
-1.262386572808311014e+00
2.198123700779253564e+00
-1.097155894383573749e+00
1.946291386250213806e+00
-1.173610197315109405e+00
2.069841242388089864e+00
2.222201394894677051e+00
2.149862990167991317e+00
-1.156231823877238885e+00
1.958811888396851719e+00
1.981898056521225637e+00
-1.164535213231312039e+00
-9.552082644702889480e-01
2.255757951794460148e+00
-9.889759155069873797e-01
-9.931487580079041422e-01
2.190072908353924319e+00
2.194987092663361228e+00
-1.031198553316573507e+00
-1.214712562488576841e+00
-1.219123191880593149e+00
-1.150793072007090689e+00
1.905593511941714224e+00
1.878018361065846076e+00
-1.187446204841805741e+00
2.145339075996833156e+00
-1.148011288566144872e+00
-1.212232248528190004e+00
-1.187480172767182429e+00
1.945182930005627364e+00
2.127417599878839383e+00
-5.574384778005385677e-01
-1.235599844034168004e+00
2.293485430475056042e+00
2.115847072704103216e+00
-4.969444217447238077e-01
-1.006294338429879476e+00
2.171784473687053740e+00
-1.247834007032863513e+00
-9.513999240023374160e-01
-1.130824826213628453e+00
-1.661931286299239252e+00
-7.797334493509424647e-01
-3.554467420856851634e-01
1.600500987261827879e+00
2.602114426380915724e+00
2.040964843848823929e+00
1.852613192190560198e+00
1.913513507344683173e+00
1.606440282592076940e+00
-1.065135262166828634e+00
2.221837629091566235e+00
2.134841724585780920e+00
-1.001646379805930964e+00
2.065179009857613046e+00
2.079614318504593218e+00
2.360219602890622603e+00
-8.950918876632626420e-01
-9.751544626762324031e-01
-1.023559404194113620e+00
2.075047390490134980e+00
2.189117694911047352e+00
2.036984893130495244e+00
-1.089055559883691737e+00
-1.168920965271498025e+00
-1.160498297875742102e+00
-1.098743037474194884e+00
2.116410585278674983e+00
2.121263378371135211e+00
-9.320616314571322780e-01
-1.206038446291551214e+00
-1.177874985996467228e+00
-1.013586806047535482e+00
2.033777790646012829e+00
1.993994579022171365e+00
-9.469563503218058065e-01
-1.113818330904011722e+00
-1.095727217949378218e+00
2.252444154409779742e+00
-9.728280941137452675e-01
2.048597497491111419e+00
1.965817105253925057e+00
1.956491386998393311e+00
-1.057463774401110168e+00
2.059622402847437250e+00
-8.752272089114498943e-01
1.657405348411738366e+00
2.101335207647133441e+00
1.949178036693618221e+00
1.978802854309324122e+00
-7.255663990602186919e-01
1.884071671889753885e+00
1.589266634048038140e+00
-1.503361846900860499e+00
1.972863497141188693e+00
1.611739382912503071e+00
-9.340980374797829278e-01
1.683378739673032642e+00
-1.029435453033363146e+00
-1.200244960019297480e+00
1.608370571448181297e+00
-1.128335103378563131e+00
-1.187417463452064892e+00
-1.132695460332020287e+00
2.092214606452727388e+00
-9.677861107881710057e-01
2.416684687534548459e+00
-8.428982128001626384e-01
-1.016214886803766593e+00
-8.045893951468151561e-01
2.164691036851122519e+00
-1.216563441915242016e+00
-8.142830409083841037e-01
-9.509293908567845177e-01
2.480164455510635246e+00
2.430259912212326512e+00
-8.532526152401841424e-01
2.354529851091449633e+00
-9.062664921480015900e-01
-9.146116177808635284e-01
2.233524770636069245e+00
-6.443301346633980575e-01
-6.317078464186407505e-01
2.273886163736880572e+00
2.106438647609752746e+00
-6.479857315977928245e-01
-8.035006406415057256e-01
2.349123862269149488e+00
2.100859100006222224e+00
-1.030962893982032114e+00
2.287808515756879935e+00
2.444581053843122298e+00
2.195681479183258400e+00
-8.195886166566084263e-01
2.341881904872185061e+00
-1.038079061871924669e+00
-1.068494231817788798e+00
2.071461685383418683e+00
-1.070839929729766826e+00
2.083441804382044182e+00
-1.004800664548718192e+00
-8.102209148758985346e-01
-1.132099876101470004e+00
-8.955428719190270392e-01
2.063942332189233841e+00
-8.685008243824217100e-01
2.392914643383140749e+00
-6.229718929050023224e-01
-9.089109703188033018e-01
2.238433105367113374e+00
2.366930308389168847e+00
-7.704303214835445113e-01
-8.031455975482226783e-01
-6.849773029583789974e-01
-9.600722965485858351e-01
-9.265452668534647218e-01
-7.910915259071471528e-01
2.354428745405474199e+00
2.203647714640855071e+00
2.396516169410872088e+00
-7.814959118956960049e-01
-1.136731653758916494e+00
-1.111402614125363453e+00
1.904331137293206799e+00
2.015949887822167330e+00
-9.913792104807307437e-01
2.037427994013489396e+00
1.969181726297647428e+00
1.980086492476895721e+00
-8.806820445084651006e-01
-1.121110857324612686e+00
-1.141014741293403079e+00
-9.443153376068150751e-01
-1.058302909140705017e+00
-1.104466012337783631e+00
2.077052015598216173e+00
-1.098858627261154020e+00
-1.110893228061924587e+00
-1.257302693814635441e+00
-1.131939611712742932e+00
-1.151478274292152548e+00
1.956799588583473470e+00
2.048429181029434609e+00
-1.128841889513650498e+00
1.966770597120169439e+00
-1.031249865628359741e+00
-1.039701780950728072e+00
2.041510401104191796e+00
2.074312588284272785e+00
-1.158638903471784998e+00
1.936483076907179912e+00
-1.124889793424161066e+00
-1.101475488661285418e+00
1.990145244321653406e+00
1.975242873242387454e+00
-1.031194493823808678e+00
-1.041285160130085208e+00
2.018982563851285494e+00
2.092300077063405706e+00
2.295490465581365047e+00
-1.099826574022097159e+00
2.182053664087566958e+00
-1.098137586142988065e+00
2.056552824974820393e+00
-1.042289795658688512e+00
2.294125922729815414e+00
-1.194994297307490294e+00
2.050188947811353746e+00
2.059604578335357150e+00
2.041897120848654712e+00
2.055502741317095872e+00
2.046284050112746833e+00
2.074039030471945821e+00
-8.649029865205493106e-01
2.200528034847550884e+00
-1.055965327280616206e+00
1.939079301536132949e+00
2.425387183878606745e+00
2.049925638052774168e+00
2.004514749629748405e+00
-1.102456300945049650e+00
-1.106317096993298055e+00
2.039547792714288654e+00
2.032995502209538952e+00
2.049598371701732979e+00
-9.720512625779297311e-01
-1.079228579063381099e+00
1.968116528797145826e+00
-1.003830596327861091e+00
-9.268158978073697263e-01
-9.502818066781139050e-01
-9.928746305563944663e-01
-8.755886621025646965e-01
2.150989325478551262e+00
2.551755420338225555e+00
-1.022443460204712773e+00
-1.102842334253921530e+00
2.223815946995038484e+00
-1.084615428436065176e+00
-1.052818669685971154e+00
2.337976883658608784e+00
2.161168708714781062e+00
-8.938146963447900495e-01
2.419102820156355804e+00
-1.151234105364383753e+00
2.204554758848099372e+00
1.992626063465670949e+00
2.184993196399105386e+00
-6.546545782845005768e-01
2.320451787440942937e+00
-7.447921473709909757e-01
2.345565813554439938e+00
2.288829106964945126e+00
2.150957642525804125e+00
2.040873461997197325e+00
-8.436638377138194755e-01
2.164944315679749653e+00
-9.761732611841901219e-01
-1.088344583767255846e+00
-1.117079985159977751e+00
-9.969840023190514877e-01
2.271130748211592554e+00
2.065561089408932016e+00
2.091725455608831385e+00
2.005066367123789384e+00
2.274911320281545635e+00
2.032575464724798220e+00
2.000057528852914768e+00
-1.058044350875876782e+00
2.268323218898131266e+00
-6.742534808889957265e-01
2.026054775896752425e+00
-1.130900520885456118e+00
-1.142551211699054381e+00
-1.152797121880454467e+00
-1.123651897409767564e+00
2.414011621427692322e+00
2.017663119887005863e+00
2.428050726119353353e+00
-8.023641932061051918e-01
2.396336240512236593e+00
-7.723825546950326970e-01
-6.044849073581083365e-01
-7.607994632842123295e-01
2.346507837391186957e+00
-9.771183119450705945e-01
2.357292935684192514e+00
-9.348615615872190032e-01
-9.280187381846171091e-01
2.228001921355502457e+00
-1.126506652430691480e+00
2.028473326518799080e+00
2.049811481324816942e+00
-1.118943373490342452e+00
2.011796296128477213e+00
2.050579707053364675e+00
-1.043140303828274273e+00
-1.133613569334536164e+00
-1.112425924050084891e+00
2.033413535111187720e+00
-1.133822276911668370e+00
2.020336277320540663e+00
-1.082282545661121587e+00
2.059332244822346780e+00
2.105991023485670688e+00
-1.162104114039826941e+00
-1.048215026764028890e+00
2.057236721514574818e+00
1.961131517642110467e+00
2.082284614501201059e+00
1.975389315837070336e+00
-1.188949757988336797e+00
2.035064241862552858e+00
1.984061470882336531e+00
-5.867770038808837185e-01
-6.683347761684755861e-01
2.567435431394012646e+00
-8.311406067500013428e-01
-7.273335305387218508e-01
-9.254702408965606031e-01
-7.825713841761352541e-01
1.664353805332571046e+00
-1.184679752740924075e+00
1.995053043982191632e+00
-1.106570542194986739e+00
-1.523669842093313465e+00
2.045768651294226803e+00
-1.203332658612043193e+00
-1.503216987894170131e+00
2.029903887113261085e+00
2.084000628628662533e+00
-9.798701909774346630e-01
1.932136019970433827e+00
1.904652210856825345e+00
-1.045921441984234868e+00
-8.684449430704116457e-01
-9.360008887107182929e-01
2.104664432690488862e+00
-1.077686220022849639e+00
-1.113607084885326337e+00
2.277295203334387175e+00
-1.125787175455887024e+00
-1.274326650665496441e+00
-1.259913680001086833e+00
2.150076169997865883e+00
2.011278650323696571e+00
2.047401540212001159e+00
-1.138425060846509629e+00
-1.275926888756263144e+00
1.970371394896071049e+00
1.882836268817676295e+00
1.964224866266327973e+00
2.165810884119427904e+00
2.351408079360241210e+00
1.927366504119152113e+00
-3.029472244885438315e-01
1.529962850377367456e+00
2.646103256784061220e+00
2.601461267715311276e+00
2.053084945810377260e+00
-9.817508385500243184e-01
-6.457729124511740748e-01
-1.062580279647741266e+00
2.006859891247814609e+00
2.105865166647726383e+00
-1.153608231449031907e+00
2.064208866441632928e+00
1.994109586151171953e+00
-1.235409267745472883e+00
2.056911673685452246e+00
-1.175553745009916939e+00
1.990451753343106089e+00
2.067072471306412584e+00
-8.674566865481125877e-01
1.916545623088593331e+00
2.041388002152381809e+00
-1.055072428569369558e+00
-9.092334288512137208e-01
-1.069448735278199614e+00
-8.354963074787334909e-01
-1.012869338077309944e+00
2.039728834285994719e+00
-8.104763430201569196e-01
2.053237088926988196e+00
2.087329799861104007e+00
2.139924799244485421e+00
-6.163295165380549001e-01
2.030117016925669482e+00
-1.009086561878679067e+00
2.081691187533573295e+00
2.035903925301728812e+00
-1.124116753120821821e+00
-1.049878052654194205e+00
2.164409084313386966e+00
2.026936370259383668e+00
-9.167718595079679123e-01
2.158760390902676018e+00
-1.098144112020968732e+00
2.047702966308750483e+00
2.100455920665440068e+00
2.164129557363778211e+00
-9.865173455144689019e-01
2.140110246307057373e+00
2.503514879743869770e+00
2.248261436891873188e+00
2.050843021461280280e+00
-8.190466118127307515e-01
2.099189420074937473e+00
-7.172530695647395538e-01
-1.034216671168169732e+00
-1.033619239890115393e+00
2.038512649188255921e+00
-1.026624111613538837e+00
2.152232749125768674e+00
2.025814414014047493e+00
2.150071252203254790e+00
-6.851489804745776180e-01
-1.026897095684676353e+00
-1.189429928288243232e+00
-1.540061543119489285e+00
-1.017429180800948130e+00
1.986688399022037865e+00
1.964735663952367428e+00
1.625632538058470189e+00
-1.534215951231226116e+00
-9.054174778026782278e-01
2.194369464684181814e+00
1.854630598787415874e+00
1.900055180526906806e+00
-8.593586586261943161e-01
-6.248391197612335191e-01
2.048568523324945545e+00
-1.038040398129733921e+00
1.904714598305454532e+00
-1.064977454352782349e+00
-1.104441894204673202e+00
2.405413922513925051e+00
2.380740121434246515e+00
-1.052570118743598737e+00
-1.114600726646607809e+00
2.026967488918409721e+00
-1.096124076870575337e+00
2.129816711742648749e+00
-9.308360520280162254e-01
-1.146383908301449317e+00
-9.461980356142317694e-01
1.607797232042465829e+00
1.984622712533930411e+00
1.948836209662760055e+00
-1.228370428594149910e+00
-8.978225773013929212e-01
-1.240050678047131871e+00
2.013810540278544892e+00
2.090933984228317222e+00
-1.110685295142030959e+00
-1.205856550740384892e+00
1.688018702285741579e+00
2.633817499563991138e+00
-9.638560544225911464e-01
1.995556465267527280e+00
-9.456361929659626853e-01
-1.564341362717028394e+00
-8.644914501250130501e-01
-1.121608756659236761e+00
1.614088936939515051e+00
1.829936394250617271e+00
-1.216291001425470419e+00
-1.434941573628671252e+00
-1.363610068135499009e+00
-7.250259063773851764e-01
-7.833943136456720246e-01
-8.487797097532858714e-01
-1.369480450561820550e+00
1.681905918295066638e+00
2.307246542813005341e+00
2.461256672765559372e+00
2.168407638652274372e+00
1.590957173265456381e+00
-1.528056477706542404e+00
-1.494700200770360476e+00
1.608839959439029910e+00
1.584491821058647387e+00
1.552000222138658403e+00
1.960073167006851413e+00
-1.157051692783995778e+00
2.201269729142224296e+00
1.980557585456060421e+00
1.743328333795491458e+00
-1.085189680577899773e+00
2.315972194656040539e+00
-7.582571860528367624e-01
2.484962856318820634e+00
2.263074258067254707e+00
2.570596218969142477e+00
2.469497399704347451e+00
2.254655688388342405e+00
2.212558093198665699e+00
1.936377821160909063e+00
-9.467627212062783570e-01
-7.109028302203757033e-01
-6.697583788543027827e-01
-1.275670441153276657e+00
2.112631082055065779e+00
-1.109010186129761655e+00
2.181232120708007649e+00
-9.223831889924035687e-01
2.513070843394611398e+00
-6.582047815894862541e-01
1.796276669373821910e+00
-1.055119378804214803e+00
2.051010241770563347e+00
-1.144836242026826545e+00
-7.112141778058816977e-01
-8.938016262130921152e-01
1.554180263370113835e+00
2.237723864116134553e+00
-8.354100443834262535e-01
1.685560518450014866e+00
2.301908406383540662e+00
2.501116487522875964e+00
2.430609122856397519e+00
2.445214658807269625e+00
-5.768816897991047021e-01
2.273820321887642049e+00
-8.817051034353280414e-01
-6.155496374431829176e-01
2.515801278121282181e+00
2.471042631207677864e+00
2.564411103153643623e+00
-7.314197294785758086e-01
2.394188195118160944e+00
-9.307530646363203486e-01
2.499438186426825137e+00
2.543640496918443183e+00
-8.397571301962865054e-01
-5.722561694690564416e-01
2.446806336637612045e+00
-7.056048732183941574e-01
2.538729294945471171e+00
-9.081647692452363696e-01
-6.078933349793094187e-01
2.407146021917444756e+00
-5.812434845405458628e-01
-6.807959827798033547e-01
-7.459680074301945352e-01
2.098591836910632225e+00
-8.854372222927558989e-01
-6.644750079822984157e-01
-6.607036267124798412e-01
-9.210744389959562017e-01
-1.133181472247021038e+00
2.110164553364358042e+00
2.336218605420524064e+00
-9.331408293639125162e-01
-7.186725062995807933e-01
2.272484689841705485e+00
2.162208652528149422e+00
-1.039591800084792794e+00
2.268371888329477670e+00
2.209182644001095763e+00
-6.330464242018535304e-01
2.334807793789972941e+00
-7.412001594887017708e-01
-1.022677776212600698e+00
2.349607547410066832e+00
-6.754795477440552753e-01
-7.055147054490216174e-01
-9.355729134146909542e-01
-1.027172212946242391e+00
-7.165862956564380548e-01
2.176527738766603104e+00
-7.060599222569698963e-01
-6.438829523428334367e-01
2.388111873387868123e+00
-7.624925470614100087e-01
2.309566643276946607e+00
-8.655775441118137570e-01
-8.008697779691333896e-01
-9.494354623822274242e-01
-1.029914564985921155e+00
-1.203144771532220769e+00
-1.105334901490450994e+00
1.832723396742597988e+00
2.200078682067724944e+00
-7.797688057969802689e-01
1.835306689840673355e+00
-7.902552956661629269e-01
-1.167932176520537935e+00
-1.161472699140226217e+00
1.961552111846429636e+00
2.334820265936687900e+00
1.962828993735376892e+00
2.024080457355121432e+00
2.138914615374759798e+00
2.144932091222815362e+00
-1.107000094240039534e+00
-1.244148651561463703e+00
-1.163930517809480536e+00
-1.103510564522957260e+00
-7.832053179452157510e-01
1.696831319511634684e+00
-1.198312514248378369e+00
-1.148649383790965928e+00
1.691339633079937066e+00
-8.825738883662879175e-01
2.092648108289479669e+00
-1.094769105682691812e+00
2.030246291682274773e+00
-1.229304038706954927e+00
-1.047860843174505785e+00
-9.435423280594201767e-01
-1.119480164756096130e+00
-1.373671396219209750e+00
1.797967699386916918e+00
-8.097785443523470850e-01
-1.178711724815203921e+00
1.747911526132655213e+00
1.942168819856033846e+00
-1.224872468989354424e+00
-1.000679480714648850e+00
1.888508256721748824e+00
1.974365548943349813e+00
1.685733331537970559e+00
1.951226973440265189e+00
-1.267872281290979064e+00
-1.190976603802315736e+00
1.861373195745060771e+00
-1.340653926394403506e+00
-1.462172041128897870e+00
1.907606285886812580e+00
2.070447920611353076e+00
1.623821556507573760e+00
1.811034726657245297e+00
1.790058916636371178e+00
-1.324517505089711555e+00
1.916539044838935002e+00
-1.341898428573420565e+00
-1.346860055000317802e+00
-1.426575628913585359e+00
-1.335509817337540150e+00
-1.302455883112759505e+00
-1.318070058194171557e+00
1.781080173881539386e+00
1.514928335104344326e+00
1.627690989222428497e+00
-1.540364477628530571e+00
1.790302884964071195e+00
1.612725375194228761e+00
1.660420316136476782e+00
-1.490630565465758561e+00
2.058933820580551188e+00
-1.247096744670262769e+00
1.734005146350149795e+00
1.760667148594919018e+00
1.624061898916215219e+00
1.597486683335328728e+00
-1.225997139787796897e+00
-1.179364318146172153e+00
2.129241049464887237e+00
2.053544514976288315e+00
-1.143225737146327692e+00
-1.032466610352234415e+00
2.241972883413125839e+00
2.200866145761857684e+00
-9.489040992978661215e-01
1.983804286491760438e+00
1.882282661823810876e+00
2.041814901449134911e+00
-9.669646488971919140e-01
-9.219529049574780588e-01
2.026345265950244556e+00
2.087564533772680253e+00
2.143612943693086414e+00
2.216990663257131899e+00
-1.015450483522183589e+00
-1.099999050101257536e+00
2.042685857025346774e+00
-1.082004160764943546e+00
1.962767698613533618e+00
-1.207795818108845509e+00
2.154039590178667751e+00
2.039501860587038973e+00
2.043836475426094701e+00
-1.087274338833903897e+00
2.059817526806606569e+00
1.878095381931522700e+00
-1.040633574167092013e+00
2.070138867302200314e+00
2.015695822745355859e+00
2.045956172245175342e+00
2.184631100991555108e+00
2.031437760721313879e+00
1.949596231565018156e+00
-1.240684056290949799e+00
1.931393141228838095e+00
1.938362695233981414e+00
-1.067963152694890283e+00
1.909339232249911866e+00
-1.158823480794727079e+00
1.987619276429479998e+00
1.882134718304104837e+00
2.195279136677596110e+00
-9.370171462353876768e-01
2.240150630927000286e+00
-9.403670196538123083e-01
2.198669789333230096e+00
-8.915543771935694473e-01
-9.233417440743172389e-01
2.048205594215669834e+00
-8.639057804255857453e-01
2.273251884297787129e+00
2.280697766121235759e+00
-8.487897449435934938e-01
-9.305990111842550316e-01
2.142680115428495125e+00
-9.203145851438140346e-01
-8.423752517440783461e-01
2.282272997756281452e+00
2.037821219640166159e+00
2.134694651577030200e+00
-9.204508678796109455e-01
2.237167413273775107e+00
-9.339576064315795456e-01
-8.516017458830087428e-01
2.239182826030714502e+00
2.322634578496412416e+00
-8.633160682557178278e-01
2.082978403894097497e+00
2.233795456430940352e+00
-9.465480724447828953e-01
-9.935615223810396746e-01
2.260526892631515405e+00
-8.904038258231685710e-01
2.150626662957248580e+00
2.347993988510157948e+00
-6.607444803406136158e-01
2.458583294771750971e+00
2.452717568302617224e+00
-8.177336129464144454e-01
2.454414399046274120e+00
2.137588670782831546e+00
2.352571179657169775e+00
-1.035549751003241203e+00
2.394316393626155115e+00
2.397692918639853676e+00
-6.366323581467832060e-01
2.468175762399030582e+00
2.485705982209420739e+00
-7.852057852455717191e-01
2.438845207209706878e+00
-7.528248186816294263e-01
-7.512875297921240980e-01
-6.531798014460231672e-01
2.490120969930799344e+00
-6.240340954011432961e-01
2.063601201698198828e+00
-8.557329231211218135e-01
2.316750824915740026e+00
2.384316977139636418e+00
-7.393736753006435736e-01
-7.674377280249470301e-01
-8.309649616092871227e-01
-7.129663084384512128e-01
-7.177162217360931740e-01
1.945226242880476741e+00
-8.771595902830259250e-01
-9.229640674114086840e-01
-1.135073260141675533e+00
-8.258567947566513023e-01
-1.176008568569118617e+00
-1.089021505730479067e+00
-1.169927505636858767e+00
-1.268184323527320023e+00
-1.110144881441069931e+00
-1.224364713249356029e+00
-7.249921261907704695e-01
-9.783554787071931935e-01
-1.141703836221210189e+00
-9.094369144252077986e-01
2.266323412066862275e+00
2.157477859646972806e+00
2.138612556509013274e+00
2.012086191216224673e+00
2.130125792292714149e+00
-9.951479004802555872e-01
-6.311119473518080891e-01
-1.048788945526652805e+00
2.101319686581049950e+00
-9.402780597004890550e-01
-8.421081512877487407e-01
2.199508629210563004e+00
2.100688544978074557e+00
2.079255678621789727e+00
2.050601929486647101e+00
2.175827416896673139e+00
2.203965496229019827e+00
-1.041456292527382477e+00
-1.147843682374395380e+00
2.238124030533614750e+00
-1.228535190050137560e+00
2.337944412765663671e+00
-1.052267346485849631e+00
-1.060253846101338882e+00
-1.094588120411144727e+00
2.165240496531912751e+00
-8.443369340253910060e-01
2.275725059607512701e+00
-8.698621995537701990e-01
2.287565438212559421e+00
2.260665013911407062e+00
2.263606952762713398e+00
-1.165572358091172767e+00
2.273404778634570800e+00
-8.725202610619198218e-01
2.315316311564407759e+00
2.213335234763800230e+00
2.240735737753997370e+00
-9.883836066245040852e-01
2.123993511706643744e+00
-9.280917943591024954e-01
2.259607696827242052e+00
2.217450868981780676e+00
-9.268315269151540248e-01
2.185278371873066838e+00
2.052806941850544575e+00
-1.045112417364770119e+00
-1.213361932644508201e+00
1.935801648348867587e+00
1.914898317104615888e+00
2.028967350711573747e+00
-1.095163673902721069e+00
2.091069143122848750e+00
-1.119774903505043939e+00
-1.032001115447664041e+00
-1.069995185460440590e+00
-1.099410562856532048e+00
2.173561814331097519e+00
2.141902357550560243e+00
-9.033521036719980302e-01
-8.067479105124674144e-01
-9.168277526282908596e-01
2.179362205364264504e+00
2.032132940532420662e+00
1.845803611211122908e+00
-1.171989444810050518e+00
-1.200135455701297538e+00
2.069389030897945680e+00
-1.161589756620956759e+00
2.025004144262179562e+00
1.997821216573973935e+00
1.966837350932193473e+00
1.997673897117307806e+00
-1.144596788426688327e+00
-1.138105422795228971e+00
-1.113047896110013646e+00
-9.777141342990359751e-01
2.057970113418823743e+00
-1.230062104753391949e+00
-1.047430891802777708e+00
-1.109273157084028627e+00
1.985950409462959199e+00
2.092190510705545403e+00
-1.215296732483901021e+00
-1.002152322578611310e+00
1.999689240443959015e+00
-1.241962093247102716e+00
1.939957568879287386e+00
-1.092638858234399102e+00
2.133014153172171135e+00
-1.003786988695448246e+00
-1.119924346218807765e+00
-1.013610035276499621e+00
-1.111026061250235397e+00
-1.042685233766075470e+00
2.062200796587914997e+00
2.108888454872019480e+00
-1.075270650971666075e+00
-1.103602891148239618e+00
-1.048119630509114053e+00
-1.066923697484098543e+00
2.242479858041253493e+00
2.154077397224824164e+00
2.055767935165172755e+00
-1.172578177552533907e+00
2.030871559209244559e+00
1.996188965164182649e+00
1.988834681551838512e+00
2.021601898080204407e+00
-1.087827413221315487e+00
-1.365471414986166643e+00
1.992508035553384627e+00
2.047588258753107127e+00
-1.455780109291896718e+00
1.736760021892961081e+00
2.134957217498124837e+00
1.797179494775292374e+00
1.873208355211269049e+00
2.256043041961956153e+00
-1.274386599438867007e+00
-1.043305211847268987e+00
1.722839693230627134e+00
-1.291188732593539612e+00
-1.473863742884289785e+00
2.317918111742471421e+00
2.223867513971483412e+00
2.118830261190002506e+00
1.940652408541860385e+00
2.046673904714510162e+00
-9.337168956695737210e-01
2.033098211627187624e+00
1.887605871169815819e+00
1.927020806076751747e+00
1.961948313520192277e+00
-1.088528566765144090e+00
-1.223163681064342923e+00
2.158676146657997119e+00
2.050373075181355809e+00
2.243903498335335644e+00
2.222072933898809666e+00
1.931659949714739755e+00
1.932654872809675961e+00
2.001129518360089232e+00
-1.159053096986191633e+00
-1.118350341266461268e+00
-1.060037120133324962e+00
2.032054795269762515e+00
2.035430957927611750e+00
1.984900805800318579e+00
2.075205762342598348e+00
2.061385909804656968e+00
-1.036512835641913988e+00
-1.130330066977430548e+00
-1.146611041674999720e+00
-9.788775349762204314e-01
2.252679245572333677e+00
-1.048651269557786092e+00
2.423893941349163583e+00
2.177047737010529449e+00
2.441323166326582861e+00
1.994807983007757191e+00
-6.570122648023243306e-01
-9.919878349897449654e-01
-1.145820239499478754e+00
2.096158372220124910e+00
2.313614142629719428e+00
-6.310287829087460887e-01
2.488348601740022481e+00
2.368178767397207896e+00
-9.650583845181341935e-01
1.701054864909750997e+00
-9.573879849407520570e-01
-1.045917272543010812e+00
-8.316066903156190682e-01
2.231807977438393209e+00
-1.476307490414706436e+00
2.093683495881869749e+00
-1.087109749736454134e+00
-1.088950775599071275e+00
2.129383442256520542e+00
-8.071121479164670154e-01
-7.561913681693900324e-01
-7.604391912167246526e-01
2.212514279657143312e+00
2.281666488244237456e+00
-1.042543969205859566e+00
-7.139064861956353480e-01
-8.030230688901706104e-01
1.896495628904918185e+00
-9.198537682827180317e-01
2.245461509362582486e+00
-7.007264692343759815e-01
2.385353210227429077e+00
-9.971000175204285387e-01
2.261826844699970085e+00
-1.113176354893429476e+00
-9.253145023073650055e-01
2.326831618096209198e+00
-8.840304470600861553e-01
2.192046948039068077e+00
-8.613287096936327325e-01
-8.360791724659596413e-01
-9.967277443373750989e-01
-9.053088507389867035e-01
2.031164652909038359e+00
2.190382235344815243e+00
2.140065633237027143e+00
-9.558279530908818655e-01
-8.984212502173216652e-01
-7.881485906050430534e-01
-1.014402823197248171e+00
-1.142182173435689396e+00
1.961309800789755808e+00
2.085505654103238626e+00
-1.147514146422232040e+00
2.024731321026813635e+00
2.018243659840421866e+00
1.846513436470870628e+00
1.957205329336258792e+00
-9.811512718609161077e-01
2.239824783379898765e+00
-9.893061887775412844e-01
-1.148027146902327100e+00
-1.083160330025039864e+00
-1.016351244289708466e+00
1.817377672813795808e+00
2.088367235302339253e+00
-9.511704635874259628e-01
-1.326730959099722273e+00
-9.017623909599550291e-01
-9.486437829536586985e-01
2.293236204220105101e+00
1.641345762025668620e+00
-1.497612299229344579e+00
1.695189652745410669e+00
1.690924852740539608e+00
-1.054199778908210483e+00
-8.641624783784560559e-01
-1.034131148556825197e+00
-1.384676341462818927e+00
-1.101305159636080111e+00
1.945540631496055495e+00
2.425126485014681865e+00
1.901374190761542238e+00
-1.420341726270800686e+00
-1.384323832858739500e+00
1.785248550910766729e+00
2.383970458397166148e+00
-1.045632668527241016e+00
1.608159784964808825e+00
-1.145108895264910442e+00
-1.121619178644881476e+00
-1.171483547982836715e+00
-1.380383449222133629e+00
-1.080810304678866407e+00
-1.451603316415916334e+00
-1.611314232751585251e+00
-1.498986942851557647e+00
-1.548061502137022982e+00
-1.474491626095688623e+00
1.756719242922063273e+00
-1.427048303641465843e+00
-1.013062507392411327e+00
1.593044635367771189e+00
1.916334448301624693e+00
1.792290258338598674e+00
1.835338799811236488e+00
1.833866912953317829e+00
-1.364280957096188684e+00
2.094773335217110066e+00
-1.329976642630313677e+00
-1.243180083103887945e+00
-1.088073074702678777e+00
1.970454346104906440e+00
1.504785156582117533e+00
-1.344803326913245778e+00
1.550461229680250241e+00
2.127951560316060142e+00
-1.144006255196987842e+00
-1.460845723606914337e+00
1.580886439769026763e+00
1.559151675963476924e+00
1.897418446823033511e+00
2.170547384202396124e+00
-1.615262028575183972e+00
-1.640094167757544241e+00
-1.542591730338063405e+00
2.024736974165203929e+00
1.614660043561603642e+00
1.505902057398074589e+00
-1.407418706029075484e+00
-1.558203304591619487e+00
1.771496714705034004e+00
1.636870825825488263e+00
2.345270992262527887e+00
2.161923015939733350e+00
1.729676858935296213e+00
1.781201203261024935e+00
2.091256559215644462e+00
2.056896939887598919e+00
2.059457505306986569e+00
1.908256227495118029e+00
2.116069774519647062e+00
1.665797526223248504e+00
-1.299426317713243684e+00
1.592470258161849950e+00
-1.538971583659918929e+00
-1.243790460720566537e+00
2.002393710772929936e+00
1.953307704213112617e+00
1.619992858156795723e+00
-1.289044494384760764e+00
1.716957689362485606e+00
-1.481025034368771642e+00
1.649590331513216102e+00
-1.421173762638016314e+00
1.972426900121027948e+00
1.781950570940057377e+00
-1.524338973614971726e+00
1.725293853347284134e+00
2.077032495120793687e+00
-1.148944866968777179e+00
1.944881287600307429e+00
-1.520809962796093595e+00
-1.539553298399591208e+00
2.219199891645585954e+00
-1.254450621972421853e+00
-1.094937169930913612e+00
-8.542029535037609644e-01
1.793488808743337160e+00
-1.035273589330431676e+00
-9.328173641553531015e-01
2.252142853795314092e+00
-1.167943455507512773e+00
2.336806331534946324e+00
-1.045488209895964582e+00
2.005308093879913045e+00
-1.256415283654650494e+00
2.185657057274464687e+00
2.227169528518872177e+00
-1.332640821937486564e+00
-1.443615207927237076e+00
1.924471049723730731e+00
2.238213925641831636e+00
-1.259925929984261117e+00
2.371639335650052693e+00
2.530800832516983068e+00
-1.048826119463666107e+00
2.366249343168030705e+00
2.116680260603271524e+00
2.271318113367267522e+00
-8.505486723990014486e-01
-1.080082081134175809e+00
2.053484593429816041e+00
-1.228158556651146815e+00
2.285272424447257755e+00
1.824833386651412148e+00
-1.284409382531964905e+00
-6.748490259044052086e-01
-5.907156863737544894e-01
2.379761738993172226e+00
2.829239092298625469e+00
2.366384008474038847e+00
2.470160413104922625e+00
2.393200089963493316e+00
-7.397157362584154683e-01
-6.060811063584794489e-01
-9.721095793104863603e-01
-8.684406005397105055e-01
-1.032818700744894569e+00
2.625475333757491647e+00
-6.001780665197241627e-01
-6.621350371903806931e-01
-6.724216195110028771e-01
2.591067372194209906e+00
-9.024371009591987125e-01
2.531683288733967974e+00
2.572945889676971465e+00
2.187811890862985997e+00
2.071651883535698513e+00
-1.116559245574274328e+00
2.259713741954021859e+00
2.705434455113513881e+00
2.844606292526390412e+00
-4.261003059678675764e-01
-8.050497829906578806e-01
2.688980291773937825e+00
-7.502549856136175865e-01
-3.988222093857489159e-01
-6.116942001988704414e-01
-7.322405638367798231e-01
-7.665515732743434230e-01
2.561646757140328301e+00
2.257225079071977003e+00
-5.314559933197982033e-01
-1.160141346760851677e+00
2.377924180018175182e+00
-6.858526378722865635e-01
2.427365979261144169e+00
-9.870077328588123811e-01
2.101648329483546629e+00
2.234870445827144891e+00
1.845812500636391018e+00
1.893638083714752840e+00
-1.277877261206090465e+00
1.997101991178623859e+00
-1.271968009423372958e+00
-1.326167698951559837e+00
-1.316870484416260423e+00
-1.277997809167688015e+00
1.898117672234630238e+00
-1.239221539457610932e+00
2.185540838184584889e+00
1.958639151039582638e+00
-1.305613647718902648e+00
1.900553094861323844e+00
1.880395224526618003e+00
-1.289230332364448506e+00
-1.007827000629136771e+00
1.937827726478480894e+00
1.899686193969119197e+00
-1.127924524763608050e+00
2.056016655991462994e+00
1.889195717974661681e+00
1.901675672679413953e+00
-1.171341228054164407e+00
2.014115768156761188e+00
1.941720497073903040e+00
-1.226402997060294986e+00
1.903543165468552845e+00
-1.057817692027265943e+00
-1.167872951668863957e+00
-9.201184039674272785e-01
1.979946607725002306e+00
2.007223479079507378e+00
-1.154423368827644847e+00
2.036918667281472750e+00
2.265269210064077665e+00
-1.138421666914658736e+00
-1.288574015389926775e+00
-1.037217828131477004e+00
1.965272699017189817e+00
-1.285829559080569728e+00
2.099595642647161142e+00
1.871970651739276903e+00
-1.019392667179854994e+00
2.220615914831503890e+00
1.968013319374223080e+00
-1.069215446912678891e+00
1.922373325517692688e+00
-1.162427981259707588e+00
-9.539017902574954411e-01
-1.223948849877070977e+00
-1.087396968713709500e+00
-1.012095712168892936e+00
2.158756414227780862e+00
-1.088061219423297254e+00
-9.920488474941870916e-01
-1.113995512509224239e+00
-1.195313587306909398e+00
1.837984273768926480e+00
1.983931929226976809e+00
-1.239876626371077428e+00
-1.091174696359669571e+00
-1.248337025812604750e+00
-1.209575687106784425e+00
-1.286609801662214947e+00
1.954470630820069665e+00
-1.124839688581238839e+00
1.947026933537461479e+00
-1.198357209792948685e+00
-1.249082828782975829e+00
1.880752600605994029e+00
2.001518334316908732e+00
-1.220655928748502816e+00
1.817261098459480806e+00
1.875558209945205057e+00
1.973243874967945288e+00
-1.154537986307210051e+00
-1.153319659156343269e+00
2.027425765565756599e+00
2.030198854854558643e+00
1.926762714028044776e+00
2.037002838530197035e+00
2.089603964297834349e+00
-1.260667798569834464e+00
2.069704303424825920e+00
-9.770006808947014898e-01
-1.107465679658806712e+00
-1.105001937000006595e+00
1.995000552481334566e+00
1.968373736492629478e+00
-1.315999783703877046e+00
1.834844649582578313e+00
1.867849830996682448e+00
-1.317544222731618753e+00
-1.250233391944152617e+00
1.986993450364043623e+00
-1.308822162396431121e+00
1.858763824617276628e+00
1.840732974791964960e+00
-1.307101031444137806e+00
-1.210715940159941439e+00
-1.110333319620345760e+00
-1.171806731316584527e+00
1.979787193142359403e+00
-1.102922629399170296e+00
2.342946693984262918e+00
2.033135847262528273e+00
2.126716859012180549e+00
2.298434933368644018e+00
2.086173312216027309e+00
2.112433964001426467e+00
-7.665037450742822056e-01
2.252321616094284717e+00
2.153202405604658143e+00
2.088247678665056561e+00
-1.047560168769999578e+00
-8.380067284018287710e-01
2.035521103724745373e+00
2.110342354768545370e+00
-1.092479187014468112e+00
2.095602237937258749e+00
2.049878877354151196e+00
-1.207749294943660345e+00
2.063657315372609879e+00
2.115069255943730742e+00
-1.136928974519352264e+00
-1.034236074326227328e+00
2.140614993586957393e+00
2.071548983955928236e+00
-1.195438733967707501e+00
-1.036752954999186294e+00
2.344210160404634813e+00
2.092036762591463095e+00
2.118961374974022149e+00
2.026795626339356726e+00
2.173620965448017639e+00
2.058874290785446703e+00
2.122764371826864505e+00
2.137427199282819767e+00
2.167873705081428959e+00
-1.080438900440090944e+00
2.186339681335561114e+00
2.139713744232933479e+00
2.150354260560514152e+00
2.150100739329103394e+00
-1.001863012421025267e+00
-9.726423184452280823e-01
-9.902285780230889456e-01
-9.299917973725632114e-01
-1.176307050927204001e+00
-9.315346534154641533e-01
2.150520030704818453e+00
1.894755968741878904e+00
2.155091015173657087e+00
1.918705656587472941e+00
-1.214632170010519374e+00
-1.191905165777077613e+00
1.945984960891050441e+00
-1.037521483735535321e+00
2.015841794283782296e+00
1.906006929570573050e+00
2.025058318705859506e+00
-1.169423729923841471e+00
-1.149450040485128000e+00
-1.137217536983863297e+00
-1.063754347015586799e+00
1.894605761597010662e+00
-1.109409239589916663e+00
-1.220070899197797765e+00
-1.084283556937182036e+00
-1.232111047644628865e+00
2.009461776371027852e+00
-1.123020612820611497e+00
-1.148948786893176921e+00
-1.234623968381256987e+00
1.871661686620083032e+00
1.914389672039628287e+00
-1.271270267212197158e+00
-1.231434030464620077e+00
2.075843597838017196e+00
1.910204026661455501e+00
-1.273366471541507172e+00
1.944149190755468215e+00
-1.154391483151259612e+00
-1.266377069153416191e+00
1.909308825770836382e+00
-1.265856871162199804e+00
-1.093523997412876980e+00
1.955735839692162248e+00
-1.162856665459749639e+00
-1.256357709002049239e+00
-1.224332180712203844e+00
2.024027368431377649e+00
1.980014790560461480e+00
-1.125193419010838580e+00
-1.007524937169733459e+00
2.295680275963641659e+00
-8.483411304374509632e-01
-8.333921509372258507e-01
-8.791927790599124437e-01
2.381835484784144086e+00
1.966490831837772957e+00
1.944963821178087304e+00
2.232962400152818994e+00
2.094165247741193170e+00
-1.197508635786192599e+00
-9.204273888006845317e-01
-9.952636880815853848e-01
-8.900226865083932237e-01
-1.140317189581428581e+00
2.061536958411222642e+00
-6.259997237580027241e-01
-9.056009612669480013e-01
2.058194261419448168e+00
-1.186548846391065171e+00
-1.249410736717673664e+00
2.046494339787785499e+00
2.467427792877897375e+00
-8.126119094243642316e-01
2.064316408340886699e+00
1.878832354894784062e+00
-6.127594534252903680e-01
2.631793747729051614e+00
-5.468422343358479987e-01
2.472681415717670639e+00
2.050230138495001686e+00
-9.390203587500149940e-01
-5.859390269230391191e-01
-8.382782103346088087e-01
-1.238410951570761531e+00
2.342989189657641358e+00
-9.246835154665477008e-01
2.171642873616017155e+00
-8.463509331372212063e-01
-7.534105624945999224e-01
2.004130393336237326e+00
1.903707346736664530e+00
1.871280353372334337e+00
-1.129802752687201872e+00
1.927657275332858688e+00
-7.288795098673788164e-01
-1.054903914306445367e+00
1.881492346737287269e+00
1.870326487915104252e+00
-1.066449126987438101e+00
-9.953270071866103796e-01
2.068752505693750798e+00
-9.945370592922321284e-01
-1.325788270557787474e+00
1.634745296633861367e+00
-1.060506006300407034e+00
-1.309174680685661896e+00
1.729038042934542441e+00
-1.002101446405266216e+00
-9.348434095503924679e-01
1.900967185913146951e+00
1.897969537504479387e+00
-1.218218011197576667e+00
1.789483955514231672e+00
1.925035443031522409e+00
1.681404807110016719e+00
2.004953963285187157e+00
2.065392855476891221e+00
2.099639325382161026e+00
-1.184745454674792198e+00
-9.752998669409607135e-01
2.380617080398276908e+00
2.165575014330418657e+00
2.393290809769266225e+00
2.595057091909240832e+00
2.432429637148169288e+00
-7.433443022641856857e-01
-7.464840030989620123e-01
2.190877010481612874e+00
2.103975950224633795e+00
2.144679094475461678e+00
-9.569495191730549299e-01
2.406106621593687489e+00
-9.776542532747338754e-01
2.128945805587194595e+00
2.110225426866653820e+00
2.128192980907256171e+00
-9.946240982557239541e-01
-9.754016075826827947e-01
2.137088829996740103e+00
-1.008401709675372127e+00
2.194567536679363329e+00
-1.045178661882923965e+00
-1.087145944488894456e+00
1.944477890432893430e+00
1.892610219109381209e+00
-9.450922112205745185e-01
-8.549163219252208235e-01
2.246381409944889995e+00
2.276654462912028443e+00
2.345224895617491701e+00
-7.590702529222679296e-01
-7.504708347367191612e-01
2.389145405329927918e+00
-7.585097204635008472e-01
-1.081029167127009805e+00
-7.336250386403654344e-01
1.907716065707708797e+00
2.378014482332126089e+00
-9.536678239187039718e-01
2.264591613646044888e+00
2.334623896375448204e+00
-7.400682213928554409e-01
2.310029557670676859e+00
-8.158257321204873680e-01
2.361369489278895006e+00
-9.920971726692491277e-01
-9.810671058706192937e-01
2.299950394019806055e+00
2.253417461143433442e+00
-1.029893968903947465e+00
2.309406600979318380e+00
-8.411000901913467942e-01
-9.312798753564744958e-01
-9.463140910481212531e-01
-1.064630607226234815e+00
-9.466724928778493808e-01
-1.192830638970978185e+00
2.374629036034748619e+00
-9.847833522426350239e-01
-7.346236004269246500e-01
2.391880797092539979e+00
-8.908665783981396524e-01
-1.148971741334890551e+00
2.110001697991644054e+00
2.147356884479256323e+00
-1.008223386379576203e+00
2.131082651212150125e+00
2.258274083521781606e+00
-1.100114281951024564e+00
2.021316994838990411e+00
2.296903797243192713e+00
1.967777109665878932e+00
2.059889195276771279e+00
-7.800772594909772817e-01
-7.782292503611061285e-01
-1.107598805825061428e+00
2.006390403924366073e+00
-9.756023455343583173e-01
-9.699919500664836436e-01
-9.842682373867600587e-01
2.299479882281453946e+00
-1.226432912449853641e+00
1.908200319453867699e+00
-8.110453741350566181e-01
-1.613566561286852830e+00
-7.697420959402014873e-01
-8.925136287469191965e-01
1.647901047643401284e+00
-8.993151774520733444e-01
1.431678843090694597e+00
-9.015257458063686835e-01
2.169925773118868140e+00
2.275016597212002889e+00
-8.892952997753373889e-01
2.136594003731822955e+00
-1.304780907132832235e+00
1.692616251704440966e+00
2.015031329197929377e+00
2.293326149405936487e+00
-1.449576886464653214e+00
1.519764793109785961e+00
1.604496942732669629e+00
1.599817622060776268e+00
1.437429657721432275e+00
1.948670574330526595e+00
-1.249348636862773310e+00
-1.416491644655758275e+00
-8.232595733753551581e-01
-1.062014996783021692e+00
-9.925521467088678218e-01
2.199212312000383029e+00
-9.892881939971992500e-01
-7.709406763723661848e-01
2.255195684231970699e+00
2.226996059855574028e+00
-1.209330363767562311e+00
-1.557067598449372259e+00
-1.413360337602616701e+00
1.866336703031201472e+00
2.006075519996670664e+00
-9.838082268781395134e-01
-1.123091833011720109e+00
-1.207255602298712205e+00
-1.087805707092183827e+00
-9.134096753079326003e-01
-9.273296884580972677e-01
2.056840721775037295e+00
1.992011780532645160e+00
2.102996356591788629e+00
2.186976534471797073e+00
-1.111253495970264016e+00
2.045225793984049023e+00
-7.554928698081598837e-01
-9.099067665069838773e-01
-9.159254014256241749e-01
2.288123128404645712e+00
1.879657160080785872e+00
-1.344175016876991258e+00
-1.194074507798621454e+00
-9.527084642900593980e-01
2.139276894600090184e+00
1.992169376283403626e+00
1.737036088466794803e+00
-7.444942513695412822e-01
2.160927242447892027e+00
1.622214362181936487e+00
-1.511837902058465799e+00
-1.171048510550726229e+00
1.787618708220653607e+00
1.513226176054830452e+00
1.607815956678706915e+00
-1.390504313878951237e+00
-1.498610012657780599e+00
1.620299444061499505e+00
-1.431926497192776315e+00
-1.586505326273075278e+00
-1.052295657444683341e+00
1.733138258107705276e+00
-1.376551500200240197e+00
1.776165735946058755e+00
2.142957776977351791e+00
-1.022924283783585686e+00
-9.274755308364881490e-01
-1.037971946282035818e+00
-9.830106262321564037e-01
2.340048767130564311e+00
-5.310285435487152039e-01
2.648687187735531801e+00
-1.146889954892574615e+00
-7.467381996372781661e-01
-1.420209609728787514e+00
2.802822875445326822e+00
2.789548313143671354e+00
2.810543774799131089e+00
-1.547712799807304807e+00
2.508589383224730796e+00
1.886209229152387534e+00
2.547898923590674158e+00
2.418972041419864105e+00
2.612153931595243339e+00
-4.645213721748959745e-01
-1.344549714141964003e+00
-9.459167428791775967e-01
-1.609974513214441849e+00
1.478873652577753273e+00
-1.352378001712805977e+00
2.206325528412794501e+00
-6.906304978691010232e-01
2.001627191068659162e+00
1.787139039271288921e+00
-6.113452341214377084e-01
2.019891305477997445e+00
-1.453384241514237507e+00
1.557151070963359141e+00
-1.551056641846920936e+00
-1.172298682869028275e+00
2.200545999449520007e+00
-1.643849432372211705e+00
1.889356139605048668e+00
2.319892019317322251e+00
2.285339183249092798e+00
-1.104573049542703522e+00
2.188693947484554592e+00
2.359060449814402105e+00
-1.214651951918600314e+00
2.461865211874302961e+00
2.585615471198713600e+00
-8.664752752236644096e-01
2.287505127338889555e+00
-6.300428640678180647e-01
-7.003088141368962738e-01
1.889153801535593979e+00
-1.169245406081973471e+00
2.160361597888310836e+00
-1.018755646837366857e+00
1.853858420142760366e+00
-1.270895235566305237e+00
1.865288282058724656e+00
-1.037277259086687220e+00
-1.058879672766328106e+00
-1.131867905681931186e+00
2.045482133103200706e+00
-1.105584100386469926e+00
1.874527555868358286e+00
-1.176931289862915397e+00
1.989023513047082359e+00
-9.968009973573963567e-01
2.002208959507448149e+00
2.037240437307319407e+00
2.077841367204955159e+00
-1.229786267643653508e+00
2.088427573462635412e+00
-9.653474711954981302e-01
-8.819138942993696162e-01
1.835119551491067647e+00
2.020353144405311330e+00
-1.195651166273143939e+00
1.851594477720716503e+00
1.782037107936926379e+00
1.769040808361837636e+00
1.676148715387371091e+00
2.007745276378922306e+00
2.121504259203398135e+00
2.027097368162444901e+00
2.204481786502491047e+00
-1.183906094091020211e+00
1.920509575535539026e+00
2.219259542936919516e+00
-7.382189831829990556e-01
2.140630315779933124e+00
-7.717628578892530289e-01
-1.080337745059857912e+00
-1.192612578247965072e+00
2.095458537874148597e+00
-1.283156887901644172e+00
2.069513703577534169e+00
2.010643513617815348e+00
1.979586088300470781e+00
-7.567552268364292622e-01
2.375067933965135936e+00
-1.125159649522981198e+00
-1.067347343697849338e+00
2.327243748630509312e+00
-9.481103294054963326e-01
2.072360714161992412e+00
-9.773740318065603505e-01
2.191537961374035781e+00
-1.102550283802639308e+00
1.705910557563858232e+00
-1.239161703706155304e+00
1.760161207408554196e+00
1.707184045061954425e+00
-1.193398185385782240e+00
1.645158101426400732e+00
-1.483777381413158958e+00
-1.318092699727194450e+00
-8.602808474012840767e-01
1.693741743583889292e+00
1.776871779615713187e+00
-1.182995916839412409e+00
1.643035472394670515e+00
1.636592785029958197e+00
-1.624632337703254770e+00
-1.509073998645034553e+00
-1.305945211490769475e+00
-1.408836095546066369e+00
1.609317464061022829e+00
1.506127446213629151e+00
1.551772339220232722e+00
-1.524247990925282403e+00
-1.599216388109035547e+00
-1.612888147014055473e+00
1.491050980842221874e+00
1.601535415120782124e+00
-1.582231051962067259e+00
-1.477417259157691953e+00
-1.450103368291483452e+00
-1.608925040480667201e+00
-1.477649938122027162e+00
1.533974253360721907e+00
1.906717867900294738e+00
-1.514206361090576936e+00
-1.563311943637442081e+00
-1.528117748724514113e+00
-1.165632675194688384e+00
2.497828639508052007e+00
2.236631362746414720e+00
2.110830847263596599e+00
-9.580601150691212542e-01
-9.165052180850756791e-01
-8.361755796496357362e-01
2.285149954192402522e+00
2.323121449356230439e+00
-1.172727726760916189e+00
-6.143700868337342857e-01
2.288629144710305763e+00
2.468642288834808518e+00
2.286151825315935859e+00
-7.501868464076214549e-01
2.241279292133239398e+00
2.322887660864738635e+00
-6.919622046587450281e-01
2.490541629194666484e+00
2.502720128935798094e+00
-8.599332149012595128e-01
2.313233384530816839e+00
-8.095556742974369113e-01
2.470438116156169706e+00
2.211925860022490919e+00
2.290960937640802886e+00
-8.601577427101998463e-01
2.487736110963484126e+00
-6.201341092386969400e-01
2.419732076811247357e+00
-7.241484605812200659e-01
2.296220439087483634e+00
-8.297752670887553750e-01
2.231463090613408973e+00
-7.863457014569242842e-01
2.045579610476871313e+00
-9.124393090369082859e-01
2.012641795897967434e+00
2.038791688311642591e+00
-1.218716115626688801e+00
-1.517013941336017968e+00
-1.535591978911633237e+00
-1.334868079408693120e+00
-1.169369339302122945e+00
2.064873795027676984e+00
2.567477532517045358e+00
2.138492856395368680e+00
-7.206708160175899769e-01
2.298182738165646555e+00
2.285534788972406250e+00
-5.709035203986050355e-01
-8.861840061767912724e-01
2.137902935496168944e+00
-9.720677647247192299e-01
-1.130081542651868443e+00
-1.141299212753138281e+00
1.906473351665017413e+00
2.093001268728360564e+00
2.127041506807999305e+00
-1.266281983421265522e+00
1.900670972444156392e+00
-1.259839383943504476e+00
-1.113310441501709214e+00
-8.061645834930106780e-01
1.635768285639125352e+00
-1.368515860824409680e+00
2.469193517495978263e+00
-1.276799147223818487e+00
2.140027483333248881e+00
1.780058727572859656e+00
-9.260393957366224171e-01
1.582604637664481562e+00
1.533007499434482668e+00
-6.547121108935854972e-01
-1.034634134015773643e+00
-1.178698214424008572e+00
1.837379999532440022e+00
-7.273708699866742178e-01
-1.040115167927552431e+00
2.172815747737680603e+00
2.545050071445936979e+00
-7.868217897850087184e-01
2.549745747599943435e+00
2.401196793239330329e+00
-7.388085917704318994e-01
2.088429989094332306e+00
-5.828531647946418870e-01
-6.211404629706280822e-01
2.245801399040873836e+00
-9.735808679421092959e-01
-1.050952342062991596e+00
2.153302059602511420e+00
2.343945846631972252e+00
2.156401033741245588e+00
2.244581481172403414e+00
2.105169579879213604e+00
2.235356884779838627e+00
2.316923319570512341e+00
1.877026009992817102e+00
-7.561150789505309833e-01
-1.070138706909629089e+00
1.894125573479895630e+00
1.620393317737924832e+00
1.888801996564068553e+00
2.182488057567775197e+00
1.678395428231198583e+00
1.821313999026502595e+00
1.798444213180193207e+00
-1.263599641571616861e+00
-1.376613785425772729e+00
-1.388175337495778372e+00
1.878589056428473070e+00
-1.366544558020513778e+00
-1.300081552900942850e+00
-1.504141920584131320e+00
-1.214426940751222261e+00
-1.394491590994201502e+00
-1.433167953651511173e+00
1.638864535720745863e+00
1.703926551637375164e+00
1.875229361516883353e+00
1.621419084367891061e+00
1.551756267547046431e+00
1.498296751837059126e+00
2.086315566229437035e+00
-1.085004975277447103e+00
2.095471435372174174e+00
-1.240850362618129754e+00
2.170653225049751001e+00
2.015137062277290170e+00
1.927014879794397784e+00
1.930555825155491512e+00
-1.225393658906003713e+00
1.978736899370292734e+00
1.933837666366453600e+00
-8.594623137015426906e-01
-9.368790019405084379e-01
-9.269498490123584400e-01
2.288090133097512524e+00
-8.777375289178910300e-01
2.253906083060289944e+00
-8.595183707816057561e-01
-8.508712147877363074e-01
2.302384676176567613e+00
2.105388138804680676e+00
-8.331356702620387189e-01
-8.146109465557186402e-01
2.475627529021442008e+00
-7.306153517250132401e-01
2.526443431973475207e+00
2.362441248500593893e+00
2.515878070718478021e+00
2.282222077477892519e+00
2.358625538191102766e+00
-1.141240759160624618e+00
2.010873434991578446e+00
2.001801335510591695e+00
1.761858285811864100e+00
-7.435932609204974897e-01
-9.160007185352229131e-01
-6.623107057689212596e-01
-9.240603032031340369e-01
2.088181093239330099e+00
2.158157027005197293e+00
-1.196632425897571794e+00
2.154318696528625843e+00
2.201322472275868858e+00
-1.012574562647806875e+00
2.284559233640382825e+00
2.190210274214590136e+00
-1.109803432664037581e+00
2.255530961776972099e+00
2.068195429315996314e+00
-1.109351240767459723e+00
2.029352697339285694e+00
-1.267952953395906412e+00
-9.595543374011158422e-01
1.970000494508304278e+00
-1.100342881222191149e+00
-1.119042568516656067e+00
-1.147467734307551002e+00
-9.908632390863273409e-01
-1.269850057359377615e+00
-1.471858982001629235e+00
-1.356268543876222088e+00
1.498097631073478153e+00
2.111532472810993433e+00
-1.028209952855680509e+00
1.897074155015543440e+00
-1.075437512300126963e+00
2.380430681931301695e+00
2.016729947833374670e+00
1.984152192827659089e+00
-9.385180630049216877e-01
2.237127102663639011e+00
2.254105872266087385e+00
1.992430153950375482e+00
2.215715652535938052e+00
-1.224444916140028150e+00
2.344078400690631447e+00
-9.916476209639886186e-01
-1.197644252513657026e+00
-9.481899946931288126e-01
1.787230946548754140e+00
1.925927335046885513e+00
-7.809913164785649009e-01
2.205481097666762924e+00
1.807462653237544181e+00
1.938535060719460468e+00
-1.186472806056855234e+00
-1.512751644362738013e+00
1.587688169953234363e+00
-1.317919782378381699e+00
1.525443490181472628e+00
1.979593619926035553e+00
-1.294410002018449246e+00
-1.444479916131089947e+00
1.640991704555141428e+00
-1.464336790637015939e+00
1.715636470518136392e+00
2.074581407903335784e+00
-1.093494429228128118e+00
1.983123938566528244e+00
2.654538729108142814e+00
2.077689269959889895e+00
-9.658390855338216952e-01
2.580908215554719831e+00
-9.556743475323677961e-01
2.473714139123447620e+00
2.509079451553412277e+00
-8.850406982177340121e-01
-8.674412990733391116e-01
-1.027555410513848244e+00
-9.377545085672608360e-01
-4.014636783488265137e-01
2.780175716609094128e+00
-4.067971413981972262e-01
2.266953099174083164e+00
-4.089106905447428830e-01
-9.868390345780642114e-01
-1.018594604377236257e+00
2.304000645920033286e+00
-7.480679459086355676e-01
2.273824900064587151e+00
1.872256167393020920e+00
1.910621537018343030e+00
-1.268038264232797419e+00
-1.318609946254331033e+00
1.926305074963339692e+00
-1.176567175667565968e+00
1.936915278812285868e+00
-1.135391080838598521e+00
1.934047624985320235e+00
-1.206269749719650175e+00
-1.263569527976483142e+00
-1.102094773561727914e+00
-9.757113288110020877e-01
-1.049903196157752516e+00
-1.079476833435825789e+00
2.160831072486388393e+00
1.950865885426402491e+00
1.871130969759020601e+00
-1.248329909509541258e+00
-1.111722707912160990e+00
-9.582953949982963016e-01
1.985207854624091439e+00
-1.147354894621427368e+00
1.834443436510801551e+00
-1.238955103800169599e+00
-1.099888646426309791e+00
-1.019628599442392147e+00
1.821541572675590581e+00
-1.107749000901383951e+00
2.139529553948021690e+00
2.404978712339052027e+00
-1.108187913635293897e+00
-9.320405892344114651e-01
2.024145136939969003e+00
2.037286354788407472e+00
1.979846741073719052e+00
2.027891868264857234e+00
2.153247743232919120e+00
1.938409191082116179e+00
-1.112712657801684601e+00
-1.138979445831656001e+00
-1.262386393085331182e+00
-1.174279722810661841e+00
-9.330036703076617366e-01
2.446607922402966206e+00
-9.894298944843294974e-01
-1.085644255907636246e+00
-1.256756312224340810e+00
-1.220184244402405582e+00
2.132220882412318108e+00
2.550795606551577333e+00
2.234231608245462741e+00
-7.245710240981623196e-01
-6.664937841920668404e-01
2.369898075496772893e+00
1.923558964940195182e+00
-9.916252207804032714e-01
-5.148505673170827857e-01
-5.332771602181669568e-01
2.647663282060425782e+00
-1.340308284363796121e+00
-7.310756739606932841e-01
1.622880570711426440e+00
1.788744273891613723e+00
1.845434599326735814e+00
1.895092341263872049e+00
-1.015111053905422001e+00
1.730246761252716370e+00
2.420758920275072779e+00
2.337728974197553100e+00
-6.295593522882489967e-01
2.615242424534402144e+00
2.510386399448137240e+00
-7.901022921879640171e-01
2.260402838552615812e+00
2.179527987206319128e+00
2.096846262603485833e+00
-1.032000277827907819e+00
2.003628539950061960e+00
-8.588958988664269212e-01
2.341027087838541743e+00
2.182125139564464966e+00
-7.589312168604231967e-01
-9.463717206139263816e-01
2.352101185355702118e+00
-9.813578766179021917e-01
2.303265643510508554e+00
-8.100404952484439036e-01
-1.025670627335929952e+00
-9.093969138743894787e-01
-1.141467352989697259e+00
-1.051847360829822886e+00
2.005873135734486112e+00
-8.168591505826851007e-01
2.231806883712491363e+00
-1.244600261065250013e+00
2.000901382583100574e+00
2.388984155440389223e+00
-1.679612400878753631e+00
-1.064502958309077485e+00
2.269418653325596225e+00
2.246206739623905602e+00
-1.352997691842358963e+00
2.085039432749463462e+00
-1.085652764934839531e+00
2.156020515337443211e+00
-1.343619683181888291e+00
-1.470816811921549672e+00
1.863393807563243021e+00
-1.582598569651870957e+00
-9.547875515092288934e-01
-9.756841130093744097e-01
1.655901766857613699e+00
1.674998127298606088e+00
-1.201661111739495080e+00
-1.005590204895341788e+00
2.072259086348304358e+00
1.550986550971491296e+00
-1.389763503650938814e+00
1.502952552240491846e+00
-1.520794744243990637e+00
-9.125928060717980461e-01
-3.302879495984693548e-01
1.864399428305529627e+00
-4.036681589378791624e-01
-1.021688331934004879e+00
2.421711356465007459e+00
-1.394192215420915204e+00
-8.560081681616874549e-01
-1.463531052113590247e+00
1.735660268922677663e+00
2.336074131519769281e+00
2.387353756774832636e+00
-9.925475973249020534e-01
2.420314626535979841e+00
-7.612023840007550168e-01
-1.265776738752525166e+00
2.509778675150914573e+00
-1.245768477371257177e+00
2.440079114760526746e+00
-1.232006354832821282e+00
-1.429338656165635157e+00
1.701307002655475076e+00
1.707369444686595905e+00
-1.087825058377283272e+00
-1.095120662680521217e+00
-1.079652309504604446e+00
-1.121881050525422419e+00
-1.070075449943814094e+00
-7.623325559613733926e-01
-1.546975711821637400e+00
1.999599493006641859e+00
1.677411189999419072e+00
-1.616720493844213680e+00
-1.378670058357240880e+00
-1.462922942498756873e+00
-1.299941403719423905e+00
2.018926919421232480e+00
-7.164039812671977314e-01
2.247958673911845118e+00
2.432598179946116268e+00
-8.917135998646752437e-01
2.234858633359845026e+00
2.331542193547056829e+00
2.502241530996257790e+00
-8.373821422226345179e-01
2.155596566861941898e+00
-1.040490514227791152e+00
-9.856148113786011855e-01
-7.159080070823599096e-01
-1.058961075437022004e+00
2.092122428995162764e+00
-9.238621532363209266e-01
1.891913331787220542e+00
1.871753823320263521e+00
1.786238284085442718e+00
-1.135834837829491351e+00
-1.111732817042475174e+00
1.939800990497974276e+00
2.119424228225627260e+00
-8.492864691450161541e-01
-8.516427420838709184e-01
-8.690508052561429775e-01
2.291212962401789177e+00
2.175976701713990380e+00
-8.732783960116443644e-01
-1.027613389443022829e+00
-6.277731206954114684e-01
2.160220651011761195e+00
-1.128421287624512770e+00
2.229083017650887122e+00
-9.851861905045384837e-01
2.062349523794023476e+00
-1.081259796293944753e+00
-1.124852741892315544e+00
2.215833735085922740e+00
-1.070263969468115750e+00
-9.713700830240099560e-01
2.291150028847698472e+00
2.027709163978093088e+00
2.079024469478734538e+00
2.311911741863716507e+00
-1.143525030009618249e+00
-1.279231001741895746e+00
2.164947460419263336e+00
1.609030601947066597e+00
-1.192795279163879840e+00
-1.383956852096172918e+00
-1.483194145833735655e+00
-1.174893553029643600e+00
-9.209242290713273160e-01
1.874104861415861079e+00
2.458640039264458288e+00
2.260349288057023731e+00
2.467705434351768368e+00
2.244967195396311954e+00
1.885888114722735320e+00
1.905626967425857021e+00
1.886887842234968637e+00
-1.256627060818205077e+00
-9.920122009592592383e-01
-1.141463057096765654e+00
2.150932686767066837e+00
2.027550451799070785e+00
-8.459735959555857443e-01
-1.151175017027339820e+00
-1.190367566829137136e+00
-1.247189839239507325e+00
1.995934384947553708e+00
-1.155556878137714794e+00
2.236038452068014326e+00
2.224006209850686755e+00
-8.042491164229861322e-01
2.484471582178171545e+00
-9.515877136056479779e-01
-1.231032608699326625e+00
-9.842515656629611254e-01
1.906763117968483190e+00
1.576486472915906489e+00
2.164701512099587610e+00
1.618016259502744525e+00
2.431923199667888280e+00
-1.007905136572068816e+00
2.372311075389544666e+00
-9.445910832308058724e-01
2.395425938742858918e+00
2.382555191282369478e+00
2.048394046362522314e+00
1.989020088489304339e+00
2.103517429257200533e+00
-1.396632773999123778e+00
2.026955902810813281e+00
2.070297262717298636e+00
-1.232711441659596119e+00
1.957993511858436175e+00
1.500803202682458259e+00
2.824831081997854820e+00
-1.515704014944498024e+00
-7.508067979844353923e-01
1.574044082236861986e+00
-1.030497218984291585e+00
-1.013548743713889255e+00
-9.405913277426876107e-01
2.319458582855844053e+00
2.204309243027479770e+00
-1.073725871175500224e+00
2.046613532419149450e+00
-1.217507989365740118e+00
-1.235226564807753835e+00
1.966006502402717349e+00
2.189677735863658103e+00
2.278484602011724203e+00
-1.094194510043698720e+00
-1.481742827386565153e+00
-1.275725793588955881e+00
-8.216130128698461155e-01
-1.028119574657934576e+00
2.072708695381439092e+00
2.108754289904968271e+00
-7.664051610159997585e-01
-7.651531299608620440e-01
1.605197719754356100e+00
1.528063446870603803e+00
2.078447515220290587e+00
1.994001060612891507e+00
-7.284919608143192171e-01
-9.472951536716670562e-01
2.488972167575965067e+00
2.268901599121927237e+00
2.505797446344051771e+00
-9.105441256584526633e-01
2.470013799305003754e+00
2.581811737919680994e+00
2.518287428461207345e+00
2.497555526478319354e+00
-6.151443755989578488e-01
2.454824609159413473e+00
2.402361536587641844e+00
2.331872188735824469e+00
2.389071958507062110e+00
-7.336548887741440872e-01
-8.897949665105572281e-01
2.228321826828845165e+00
-6.291759043853566435e-01
2.225542741250874368e+00
-1.020226421048357368e+00
-9.774554523933646211e-01
2.232136195690329838e+00
-7.773421824529475055e-01
2.252179198517280767e+00
-7.501371980605581191e-01
-1.007565368552155505e+00
-6.523648480660422244e-01
2.253016966401769405e+00
-9.202759864819235469e-01
2.214489340981555365e+00
2.039094498251226462e+00
2.146384751375053135e+00
-1.313958327366433254e+00
2.459059275562349267e+00
-6.008818117914455081e-01
2.472710196333892885e+00
2.287063489734427968e+00
2.476743406589289265e+00
-6.306063456538041345e-01
2.337474983384544736e+00
-6.005224581873765954e-01
-5.651344888250092735e-01
-6.945696671819079349e-01
2.441967202796827330e+00
-7.530565647529327000e-01
-6.761678847673254777e-01
-7.287290050474044545e-01
-5.711604203406007718e-01
2.569398674472965105e+00
-5.628238928536773988e-01
2.322427381389848389e+00
-5.984871351814800011e-01
-6.435811120791236073e-01
2.188424154188485460e+00
-8.827722832364719441e-01
2.421815469475613547e+00
-9.245014570157579215e-01
-1.098476832659865732e+00
-8.205437590270072690e-01
2.235209350232767012e+00
2.155861874936746414e+00
-9.386938110537024205e-01
-7.990758890796000324e-01
-6.748061605702799781e-01
-6.449744826216955440e-01
-6.040502647139096570e-01
2.157334929882247732e+00
-1.129430805747877242e+00
-8.368859635124654694e-01
2.273094991146277444e+00
2.311085629173140976e+00
-6.116830421650182315e-01
-1.140599691785792569e+00
2.536322946506531562e+00
-7.797578150332602487e-01
2.274989169057051175e+00
-9.048685574227541828e-01
-6.090831957873015234e-01
2.398454086105779037e+00
2.331251602207340845e+00
-7.712509908657515512e-01
2.226059312016309910e+00
2.290097606833385591e+00
-1.001689713350347732e+00
1.994174846443109050e+00
2.285613592113878934e+00
1.797476518146094104e+00
-1.206433100051296226e+00
-1.072484549428059708e+00
1.962464033031278365e+00
-9.820002748533682713e-01
2.207238031053485816e+00
-8.854033678516043393e-01
2.206631876857444219e+00
-9.674139737282254625e-01
-1.046972250772608692e+00
2.083569441085102447e+00
-8.157957326302895940e-01
-1.092780390441951965e+00
2.278907256803836212e+00
1.923961804902294626e+00
1.680968607361671641e+00
-1.293610535475838930e+00
1.957800371779004012e+00
-1.215385548486451750e+00
-1.137125297450154449e+00
-1.268164733487253670e+00
-1.289578264431218368e+00
1.829130188115220212e+00
-1.280621972980616308e+00
2.083665692159700988e+00
-1.291157609189445443e+00
-1.153403787588760832e+00
1.819827387702965815e+00
1.593955163601326719e+00
1.735809566415643213e+00
1.641007421328315896e+00
-1.327680171626732131e+00
-1.550472482190745849e+00
1.821244009256195007e+00
1.785953664210436775e+00
1.953550594553004283e+00
1.918562381517214810e+00
1.607709936375573356e+00
2.067942668395418071e+00
2.035495857224873806e+00
-1.300324353208793138e+00
2.479416703777006070e+00
-1.187199541422739868e+00
-1.536486898273711210e+00
1.966203737697259202e+00
-1.449734424795508181e+00
-1.331651223881106905e+00
-1.241769243055522720e+00
-1.163883203458196958e+00
-1.271257213102115369e+00
1.916089688666952728e+00
1.841554340190844519e+00
-1.421268098218900100e+00
1.660543716324515362e+00
-1.304428304144691131e+00
1.519534089795544940e+00
-1.445635889597231882e+00
1.956722285994749955e+00
-1.477026012754251605e+00
1.743991698200961782e+00
-1.513414189843172108e+00
-1.525183900662371750e+00
-1.545024098941384372e+00
2.502302278161970150e+00
-7.196476084152123587e-01
1.917127774148174257e+00
2.459125802983648690e+00
-1.054123867884871224e+00
2.042598827260538208e+00
1.997819690305303153e+00
-1.045588288494605056e+00
2.147782448538163358e+00
-1.211161036998056773e+00
2.015212120220638337e+00
-1.070513640459884508e+00
-1.176916892096487421e+00
2.008348528935893107e+00
-1.090435718783299812e+00
2.177858920243690655e+00
2.250310026325824886e+00
-9.445535446017412351e-01
2.055922788912473820e+00
-1.137562379218783226e+00
1.965313502712198845e+00
2.257838328823298379e+00
2.031799453514550713e+00
1.900873936380374385e+00
-1.241148263661117523e+00
2.038679037218248613e+00
-9.420416743598205578e-01
2.096330912069341412e+00
-1.079074705778777954e+00
-1.180023563530977038e+00
2.158703475843185782e+00
1.987358075117693357e+00
1.961856118642843594e+00
1.922841026425586852e+00
-1.214343811393597372e+00
1.889095566141263616e+00
-9.131792851961980650e-01
2.275110710678259984e+00
2.137244900741513298e+00
2.232164368673919430e+00
2.290069206792422207e+00
2.247316540060650958e+00
2.277933655472078822e+00
2.276061107993598398e+00
2.165753657973355395e+00
2.157522933906117490e+00
2.220908783390448171e+00
-9.566479459334992219e-01
2.153123984656458489e+00
2.233583829788982289e+00
1.980731574415912188e+00
-9.188285387493180245e-01
2.107130273727799707e+00
-9.750756468400851862e-01
-1.031459085378765295e+00
2.288932910312001301e+00
2.127227909278888607e+00
2.269292778432680180e+00
2.294784991093786974e+00
-9.161889269519903900e-01
2.075835956810638816e+00
-1.078780365148668485e+00
-1.056890569427834770e+00
2.279533038478877671e+00
2.132707875080777526e+00
2.098179146171628151e+00
2.443455464252536569e+00
2.369584898230952419e+00
-6.533623103888607231e-01
2.317470250610594640e+00
2.491803279812387029e+00
-1.267380384963827655e+00
-9.770381121875010288e-01
-6.842365431185404301e-01
2.454036573355022011e+00
2.303410266653641791e+00
2.363171146848932924e+00
-6.609145119428503357e-01
-8.098404619806744975e-01
2.391741291070774711e+00
2.329494375895001301e+00
-6.955083790785638875e-01
2.491288713580378733e+00
2.403625510255974707e+00
2.487357117044143084e+00
2.382300806128753834e+00
2.261927783977403461e+00
1.976321242069815298e+00
-8.964287494355716035e-01
-1.168654599249644432e+00
-1.045474826064065610e+00
2.366947894251644424e+00
-9.563121571585811997e-01
-7.207250121647542640e-01
2.516781079825040734e+00
2.037614697102906103e+00
2.432012842427663912e+00
-6.719138371777930718e-01
-1.148854814355865228e+00
2.174349381506570200e+00
2.153396264605339283e+00
1.875411597190741464e+00
-9.172266602383818412e-01
2.407902692834828606e+00
2.494557997198473043e+00
2.334263651492106462e+00
1.948906072723939120e+00
-1.082630847428773579e+00
-1.472204541893672447e+00
-1.083378512325713583e+00
1.733781179784642523e+00
1.964736499318562313e+00
-9.978848037597976006e-01
2.050321305613344247e+00
2.251636623875111987e+00
-1.018706787559306548e+00
1.942807928161057518e+00
-9.242262625134669562e-01
1.845311739413605601e+00
-1.047588654891933313e+00
2.023168545027267395e+00
1.954534303505365944e+00
2.028069407435573623e+00
1.980463062979076483e+00
-1.089937375224044880e+00
2.259569775341411901e+00
-9.934905239245922504e-01
-1.188937270098930687e+00
2.134422749493242843e+00
2.185587261613171073e+00
-9.561509734100144264e-01
2.116212044244115908e+00
-1.055067603130108944e+00
-1.133652116862043480e+00
-1.194078632510183313e+00
-1.089135460244064157e+00
2.070243048662626872e+00
2.186502902343716137e+00
-1.132965811771511122e+00
-8.585685208401111490e-01
-9.008435577380371484e-01
2.268332822571667684e+00
2.348689596537371305e+00
-9.547845197291630059e-01
-1.139042170264864762e+00
2.055413295048925892e+00
-1.029423235734688413e+00
2.175683212528119803e+00
2.280739056554701438e+00
2.216133241486038852e+00
-9.190992049676975917e-01
2.177018008575094310e+00
-8.585763448908863005e-01
-9.998460173256109584e-01
2.166637073098535815e+00
2.296266170644748250e+00
2.272218203846312345e+00
2.002523684278887828e+00
2.077140607177639708e+00
-7.683659542393191932e-01
2.286378874843394637e+00
2.259915966137529431e+00
2.255042649375365915e+00
2.227569234257041231e+00
-8.561457698545651418e-01
2.279083101715609683e+00
-9.128520484939196544e-01
-9.410705985485486869e-01
-1.189447519295994349e+00
-9.652567112105913116e-01
2.191454180453063838e+00
-8.980761915852454313e-01
-1.098647607635273138e+00
2.250235540251079414e+00
2.049401590904914805e+00
1.875712479531685517e+00
-1.280634756485337089e+00
2.033430563705036054e+00
-9.531440696978421556e-01
2.007210723144367659e+00
-8.742175194735811727e-01
2.019912890542041151e+00
-1.059273385987960170e+00
-1.115984685533045084e+00
-8.670724644217612243e-01
2.105777064508817187e+00
2.296501245860271823e+00
-1.144951853926045260e+00
2.067073737133493516e+00
-1.048923278636253675e+00
2.189058907763984596e+00
2.232783698376719972e+00
2.260258828921564156e+00
-8.292349711625751629e-01
2.176262448976037600e+00
2.031211837027401046e+00
-1.223026652565973427e+00
-1.200699201846362696e+00
2.043799102880851759e+00
-1.245646175710482195e+00
-1.161472906490240486e+00
1.972091222618327366e+00
2.113449472753367253e+00
-1.081012069197211822e+00
-1.105708683158878936e+00
-1.111297026872849925e+00
2.214703802908336794e+00
-1.115593757274419673e+00
-1.103747011901560882e+00
2.036615401186191665e+00
-1.212161471799628076e+00
1.919564270765836911e+00
2.151182380468954491e+00
1.955995317214831219e+00
-1.080883563013457671e+00
-1.144348056173063677e+00
2.015837343776277546e+00
-1.061958692615057487e+00
2.013278641056511997e+00
1.992657004790879816e+00
1.968250446676135024e+00
-1.226905594755183904e+00
-1.152869736868489481e+00
-1.183770305086598862e+00
2.151090293233989481e+00
2.017072804385556584e+00
2.105491452785339224e+00
-8.854561522155246500e-01
2.086016603137447856e+00
2.199981827956884572e+00
2.295185627719584787e+00
-1.100627278193804459e+00
2.111593308966579041e+00
2.158711806507160880e+00
-1.066335176530891937e+00
-9.179162583681673704e-01
2.068808788185166669e+00
-1.185982610125891901e+00
2.173433937344209532e+00
-1.103152663387505061e+00
1.995815569533517131e+00
-1.128327473020015237e+00
-1.027097764583664308e+00
2.066307180298222246e+00
1.831014841463062037e+00
-1.311301975060889635e+00
-1.157273271083371524e+00
-1.137985975116162507e+00
2.069612281954963606e+00
1.461767481637513022e+00
2.051275969290980328e+00
-1.648745654929873572e+00
1.653421573526697497e+00
-1.582196551855342026e+00
-1.256975228255204247e+00
-1.203217637954713704e+00
1.916746838686189669e+00
1.882949872698861382e+00
2.055703117482118536e+00
-1.289317666142709706e+00
-1.106980279078350504e+00
2.269296666531876117e+00
-1.059511642406426146e+00
2.266466579012248239e+00
-1.690194535988290614e+00
-1.034176320227513379e+00
2.018872072445252464e+00
-1.098992854018769894e+00
-1.181585682142556992e+00
-8.262089077693973715e-01
-8.592534941676900351e-01
-7.809255954437782643e-01
1.796627675237632893e+00
1.870319132676698803e+00
2.075721855500848978e+00
2.030866963688056526e+00
2.061832755547943208e+00
-9.891250605666446205e-01
-1.182244332901571937e+00
2.028079281669350475e+00
1.910152873769838777e+00
2.262402470115564945e+00
-1.190527512172310232e+00
2.154703379664098861e+00
2.198894193136702313e+00
2.241629515224075941e+00
-1.121699345672245496e+00
1.818564892163224922e+00
-1.142080923961284133e+00
2.362501869650055042e+00
2.353900166605897404e+00
-8.611110715861106657e-01
2.374257182680591605e+00
2.212414754823232688e+00
1.992648411557343291e+00
2.129220692568133178e+00
1.869606881502789308e+00
2.003881594123372079e+00
2.382785912915726723e+00
2.111592979910847045e+00
2.454026320245206616e+00
2.405007358255076610e+00
-9.388901663141276943e-01
-8.502694506616734760e-01
-1.087585274066769525e+00
-8.255438394721920092e-01
-8.412779819162843342e-01
2.154189007960157554e+00
2.245847258237976707e+00
2.253354401131008711e+00
2.246932744117128067e+00
-9.132272303380369882e-01
2.294586448624255759e+00
-7.916977024451589129e-01
-9.098091903103849853e-01
2.149440902593483305e+00
2.144848253577132713e+00
-9.759083366633738432e-01
2.277136483131799061e+00
-1.076756277827199293e+00
2.400732027009887748e+00
2.062660140061068681e+00
-8.218862766441238366e-01
2.237907754842936914e+00
-8.424848451501217861e-01
2.314679514502929969e+00
-8.602784641385075037e-01
-1.095091324654704934e+00
-1.087944622859538635e+00
2.372120074510379872e+00
2.135837596149959605e+00
2.362616016032346611e+00
1.977900490602217509e+00
1.905108015606405747e+00
-1.195928369315916617e+00
-8.655290971126021748e-01
1.937072930814499605e+00
-1.092891136441070721e+00
2.056540162259898885e+00
2.413656648244233427e+00
1.994854273230699748e+00
1.865086700893060723e+00
-1.026833008634527644e+00
1.979782341558654624e+00
2.356580626774642084e+00
2.022325670675788611e+00
2.106128758311809790e+00
2.009389610919707359e+00
-1.056654156702173220e+00
2.410473743879697039e+00
2.038755497380893900e+00
2.159074105258353971e+00
-1.068504509080831388e+00
2.211501684474435514e+00
1.856168952419943174e+00
2.400255024481667387e+00
2.158848385571281892e+00
2.068971033978541207e+00
1.606266130360954225e+00
2.409616848711138015e+00
-1.078888922787121230e+00
2.142635174350377536e+00
-8.496768334541654477e-01
2.187155333837207394e+00
-1.422548002913689880e+00
2.027393440630069765e+00
-1.077096485693660677e+00
-1.281290573309221914e+00
-1.350784973505067432e+00
-1.458669012502034956e+00
1.576346358576338202e+00
-1.427460953100490926e+00
-8.225336155812291716e-01
2.071502724674168405e+00
-9.956893544179239441e-01
2.205289560168528062e+00
-1.030423419923461870e+00
1.744299142981534878e+00
-1.341870291674672977e+00
-7.418283055789068881e-01
2.153754778108044388e+00
-1.578578477291845195e+00
-1.199262809492184445e+00
1.811027279868193451e+00
-1.136783562418185900e+00
1.587277113854910215e+00
-1.042752867830478047e+00
-1.136113725096735250e+00
1.707435492665094312e+00
-1.089029385806516981e+00
-1.425899633855512327e+00
1.587685467174368981e+00
-9.839219141063842988e-01
1.757990503526167592e+00
1.510505937014889444e+00
1.532593051715650301e+00
1.524017843006210571e+00
-1.582794810344938075e+00
1.746038042810901469e+00
-1.434188257705366398e+00
-1.272751732941134639e+00
-1.294533790178249877e+00
-1.023583794867828800e+00
2.145993262702104332e+00
-1.212900896699673492e+00
-1.172234164539274204e+00
1.977369557618739782e+00
-1.187928749752869440e+00
-1.249426528175247020e+00
-1.059289484232937673e+00
-1.586357136514147559e+00
-1.535687759426544563e+00
-1.422730011876277567e+00
-1.589537510706433121e+00
1.637638959016936235e+00
-1.600272153348445192e+00
-1.487467514242477362e+00
-1.377172434534702505e+00
-1.234531493634022148e+00
-1.309866892563475327e+00
1.766695333954610314e+00
1.608410650044274748e+00
1.716383286001267106e+00
-1.641601752698427230e+00
-1.210799038480354639e+00
1.595784760366335542e+00
-1.489969756841971860e+00
-1.609075348396352689e+00
-1.322439934274960427e+00
1.736279963749360000e+00
2.229281415048137482e+00
2.228256257891177761e+00
-1.263542117163944489e+00
-1.286604186927094995e+00
1.627974906373201858e+00
-1.436526011466576325e+00
-8.785406653635088325e-01
1.859427860621204243e+00
-1.329848381673029323e+00
-1.232969823540974508e+00
2.369644389461740275e+00
-1.220087895347891527e+00
1.944249999841437981e+00
-1.318536423325404217e+00
1.903161206034341690e+00
-1.525812126552901216e+00
1.913206140213584039e+00
1.787535102459083314e+00
-1.560188537309887380e+00
-1.538121599576163900e+00
1.849810944495843712e+00
-1.302735012043162888e+00
-1.168680349830983900e+00
1.592588002471561515e+00
1.733796260897667363e+00
-9.119646722387398929e-01
-1.093506014700496243e+00
-1.242515577037265340e+00
-1.478129172065057784e+00
-1.559396188827976149e+00
-9.265154754686618643e-01
1.897572841024063317e+00
2.095752168180331942e+00
1.995200450800097114e+00
2.289428334031622381e+00
2.059686563272416837e+00
-1.471650801256382923e+00
-1.173748285125220781e+00
-1.189944492909796425e+00
1.952984330723700035e+00
2.157262491411417571e+00
-1.255706266234287938e+00
2.247512844772272533e+00
2.225459583564021404e+00
-1.110016978222534201e+00
-9.077845593450726280e-01
-9.620921923236471773e-01
2.035066036293165403e+00
1.921525858937046971e+00
2.251475024243238643e+00
2.511334264333791477e+00
-9.065957056696515304e-01
2.598215492059956944e+00
2.107140187557098532e+00
-8.291055926970781753e-01
2.387139359986032439e+00
-9.691805240026050150e-01
2.173276436816163226e+00
2.045504554892967342e+00
1.845595855982555600e+00
1.864096580625183686e+00
2.508571406172237950e+00
1.983398766925736689e+00
2.017994587940556528e+00
1.942779534020670607e+00
2.175196193759637797e+00
-1.011582832108658625e+00
2.153737006054143421e+00
-8.439557522786226285e-01
-6.276695232610437492e-01
-1.225865607953936953e+00
-9.084629914649159366e-01
2.145968929949349402e+00
-6.230537154254346399e-01
2.513677633360881458e+00
-7.523051571782100044e-01
-7.076825052462397680e-01
-8.299587245157354909e-01
2.544069764967775260e+00
2.479017260845619575e+00
-9.134607200769619961e-01
-8.185714768347153170e-01
2.005655841695099362e+00
-7.027331853209420887e-01
-4.938437442063175475e-01
2.837159993875728592e+00
-7.483482189008963115e-01
2.667441243363761760e+00
-4.702219971292223022e-01
-6.619454462478350232e-01
2.478608640904796268e+00
-4.848029651843864807e-01
2.515940118758145161e+00
-7.527133795063366550e-01
2.518581909381371720e+00
-3.821285371496049299e-01
-3.219947981205095733e-01
-6.655356971250944165e-01
-4.460620715171513817e-01
2.637402867100810511e+00
2.691161868779223809e+00
-3.479239693808059974e-01
-6.860277591865679980e-01
-8.063696508948626773e-01
2.613042752254874923e+00
-1.177990991320670755e+00
2.275231713130707156e+00
-1.019910243168237640e+00
-1.249898094127501746e+00
-1.293086812860560597e+00
2.180887262089826972e+00
-8.602263012209595550e-01
2.244368760390482720e+00
-1.172635178948250090e+00
-1.006154596153526537e+00
2.234936947895695525e+00
2.232590076460693407e+00
-9.713882339987413017e-01
2.082614132412909491e+00
2.201707522789728255e+00
-1.301275578588605430e+00
1.842521330805780844e+00
-1.244323240924526841e+00
1.841548070050858410e+00
1.853449675409577502e+00
-1.232311306998689071e+00
1.857200304977582261e+00
1.891584478341072906e+00
1.951808088386700613e+00
2.045164307205026066e+00
-1.296718180410028953e+00
1.939555257798248222e+00
1.829748040641551832e+00
-1.241514257526886711e+00
1.898373646495424616e+00
1.836045099631151256e+00
-1.285483611775566581e+00
1.931108679043771481e+00
-1.245288355597870655e+00
-1.321297721650382728e+00
-1.238626413180212493e+00
-1.180169978907303685e+00
1.892892114601725462e+00
1.948629607862604640e+00
-1.288579114044215768e+00
-1.052423720215756697e+00
-1.117291151957134243e+00
1.912326013740470509e+00
-1.001800588371069445e+00
2.169531119686047838e+00
-1.181085355141219040e+00
1.893589257869512377e+00
-1.062627938829195262e+00
1.925181604683095848e+00
-1.009112780577491542e+00
-1.259447789825745012e+00
-1.176667758015708776e+00
2.137880603468078178e+00
-1.081981385827685882e+00
1.969775066253900198e+00
1.990686250373332467e+00
-1.222689923527688016e+00
1.954837489884061030e+00
-1.251113999117427822e+00
2.154887632571937495e+00
1.874972606774377271e+00
-1.105371598773381425e+00
1.949946841018787014e+00
-1.070998092670968571e+00
2.028166497063293328e+00
2.111158377363549388e+00
-1.247001729952740723e+00
2.164925767408893087e+00
-1.069468041358667687e+00
-1.236344397563145625e+00
-1.234646119506446871e+00
2.073888398623902507e+00
-1.317181477378018162e+00
2.145499783013832484e+00
-1.005506476700357865e+00
-1.091502750810315447e+00
2.111966242482089307e+00
-1.185245539177719687e+00
-1.108097830167377840e+00
2.002786739944699690e+00
-1.017683792242596308e+00
1.969337823105340668e+00
-1.097393395130774829e+00
1.876246485647682150e+00
-1.317534125504683296e+00
1.849924599749785958e+00
1.854405906966816620e+00
-1.290997919560149976e+00
-1.208479774793471906e+00
1.936816254195188325e+00
-1.213806259981202285e+00
1.964354589733967815e+00
-1.116330438970913219e+00
-1.285347469036260959e+00
-1.169418866814228686e+00
-1.238504766766922005e+00
1.820822930275725726e+00
1.875970621431580332e+00
2.191031233814051848e+00
1.961939666589242126e+00
-1.082080253548285853e+00
-1.079390829736977864e+00
-1.099637363097265341e+00
-1.085156933503525822e+00
1.955872860167862992e+00
-1.202137045007141802e+00
1.943887220344338473e+00
1.920748420171406678e+00
1.976362125993208485e+00
1.910032117561544451e+00
-1.130418142531365078e+00
1.833014585789707995e+00
-1.189532730332608645e+00
-1.323868911378742963e+00
-1.278071549411493812e+00
1.824744143515034445e+00
1.920758388169123698e+00
1.827175067312263534e+00
1.821642821869249751e+00
1.831285816752419082e+00
-1.323290033037355595e+00
2.003356058951363927e+00
1.850453130435534277e+00
2.109343858440523523e+00
2.111459318943737618e+00
-1.022008383607268422e+00
2.084279091039481724e+00
2.154453461821509208e+00
-1.054428196071384605e+00
2.147917037857743683e+00
2.152684786152014862e+00
-8.193185349196907552e-01
2.050148155439879272e+00
2.160167692024435926e+00
-1.130378282085952701e+00
-1.032754790108681764e+00
-1.176382436732884118e+00
-1.122024783434240280e+00
1.963389746691332149e+00
2.178443808326463671e+00
-9.744050145090099591e-01
-1.067396385682475302e+00
-1.038549187887988889e+00
-1.104277891714015025e+00
-1.117942309082874175e+00
-1.010155363204748857e+00
-1.018940979818715675e+00
2.218961761397820087e+00
2.214895432214156745e+00
-1.133885321716816330e+00
-8.807080231654876856e-01
-9.462330966521086406e-01
2.300725874463738663e+00
-9.521082990367455423e-01
2.181202630268749942e+00
-1.021415647783387559e+00
-9.614320256886609295e-01
2.059077638191920911e+00
-1.143683501536574498e+00
-1.195785947299916163e+00
2.057129588394878361e+00
-1.148815109473576124e+00
2.114733076229904363e+00
2.030988489539012676e+00
-1.233636845013632355e+00
-1.198212167322330934e+00
-1.206363718606775937e+00
-1.170381790891450668e+00
-1.212331679788156036e+00
1.885234816367272304e+00
-1.157877522539195514e+00
2.177136418290930298e+00
2.052967439512861869e+00
-1.117413213159806684e+00
-9.696367931997555978e-01
-1.114152697688320925e+00
-1.146899026807785216e+00
2.020631100706248073e+00
2.023149162955322655e+00
2.020169902949198182e+00
1.884045073980065821e+00
-1.245336424608112447e+00
2.254187539954130681e+00
1.878916069908892927e+00
1.877250865898910881e+00
1.999771793898707628e+00
-1.205413420970956828e+00
1.865690226149954611e+00
1.888832378408377144e+00
-1.083893802856138011e+00
-1.161704836687444953e+00
1.874697490518555387e+00
-1.189588698450392723e+00
2.017396795685133526e+00
-1.164241344324309813e+00
1.887075047457287935e+00
-1.123116769703995210e+00
-1.148676449757175089e+00
-1.117686811450175233e+00
1.966612034471308057e+00
-9.906444726521631550e-01
-9.802568029213538647e-01
2.025282363660998453e+00
2.551170631825374180e+00
2.195453052041961506e+00
-1.005864659908565439e+00
-9.156288379266722677e-01
2.316605019729020665e+00
-6.140100416698733854e-01
-9.941527405611183532e-01
-8.496667235727711764e-01
2.016862427764309018e+00
2.387128803790978804e+00
1.995638440391310775e+00
-1.154550027929712286e+00
1.997589121598703388e+00
1.996932658459845022e+00
2.151018540601850049e+00
2.118553316358175564e+00
2.011927609869330613e+00
-1.259581482445770062e+00
2.039860049259001329e+00
-9.958017583429519259e-01
1.974665359468910530e+00
-1.061881067481657226e+00
-9.639197957933145489e-01
2.154401303070945239e+00
-1.013164293515448788e+00
-8.755057081384302053e-01
2.249379259257745289e+00
2.501687892507796107e+00
2.649480039108569773e+00
2.562517731607102167e+00
2.422341745219608988e+00
-7.950439975095777712e-01
-8.022829111603194674e-01
-1.041159438313754793e+00
1.916960566572053271e+00
2.429438090287516783e+00
2.430310113956708928e+00
-1.157499554886002979e+00
2.153150394131116308e+00
-1.196283466934853879e+00
-1.133649861886574239e+00
2.383936544026531656e+00
-6.858983944342864625e-01
2.615509589890905318e+00
2.622641523234257033e+00
2.539653702689148140e+00
2.393163270496131645e+00
2.622781968765344640e+00
2.235545226512150485e+00
-9.836190634885930706e-01
2.096821764221322937e+00
2.346638156800579633e+00
2.547246557959437219e+00
-7.118999275152897432e-01
2.220101166835570794e+00
2.578233822872282754e+00
2.513560175616453396e+00
2.405249186314192045e+00
2.281258735357344136e+00
-8.910391895078882962e-01
2.599279687565457131e+00
2.578126910902093449e+00
2.073130282159867832e+00
-1.236880620420971688e+00
-1.045807036659098577e+00
-1.146684428725940785e+00
2.027117793406067126e+00
-1.244007073597436897e+00
1.965473972480249687e+00
2.058973416655344835e+00
2.298163380330377148e+00
-9.141623744801995466e-01
1.873789564870619762e+00
-8.556027913268730023e-01
-1.038089926241398286e+00
1.904282108452348687e+00
-1.526981961465923243e+00
2.077176567591136003e+00
-1.045806064732363039e+00
-1.165869257782392587e+00
-1.378146942194317104e+00
-1.577294706880556285e+00
2.253236497569935270e+00
-1.217501642449151822e+00
1.878059505789561712e+00
2.142264016787527758e+00
-9.351303906240191477e-01
-6.049946216765026419e-01
1.829639252068003819e+00
2.262121528744955423e+00
-6.848241320442142177e-01
2.277747876564543805e+00
2.491455605772302739e+00
2.130859703864328214e+00
-8.821833249258711485e-01
2.468693641359752000e+00
-6.949237707468242098e-01
-8.300744834779488768e-01
-6.409826399083449200e-01
-6.684872087151590980e-01
2.509934924726191952e+00
2.445221132487069848e+00
-5.338586277614949527e-01
-5.098040760879258837e-01
-5.327853157051098965e-01
2.600096394053914572e+00
-5.884426880729839437e-01
-5.800463287801197465e-01
2.212746531460435762e+00
2.478803716262334866e+00
2.481403523044768633e+00
-5.330641639943138888e-01
2.062562840526956265e+00
2.114478545971278045e+00
2.159162503880895034e+00
-9.810434879312284195e-01
-8.771675782055551318e-01
2.105413360812293355e+00
-1.010637492006060567e+00
-1.006665344562932773e+00
-1.003922927335609838e+00
2.104708755112985497e+00
-1.069323898111339100e+00
2.238017284259715467e+00
2.061773924980270234e+00
-7.474235428509162782e-01
2.395771508264136873e+00
2.315310617652444947e+00
-8.293051652897974746e-01
-1.139282312357702942e+00
-8.092983051659486948e-01
-8.573593580983677187e-01
2.245875911366690847e+00
2.259742518829797930e+00
-7.872920617513522457e-01
-8.660939287225571936e-01
-8.619402874247945601e-01
-9.894596453983837137e-01
-9.903986414861912779e-01
2.243453501735646061e+00
-8.224991161418242491e-01
-7.685857331332064390e-01
2.308035726958936440e+00
2.400723622674743929e+00
2.369465036686555059e+00
-7.373229542932575598e-01
-7.660009780558311165e-01
2.332016923712287415e+00
2.398226803157212927e+00
-7.429047079285252542e-01
-7.427106367081991456e-01
2.362971888388762043e+00
2.340823689653521278e+00
-1.072756363268176250e+00
2.355187952504117277e+00
-8.013478418418188420e-01
-7.332307980144692205e-01
-9.681415737670084898e-01
2.145429640236662827e+00
2.157346114851294683e+00
-9.703647156990750089e-01
2.174864935148401290e+00
-1.098707685985877092e+00
-1.016956579475515321e+00
-8.509892071015366932e-01
2.352737498235320857e+00
2.208098152795594515e+00
2.334404767631784505e+00
-1.036589020718075460e+00
-8.978230807477172171e-01
-1.061372547043640591e+00
-9.388021998493774056e-01
2.383818659843596865e+00
-7.598453513865311981e-01
-9.143508833073507036e-01
-9.779500882392858641e-01
2.262790491847421315e+00
-9.584690676559886047e-01
2.284758215176452723e+00
-7.995012740641783688e-01
-1.103113239218871611e+00
2.133561353616704626e+00
1.948482357297608658e+00
2.343832830186737937e+00
-1.335454487289631675e+00
-1.331779615268094741e+00
1.935661681673585210e+00
2.155823551367999968e+00
-7.981628111596141828e-01
2.383870870736793712e+00
2.365758149331549820e+00
1.830585153276450106e+00
-1.480891697186161871e+00
1.869260342887464565e+00
-1.177886949282735296e+00
1.415080762203926312e+00
-8.489101745772784646e-01
2.064599659464635639e+00
-9.920627831008207442e-01
1.507666230931050677e+00
2.096681130657816805e+00
-9.834688908155353460e-01
2.160642767391119712e+00
2.035152623775710268e+00
-9.957646497627187232e-01
2.338041524536442317e+00
-9.428633320942105822e-01
-1.649227385442016969e+00
-1.552600630638320656e+00
-1.434695043860373165e+00
-1.024395932786511088e+00
2.015993719239403514e+00
1.841482805669558243e+00
1.920666781628797670e+00
1.738102904927443459e+00
-1.389940088424438391e+00
-9.661531587896835527e-01
2.142121882693352575e+00
-8.657327271961910986e-01
-1.105220186487152700e+00
-8.041541205494124878e-01
-1.025747003063294471e+00
2.224250852520904598e+00
-9.429254508393338785e-01
-7.980232415890919917e-01
2.124335033184263644e+00
1.776727183863295201e+00
2.055896470968040735e+00
1.951503502162540205e+00
-1.245673848521745564e+00
1.909434523824539820e+00
2.307078175082490024e+00
-1.100845014679729506e+00
-9.592836347241683326e-01
-8.444298950892676903e-01
-8.495825420001310579e-01
2.288416027172122558e+00
-9.794483706924290711e-01
-1.161760321038582067e+00
2.201902640956018509e+00
1.991424220327470573e+00
-1.245666562412926393e+00
-1.050180692201593491e+00
-9.233569817091707987e-01
-1.023263276268993049e+00
-1.009382360475093110e+00
2.283216859025456014e+00
-1.259102995265375391e+00
-9.065804604572574865e-01
-7.803446722239250066e-01
-9.229979316662862976e-01
-6.711213816604141291e-01
-9.801971481024646105e-01
-1.408464832136688605e+00
-1.333876425841883817e+00
1.822407069757128628e+00
1.824345370402243871e+00
-1.276511953803916688e+00
2.009535599185994670e+00
-9.541580932367814682e-01
-1.343871708902756090e+00
-1.150621404813309434e+00
2.266747941281439971e+00
-1.200061999305400029e+00
1.890186255391254289e+00
1.771424132300160048e+00
1.824913643208058822e+00
1.735065873360102984e+00
-9.950277794705169043e-01
-7.853311408943589589e-01
1.928059333132126962e+00
1.571614257391020342e+00
1.743828266170939001e+00
-1.432167534266230113e+00
1.714152640160029772e+00
1.803297828868155150e+00
-1.431804663126433841e+00
-1.101197857317753437e+00
-1.298814531997559252e+00
-1.418380882894467510e+00
2.354910458262006845e+00
-1.248801302597649654e+00
1.553948022137612961e+00
1.526564308682490489e+00
1.882130075633704269e+00
-1.467648908909085836e+00
-9.689906842413515964e-01
-9.892251538762575347e-01
-7.657585882132835753e-01
-1.015814628872560244e+00
1.952027766793093200e+00
-8.536618302029812533e-01
-1.109972916683236610e+00
2.068447395891088281e+00
-1.043029927592512562e+00
2.214407200810470489e+00
-1.692554778384745662e+00
-7.050311627140738446e-01
2.687370210113160240e+00
2.651889069443938762e+00
2.598669549177929916e+00
-2.565110579686006864e-01
2.551811139503227022e+00
-6.344586453706017037e-01
-1.245875879941516162e+00
2.555417791217338142e+00
2.163817609209844672e+00
-9.407896386920274745e-01
-1.590411681634316343e+00
-1.103334783614474457e+00
1.596611670781899139e+00
-1.004911238477528723e+00
1.847885712776588862e+00
-9.026629918273144648e-01
2.243099310407798530e+00
2.315172402188540257e+00
1.823471303275364885e+00
1.701578409523542890e+00
-7.698203788829827143e-01
-1.588045716910587490e+00
2.417144784828308524e+00
2.651564729054041614e+00
-7.627890849546479224e-01
2.555163269712708018e+00
-6.688384606705851665e-01
-8.850993084872672556e-01
2.162231765611426937e+00
2.513961851830143424e+00
-8.255362997815189896e-01
-1.557782325759959008e+00
-1.423187849531609483e+00
-1.558402181185173374e+00
1.669616202069270416e+00
-1.396839330723743444e+00
-1.410311898158555843e+00
-1.519568852051178087e+00
-1.397994443776412909e+00
-1.568696689450210346e+00
1.690521754868123727e+00
2.036305231436013941e+00
-1.055112437229109412e+00
-8.937059657905035426e-01
-8.041545807679804092e-01
2.307059729415333660e+00
2.301948199463097477e+00
1.645371472324235418e+00
-8.307391520107064720e-01
2.039115832065728995e+00
2.499786034787023326e+00
-5.629568638903665878e-01
-9.498878087979014673e-01
2.520838192485002960e+00
-9.452303130724205582e-01
-1.135999779271519072e+00
-1.233016545686811183e+00
-1.256523027275830540e+00
2.056341082679909782e+00
-1.265979447168416483e+00
2.412115144811985079e+00
-1.267041275066070227e+00
1.866526593716380189e+00
-1.196959529223165619e+00
-8.292931316408916897e-01
-1.164876705220308395e+00
1.880197860370412588e+00
-1.039008378523255560e+00
2.390960455705909204e+00
2.079274409664633616e+00
2.051464347246763076e+00
2.135068880585932583e+00
2.370907381847096485e+00
1.960340316621609125e+00
1.898803290735384675e+00
2.143442270651911841e+00
-1.397289316680065951e+00
-1.153903015030988355e+00
1.817179784333638137e+00
1.782265236181221901e+00
-1.385356828742753343e+00
-1.343171801940705290e+00
1.623348084378160250e+00
-1.310868101741162750e+00
1.778177891021960111e+00
-1.278681758215040487e+00
-1.355315520978330079e+00
-1.424046595208338983e+00
1.756849246303699985e+00
2.312939876628695490e+00
-7.911054631285384664e-01
-9.694128074488368441e-01
-1.105679762513708031e+00
1.915092651477845020e+00
2.079974411497647502e+00
-1.113737148126529908e+00
2.287744945081329195e+00
-8.994057659377574510e-01
-1.288516510499277956e+00
2.204528982102244683e+00
2.017181660278071220e+00
1.569731335478298240e+00
1.799887234602592034e+00
-1.373205319173323113e+00
1.627257402033210898e+00
1.875324705322623853e+00
-1.461024979296853266e+00
-1.466701136047319665e+00
1.546129259569336112e+00
-1.504403765626677325e+00
1.645434994734843670e+00
-1.118508637740510459e+00
-1.458927677576668636e+00
1.836245005351230031e+00
1.753122439442126757e+00
-1.573956255020335204e+00
1.664358089627511417e+00
-1.332500885550813141e+00
-1.616951201257295079e+00
-8.894190836585097459e-01
-1.180625401900578852e+00
1.792071417046611215e+00
-1.332906543101743724e+00
-1.452738522233330665e+00
1.721101418339708866e+00
1.546169924009282326e+00
-1.512248120054742628e+00
1.539992335897762743e+00
1.759900174385364835e+00
-7.295908731456913765e-01
2.292930025362269308e+00
2.343829549499748310e+00
1.984053350819675376e+00
2.122761632998295678e+00
2.026628620311206053e+00
-9.679495874407084699e-01
2.301746347116599978e+00
2.213326136635567210e+00
2.257328344556879696e+00
2.440077074495080378e+00
-8.330208619397869718e-01
2.288055451990434808e+00
2.453426487068344208e+00
-7.512998423426092698e-01
-7.088508273343987476e-01
-6.866556021693004386e-01
2.131607695024211324e+00
2.490239370489288895e+00
-6.916197151782137453e-01
2.456070654867273273e+00
2.380831507657993118e+00
2.426580616763746701e+00
-7.807976594950983840e-01
2.490411481734818633e+00
2.269877023140423500e+00
2.438296387353381167e+00
-7.983263053789624308e-01
-6.591517450579247317e-01
-8.168271968890308266e-01
2.425019820334337606e+00
-7.867947474070776659e-01
-7.139832183497167861e-01
-6.243715439469075257e-01
-7.935616948776821333e-01
2.028898047900986157e+00
-6.267432820984567554e-01
1.570080239217124030e+00
-7.138342415232914462e-01
-1.521467959160840877e+00
2.418359696703550998e+00
2.051024087018893827e+00
2.114433089748604111e+00
2.296158964302690286e+00
-9.522365445981658683e-01
-8.912424716970944738e-01
-9.904848886149785203e-01
-8.813508136255326919e-01
-1.069137394913338701e+00
1.910759593490555019e+00
2.047468790520405868e+00
1.978529892972764603e+00
1.874265375842395276e+00
2.000948160234638173e+00
-7.661679276304613762e-01
2.141506130344766223e+00
2.357101187136828369e+00
1.859178224045058947e+00
-1.127611749006587338e+00
2.252336562752021543e+00
-9.390633415920253135e-01
-6.826315796276515302e-01
-7.368734617221598393e-01
2.446808778419996333e+00
2.225392060610074996e+00
-8.979040547091664548e-01
-1.334946400979126313e+00
-1.059395324504716074e+00
2.028962837908559358e+00
-9.833278425220416397e-01
-9.366448769624465820e-01
-9.225492450193548688e-01
2.163582966902741767e+00
-9.855871440043627585e-01
2.192864381221649062e+00
-1.028106669416815722e+00
-1.405314556097142065e+00
-1.088522207891398974e+00
-1.347093609572467043e+00
2.040025710667824566e+00
2.244263516410851533e+00
2.105739341330426395e+00
2.249634027619519916e+00
-1.269332903541013691e+00
-1.182356641896867844e+00
-1.303683090354236906e+00
-1.239978964156620123e+00
1.791806115688866496e+00
-1.356176409204182143e+00
-1.505405490368279198e+00
-1.474335213313915149e+00
2.133132267139662641e+00
2.225212739723558375e+00
-1.062126427003088125e+00
2.017074806040741741e+00
2.004707741608511729e+00
2.002393361664306592e+00
1.893577619915999044e+00
-9.840315318306790404e-01
2.288789187363760025e+00
-8.670684884575377005e-01
2.192431142986515979e+00
2.142083786315039706e+00
-8.577775668719085367e-01
2.145093420163692866e+00
2.076311080159784161e+00
-8.925756642975346544e-01
-6.176126484780523063e-01
-7.217246696644035175e-01
2.338396270098858754e+00
2.268699227022263898e+00
-8.764099789663866158e-01
-8.387775261229382107e-01
2.232242966216293922e+00
2.462276127329992903e+00
-6.275459068137752006e-01
2.344575210002896704e+00
2.063342485307902319e+00
-7.664634742303931825e-01
2.133202341018366699e+00
2.109887682222143290e+00
2.362204140575749900e+00
-1.199950427815474230e+00
2.196812970835237522e+00
2.343243570883795979e+00
2.232487895377952114e+00
2.286729527207277179e+00
-9.972098889033035318e-01
-1.055403021000316244e+00
-1.120887316808501621e+00
-9.836641043740628199e-01
2.400120825340076536e+00
-9.785501217677257113e-01
-1.020917501509716052e+00
-8.857687926549598911e-01
-1.200834431120358259e+00
-1.309821974928889965e+00
1.976623457424073971e+00
2.083554365499119765e+00
-1.020880897339555116e+00
2.040847729109204423e+00
2.084723475913096369e+00
-1.201517079765007434e+00
-1.236766598105544679e+00
-1.021837820033586253e+00
2.005664031290242288e+00
2.051791404077614622e+00
-1.387671502301751847e+00
2.212164706873006370e+00
-1.440155110684551820e+00
2.068428306241431702e+00
-1.124087706697060929e+00
-9.367871502898523772e-01
1.771419223939099341e+00
-1.204116173310660676e+00
-1.263979518076371544e+00
-1.460106228075732426e+00
-9.616097303835871024e-01
1.889017597694303330e+00
1.878632290186731835e+00
-1.050748166271590955e+00
-7.475542612869865433e-01
-7.946229278100837012e-01
2.080973143190138153e+00
-1.079881333948777833e+00
2.098619076932603189e+00
-9.873958784392823373e-01
2.327020444637146745e+00
2.083211229495828043e+00
2.059114284224409008e+00
2.182247053904712519e+00
2.169436091111893727e+00
2.319605516518322919e+00
2.372214878644266722e+00
2.327735604988714790e+00
-1.210274229084482345e+00
-1.122171230583065560e+00
-1.423242781980933458e+00
1.868994158330411492e+00
1.681428735786650863e+00
1.537656665978024861e+00
-1.264039000247379807e+00
-1.483494732775495040e+00
-1.523084705440325370e+00
-1.415546671922635724e+00
-1.541781064015791625e+00
1.789537493036957416e+00
2.092764769012958048e+00
1.736741362576653014e+00
1.776078570412571445e+00
-1.427569239022144165e+00
2.091067804679684450e+00
-9.303142896186397115e-01
-6.868428405475306420e-01
2.171773382364482252e+00
-1.125939214266170607e+00
2.113327073174101844e+00
-1.290534265228573618e+00
-1.114533048682872396e+00
-1.029896308770576363e+00
-1.128244436663347727e+00
2.587857227917718994e+00
-9.799800874684209129e-01
-1.174748921190576612e+00
2.716391484503348774e+00
-1.086366121784545502e+00
-4.692977016320651895e-01
2.871128158194547808e+00
-4.727912127721491942e-01
2.552637624999961830e+00
2.668506482082968922e+00
2.733618676219428778e+00
-7.905105556370501940e-01
-9.012951214183214654e-01
-1.210420408374032863e+00
1.861878776504786615e+00
-1.220321512056932622e+00
1.909750122181540943e+00
-1.209686740497230684e+00
1.913372212923677651e+00
-1.184783133104155617e+00
-1.273658075037034321e+00
2.009663024155918798e+00
1.964477743177931890e+00
-9.950807239506022084e-01
2.058889685706613459e+00
-1.238456480250940572e+00
-1.154219028181882933e+00
-1.162873671168537459e+00
2.338592196260619094e+00
2.022173131068300655e+00
2.107764204641687122e+00
2.134288711487571266e+00
2.313457099309964349e+00
2.105397143858835030e+00
2.234078387814185884e+00
-9.678345482885126749e-01
2.012856590557353442e+00
-1.159106202686512654e+00
-1.039061773905185060e+00
1.944909000290201639e+00
1.926394987792244828e+00
-1.229942104432206085e+00
-1.175545318565895947e+00
-1.146450068066823924e+00
-1.223511507463942216e+00
-9.164361486686172231e-01
-6.897085901247274053e-01
2.150358616907598108e+00
2.566634795812026582e+00
-1.086165979763247469e+00
-1.174514955668946925e+00
-1.115502463074323547e+00
1.941194345391958231e+00
1.957100590914521154e+00
-1.037651361307311948e+00
2.053550802349156434e+00
2.552237029407909308e+00
2.656619140135813684e+00
-5.394979257515762905e-01
-5.086737312157083579e-01
2.356612392100677855e+00
-7.797101888784077062e-01
2.506888877941856109e+00
-6.062088477666701669e-01
1.922991490288992189e+00
-1.306592328699656802e+00
1.863574502006047240e+00
1.950468803665701634e+00
2.030509428203628453e+00
-1.421493670530175502e+00
-7.345912654023293298e-01
-6.201964541276737686e-01
2.121714075206656780e+00
2.150184549528970646e+00
-9.900989849434813639e-01
-1.093038514130357353e+00
2.197346416442151007e+00
-9.035664098485224338e-01
-8.750592604319759049e-01
2.330266028081386942e+00
-7.332702842778737740e-01
2.396596739972519874e+00
-7.743640626058347909e-01
-8.748016249795684818e-01
-7.570785054187452179e-01
-8.761381448426197593e-01
2.190392677986623848e+00
2.338058390992177937e+00
-9.004818699919497904e-01
2.355150378884286244e+00
2.141129777890091734e+00
2.318862027292777128e+00
2.203056861499795183e+00
-1.030937607180429705e+00
2.065941842733391098e+00
2.073553404538925893e+00
1.589863189887657180e+00
2.270064796896865467e+00
-1.281277905905910286e+00
1.952713162949028414e+00
-8.348210777056767062e-01
2.364214083206613637e+00
-1.099787540003523745e+00
2.154934077683218874e+00
2.187634995916895253e+00
-1.453254059245521423e+00
2.033196187661299170e+00
2.001147184524751932e+00
-1.067203598939281406e+00
1.774357263598758783e+00
2.152407081234510411e+00
1.775958824534985769e+00
1.782914859029969712e+00
1.811798725725343617e+00
1.884821800589991492e+00
2.104200331662831491e+00
2.043534360070089928e+00
2.147351422447635549e+00
1.586652922100770580e+00
1.632010080832045462e+00
-1.625094215854701263e+00
-1.398174666856498938e+00
1.783859358415519347e+00
1.656252271730006331e+00
1.616363506944475725e+00
-1.366120360532650180e+00
-1.325137703052079452e+00
-5.027656330118190908e-01
2.827258550031310769e+00
-1.363735044981919220e+00
-5.668455552798963293e-01
-1.471312727060985592e+00
-6.311269920935733690e-01
1.499043324642304276e+00
-1.507307122892547868e+00
-1.458881270842371070e+00
-1.114749829178523388e+00
2.280437732270718776e+00
-9.788434281414866156e-01
-1.480599606862884610e+00
-1.081770088661487605e+00
-5.836836572395430744e-01
-1.030140902560899185e+00
-1.177293634913361142e+00
2.323926819842730307e+00
-7.885871094959777672e-01
-1.249275797121509823e+00
2.060566289789436123e+00
1.922746288831449268e+00
1.695263736738176874e+00
1.898065800359144184e+00
-1.606876964318403100e+00
-1.517261046491728438e+00
-1.626942983271034926e+00
1.547252884111159243e+00
1.628106145992356035e+00
1.832291646273113361e+00
-8.761439540726704278e-01
2.345222006714148932e+00
-6.816950515694494284e-01
-1.253779013346830951e+00
-1.357592523568729170e+00
2.340911071342137273e+00
1.938665806402617653e+00
-1.002233124867612846e+00
-9.275742100819925895e-01
-1.188302375638685904e+00
1.870424443366279554e+00
2.056236487332860019e+00
-1.240556553951057905e+00
2.040126092566994842e+00
-7.025357086962223940e-01
-7.171210432646291100e-01
2.001424843310679158e+00
1.982923250475017163e+00
1.700732361606749787e+00
1.629215329927953482e+00
-1.367723446760939376e+00
-1.209870878872256084e+00
-9.596824854094909707e-01
2.240380450303283588e+00
1.987392151079520053e+00
-8.744836691663525619e-01
-8.308296907923549135e-01
-6.324493444420326016e-01
2.138738380574811249e+00
2.295113290172940523e+00
2.062937269207119062e+00
1.930419004953987994e+00
-9.986971759129592563e-01
-1.261600056974774287e+00
1.929551971357694962e+00
1.606834505341855790e+00
2.084523883449124426e+00
-1.149807812756346692e+00
-1.143035829004840354e+00
-1.222117060655475429e+00
-8.940302880945162345e-01
-8.465906375130979322e-01
2.230184596998781021e+00
-8.451241072501570750e-01
1.723328544142923358e+00
1.591604271549348137e+00
-1.400275646307853394e+00
1.663582386707206151e+00
-1.514015227289275067e+00
2.061144923507108651e+00
1.992867366952944641e+00
-8.707708447115736217e-01
-5.257163054956098813e-01
2.630656466951989625e+00
2.480380544228488748e+00
1.874741193566562991e+00
-1.067503486752559905e+00
2.284679890685434422e+00
-1.249308070947535265e+00
-9.205709976918862170e-01
2.278813818680812009e+00
-1.086488256405227171e+00
-1.175685996510529296e+00
1.999718420781448458e+00
1.895184983389262001e+00
1.945860982425601904e+00
2.069166470917656930e+00
2.087612626305778818e+00
-1.160598459778814373e+00
1.867484435258697895e+00
-7.419900947498203614e-01
-6.049331705244632706e-01
2.193955419168264864e+00
-1.058898787348544257e+00
-1.002247116695110352e+00
2.310284218155654212e+00
2.088909031805244787e+00
2.347745930276793569e+00
2.400080313989524150e+00
-8.408342381205382576e-01
-9.802137030311270927e-01
2.346865703203269593e+00
2.378886840152304227e+00
2.375969304952251893e+00
-7.661135967241681222e-01
-7.712461222461898247e-01
-1.389826946698472288e+00
1.804770646265526413e+00
-1.298679333930570223e+00
1.861842680386721849e+00
2.306016165866875856e+00
-8.479548258019529161e-01
-6.572184188984842024e-01
1.611348775524082289e+00
-1.529515933175946030e+00
-9.322050620977850866e-01
-8.982149599601697565e-01
2.267573098996810366e+00
2.228830487489086742e+00
2.236211683254894389e+00
-1.064289666704172355e+00
2.291193812755565773e+00
2.139811951090419662e+00
2.029528700134489050e+00
2.008021533933702862e+00
1.947190941763654148e+00
-1.248255847649841543e+00
1.800200707703665026e+00
2.184774192129815162e+00
2.200830944252389454e+00
-8.400795903483746496e-01
2.228659397523277352e+00
2.046729506694369149e+00
2.359255509752920865e+00
2.393773433040627285e+00
-1.036897851987280905e+00
2.075576517830839851e+00
1.983847772648964947e+00
2.177529597049889798e+00
-1.125494833147125728e+00
2.004886801775495275e+00
-1.076305595585055341e+00
1.552967536477777077e+00
1.786949777741505541e+00
1.411638737907795704e+00
-1.113507695258109331e+00
-1.277995720805755075e+00
1.939956150305633953e+00
-1.204850790257522064e+00
-1.157828979460518770e+00
1.835587217240371327e+00
2.139246621162013806e+00
1.979174621097563813e+00
1.796025080233847104e+00
1.706970467545056547e+00
-9.772996824002497807e-01
2.103458089276098342e+00
-8.298313189203100348e-01
2.137478467772432111e+00
-1.120737436298701706e+00
2.077667572546277874e+00
-1.086576240888198042e+00
1.947344294886709459e+00
-1.196633363205380052e+00
-9.630600052551822055e-01
1.705411277430204597e+00
-8.316447972735158123e-01
-1.124742188636560725e+00
-8.993847775681452772e-01
-7.485323302842206150e-01
-1.506160573907633138e+00
-1.230823320209286642e+00
1.868087470569385955e+00
1.623021291765441187e+00
2.047189707631778877e+00
-8.962745248962546984e-01
1.889508894341186185e+00
-1.218800398952987418e+00
-1.472308312611498637e+00
-1.305993379259608789e+00
-1.358278296023564868e+00
-1.709465911373735603e+00
-1.450694988016789866e+00
2.159202375636270599e+00
-1.031391133152980588e+00
2.095241078019175252e+00
-8.356222973560146761e-01
-1.116253409126660934e+00
2.152442734776907951e+00
-1.053106825524162682e+00
2.135427253613112697e+00
2.040621525015041460e+00
2.238152222996768081e+00
-7.773956051263546385e-01
1.997412027815685720e+00
-6.460808685414208830e-01
-1.169691310787877248e+00
2.147904368090308491e+00
1.829044513231219193e+00
1.769343389852872095e+00
-1.502680076672328280e+00
1.736585467597290711e+00
2.110094471608658484e+00
-6.334412732271932356e-01
1.677005007257225122e+00
-1.042594174370970794e+00
2.327908159899276797e+00
-1.219145589764334625e+00
2.386947860420730372e+00
-9.047705017445472064e-01
2.441793375206565475e+00
-9.784998969885232434e-01
2.551668549019959986e+00
2.340185058886147917e+00
-6.337091768784369750e-01
1.820371751971100682e+00
2.321891637621115834e+00
-1.024814019302957124e+00
-7.720671192129496818e-01
2.317386061062809866e+00
-8.977110262282648190e-01
-9.439511813932257578e-01
-1.235702740079541506e+00
2.163053060179509046e+00
2.078902076983895952e+00
-1.183565338214576768e+00
2.226602434649380235e+00
2.378730363559307115e+00
2.303468620340131334e+00
-1.014810197220841870e+00
2.407976284181097881e+00
-1.227086596850899491e+00
-8.718359048242378950e-01
-8.888131987258651723e-01
2.303642692923298263e+00
-8.993729590010407504e-01
2.261621128595082020e+00
2.280290079310779650e+00
-8.060062223550477079e-01
-1.038770332779094030e+00
2.415607838373114102e+00
2.146114032317998355e+00
2.450527545995088374e+00
-1.017833527404850447e+00
2.059884910327103746e+00
2.382460543771277806e+00
2.009954051526614993e+00
-8.861824822940906898e-01
2.278928571278787008e+00
-8.093365469418239977e-01
2.274427723438455118e+00
-6.844531542572639404e-01
-6.628209938364703069e-01
-1.031442475050668106e+00
2.376922524192099040e+00
-8.922353122388934077e-01
2.219017368127909950e+00
1.886042084986072620e+00
2.242187053508616579e+00
2.058760004156516832e+00
-8.225470128204613873e-01
-8.435813042097460857e-01
2.255451677096726559e+00
1.909104597667050207e+00
2.126242304195395505e+00
-1.438979700269882533e+00
-1.214973328686809628e+00
-1.234495636150909625e+00
-1.108867423638167704e+00
-1.512680014223487523e+00
-8.548377849640874659e-01
-1.099253614127738699e+00
1.634163677136706738e+00
1.802630030069389377e+00
1.743897072023814721e+00
1.898950496184643510e+00
-1.476434609213455706e+00
1.667604949218564503e+00
-1.487877362052925534e+00
1.776707621875357468e+00
-1.405224510976780472e+00
2.147806104033765262e+00
2.003276977890694255e+00
2.169326239745911433e+00
-9.978088773542247436e-01
-9.868757327019374026e-01
-8.796447817710072448e-01
2.278914009534256380e+00
-1.018209057174492393e+00
-1.102856799103793639e+00
-9.456912722130027538e-01
-6.632020012512848117e-01
-8.568303314019047878e-01
-8.268559089644444970e-01
-8.476951355595213622e-01
-9.160093942601655881e-01
-6.645155697756560675e-01
2.059625734622260840e+00
2.410474729258022641e+00
2.403696954057714663e+00
2.357762393047769578e+00
-6.408021868645374930e-01
-6.828390928794648707e-01
-6.310223663585817766e-01
-6.123861534968944031e-01
2.513242285694701206e+00
2.457813233341005432e+00
2.519854744613333697e+00
-6.760264516795847500e-01
1.683004207858058265e+00
-1.038058910943465030e+00
-8.953027270454170239e-01
2.332087857844054479e+00
-9.872583859274123297e-01
2.099254475663094421e+00
2.422779518601561044e+00
2.021242973753341499e+00
-1.309030594189387608e+00
-7.581084146197881735e-01
2.187007305746635488e+00
1.932625011794064207e+00
-1.046581178168594084e+00
-1.337275862732169918e+00
2.007805140377210584e+00
1.925098677232232047e+00
1.912819459222153018e+00
-8.221558706298049968e-01
-1.031904225433137867e+00
-1.051250932226201140e+00
-8.588270289138908442e-01
2.363699402797444726e+00
-1.055076629379936071e+00
2.247727891842604020e+00
2.368822923941049652e+00
-7.328960238220444401e-01
2.214620623167893765e+00
-8.807880367631045759e-01
-1.021781243882042389e+00
-1.069053616072602964e+00
-1.041587621327906499e+00
-1.049986681764863539e+00
2.182043037341644620e+00
-9.323753674367305511e-01
2.158534195470980688e+00
-1.083585444980160295e+00
-9.827888919185107097e-01
-8.747548503129025654e-01
2.278814319352187034e+00
2.153251448321856998e+00
2.167818751029741087e+00
2.297288372007625590e+00
2.227255830398355396e+00
-9.626016565592062646e-01
2.244365004430294075e+00
2.136077284747242455e+00
-1.011828794582927848e+00
2.117321369976465917e+00
-1.100914261300438124e+00
1.920122600093087994e+00
-1.060292137859364159e+00
2.098985897039988391e+00
-1.177377467797475763e+00
2.036514577430513118e+00
1.978028701514973564e+00
-1.100938561363945967e+00
-9.444039152389603897e-01
-9.861300020955182655e-01
1.859075231718375409e+00
-1.040069314814207280e+00
2.008851665443037504e+00
-1.115235771208447302e+00
1.977298266338656685e+00
1.927141953389263085e+00
-1.098439831635218633e+00
2.025221266798727715e+00
2.081430327041454920e+00
2.037998219659845400e+00
-1.061273979355942476e+00
-1.115153283621511227e+00
-1.169740907540347541e+00
2.032080296465058389e+00
2.004562255618699940e+00
-1.087203800233961681e+00
-1.061521572971027449e+00
2.035476405202371719e+00
2.127607552108249589e+00
-1.179133335943376437e+00
-1.070025896358911321e+00
-1.112984182415752032e+00
-9.425831631017554946e-01
-1.054867154424918629e+00
-9.673836361459390298e-01
-1.040522647627979635e+00
-1.099603000114667717e+00
-1.116430616181645297e+00
-1.052485108921153989e+00
1.941096265375734875e+00
-1.014677521753399425e+00
-1.032917059479149691e+00
2.020525465968182388e+00
2.010271391479014902e+00
1.995907739269384251e+00
1.890412294111327718e+00
2.009795237067031337e+00
-1.275656291412244903e+00
-1.374232827879092289e+00
-1.136450412717668890e+00
1.923107972260490905e+00
-1.310333046602707663e+00
2.049184734172802447e+00
-1.208336265953665167e+00
1.690009632294881436e+00
2.005717050862718231e+00
-7.694937526315767107e-01
1.931371836674886877e+00
1.921883408847396613e+00
1.587784165001504100e+00
-1.427226603773462443e+00
1.875423283784050099e+00
1.729789121455967749e+00
1.780913584159125040e+00
-1.420095408806780091e+00
-1.321314344988625766e+00
1.914566867444208453e+00
2.125114357716010094e+00
1.750005004397099606e+00
-1.024601573562228252e+00
2.046956062239238427e+00
-1.042358709177117815e+00
1.963969732605394869e+00
-1.169440769488502729e+00
-1.148317005263763457e+00
2.014877535884464166e+00
1.985608401594836758e+00
-9.236845142411153065e-01
-9.798566908915478102e-01
-1.324902331448789550e+00
1.838459875605324090e+00
2.036541221898824361e+00
-1.413147399777813229e+00
-9.030568593833346869e-01
2.087924090486632966e+00
-6.867989107645572355e-01
1.747444831979876545e+00
-1.396832378292146348e+00
-1.262226718710118156e+00
2.000601931081006146e+00
-9.919568514001960713e-01
-1.144046215151721446e+00
-1.060284207845410887e+00
1.786742022794639340e+00
1.989846955345693447e+00
-9.971860726393994012e-01
2.431201997489082167e+00
1.910198506787251560e+00
2.121454225452845677e+00
2.126473416258580329e+00
2.033940535247021231e+00
-1.108912464334138592e+00
-8.810744490144888363e-01
1.767637919723495044e+00
-1.090932141045996673e+00
2.221366620231827849e+00
-1.078950886425570133e+00
1.964747526776051245e+00
-1.279568146885810664e+00
1.767026088084137747e+00
-1.303687693351074373e+00
2.195775412908401503e+00
-1.271763076030503425e+00
2.152503924333820429e+00
2.150511765226160943e+00
-8.457074638195923866e-01
-1.002264891772725708e+00
2.081618033732985040e+00
2.267185963691550565e+00
-1.041642089621428902e+00
2.326261468967119495e+00
1.994254564055701007e+00
-9.371691685175599362e-01
1.761322510590763057e+00
2.258009051112856991e+00
-7.264289358452153955e-01
-8.621405369584044243e-01
-1.222713607427148519e+00
2.241613559207154438e+00
-1.006227457595985308e+00
2.311090401961500618e+00
2.021344218971115492e+00
-8.062662594269930372e-01
-8.884688698623286474e-01
-1.150610620099343784e+00
-9.453054019136277741e-01
-1.198709776823035478e+00
-1.090752004638077644e+00
-9.664990319319552992e-01
-1.112949296551677403e+00
-1.106835286988364198e+00
-1.165056412972227173e+00
-1.166159144078525944e+00
-1.044972096612546419e+00
-1.024852649354237366e+00
-1.379684392449752384e+00
2.133404607204159475e+00
1.872416424393667622e+00
-9.499490841864842716e-01
2.184657463193437898e+00
-9.581860136551516582e-01
1.891138741066238138e+00
-9.383579075625622101e-01
2.129402988388041429e+00
-9.043432808143206936e-01
-1.053533841332662702e+00
2.278818762641305007e+00
-1.311316968533098537e+00
-1.277704386797468672e+00
1.868954749049726471e+00
-1.631612503409485937e+00
1.581893560113458053e+00
2.387405629769913329e+00
-1.111090954313920687e+00
-8.172388076469020435e-01
1.826021705174084575e+00
1.662744144918994804e+00
-7.698009516997205148e-01
-1.488313157154776745e+00
-1.561615567872124855e+00
1.693807626183123860e+00
-1.232079096795094753e+00
1.836782856793950591e+00
-1.472336978256006956e+00
-1.411026119706008108e+00
1.639131091236098126e+00
-1.486186603910755855e+00
-1.502476735581119938e+00
-1.376352669992237043e+00
-1.180468032466063466e+00
-1.233317777535761550e+00
1.555533809756846075e+00
-1.453588052317132950e+00
1.676041277850052191e+00
-1.586853211266725738e+00
-1.526626643267049221e+00
1.520597077042591838e+00
1.654647569346866076e+00
1.522035911721674850e+00
-1.628097428761252852e+00
1.547458685899028463e+00
-1.452973882906028136e+00
1.722129117378045082e+00
-1.199369886802821306e+00
-1.559631588960440185e+00
-1.121945698627019761e+00
-1.064117565104499175e+00
-1.217546915525790530e+00
-1.429311664721251374e+00
-1.599192033350256725e+00
1.800096855381108085e+00
2.043692482300360602e+00
1.930882259952387825e+00
2.051968445500663485e+00
1.985368486665475718e+00
1.745612016958204782e+00
-1.303911670222908770e+00
2.375106351136567540e+00
1.667418384707685330e+00
2.082301439152903999e+00
-1.142805777276914236e+00
1.944021735704624776e+00
2.123086013306998865e+00
1.688252996350035673e+00
-1.278635590976842984e+00
1.791688906897931588e+00
-1.041460432733338326e+00
-1.527498371194224935e+00
2.032579350488947334e+00
-1.555060630222897533e+00
2.221122070409609517e+00
-1.024071519889072635e+00
-1.317551492608287855e+00
-9.338226042127039106e-01
2.034932535431468459e+00
-9.343962993942938056e-01
-8.998523728759776352e-01
-9.501156331853202186e-01
-9.307140868343428686e-01
2.192029734211059289e+00
-8.697786915866152491e-01
2.008623337163103262e+00
2.194879808504699437e+00
2.573696242057397665e+00
2.270844437973372987e+00
-9.742151805109371399e-01
-1.387832547169201458e+00
1.954814491361672957e+00
1.699039881838605881e+00
-9.613489700231626633e-01
2.364552129214676945e+00
-1.115592644050757309e+00
1.953958291777797562e+00
-1.075147251072380516e+00
2.329964740964993730e+00
-6.581345489160180806e-01
2.583216814397363947e+00
2.344067096978535325e+00
-5.811280595301105967e-01
-6.931541599300107270e-01
-5.930888587080077601e-01
2.181942777333505834e+00
-1.038557265393879936e+00
-9.660243085468595003e-01
-8.594636580017235294e-01
-4.723989566475974566e-01
2.868258141059990773e+00
-6.853095699099926996e-01
-7.153205320248254839e-01
-8.121202951882611210e-01
-9.868989540950198203e-01
2.179775069711069158e+00
-9.597528291220249752e-01
-9.267632365451147214e-01
-9.052015819027132704e-01
-7.436471282195259436e-01
1.872603223223265445e+00
1.898652199039146060e+00
-1.293691678146753121e+00
-1.309304965905108142e+00
-1.310200045504932520e+00
-1.259337135738644031e+00
-1.135332460578547531e+00
1.837897509612817837e+00
-1.030856220043957938e+00
1.824686451820269228e+00
-1.292117516638755514e+00
-1.221240809987984122e+00
1.882676604003030274e+00
-1.189740912955439933e+00
2.103818840904454479e+00
2.055285662402980051e+00
1.965910245864469275e+00
-1.145941578114353376e+00
-9.377792501175338247e-01
1.864761048919562514e+00
1.968060473864528426e+00
1.986740782422619089e+00
-7.181262868952835721e-01
-9.452098314537470403e-01
-1.101209729297337514e+00
-8.844646852331093934e-01
-1.031474179555129878e+00
-9.963511961657300908e-01
1.853033031441754908e+00
2.322372875884489929e+00
2.179494308903938915e+00
1.847208730899273066e+00
-1.068497120939282619e+00
2.085271888570930710e+00
-1.046646529197949871e+00
2.036991220252752477e+00
1.925119981532636748e+00
-1.021792343916529289e+00
-1.010133076024624099e+00
2.021685986491804865e+00
1.886946947462844637e+00
1.845204908728389936e+00
1.863818003373413745e+00
1.922151237982765437e+00
-1.001355719654692056e+00
1.936473529151044426e+00
-1.176555329575417419e+00
1.932460462086956987e+00
1.993192714268853916e+00
-9.123484925037108617e-01
-1.173666831727734783e+00
1.929373295531909172e+00
-1.107141326613996446e+00
-1.312473333632664385e+00
1.924083145299706477e+00
-1.297096754021302756e+00
1.828797090517732871e+00
-1.120137414538605158e+00
-1.053406929326839769e+00
2.083397066381840190e+00
-1.068198267054063288e+00
-1.034632554869463483e+00
-1.229904735734169474e+00
-1.097227041505551615e+00
-9.421606948480744093e-01
-1.077174162625246456e+00
2.255065369165950795e+00
2.253294069679240952e+00
2.083251249273563754e+00
-1.066030874144140439e+00
-9.474985326348022152e-01
-1.095271354250387574e+00
-1.058697688074619281e+00
2.117847001957934072e+00
1.948719824741803608e+00
-1.190916642495316591e+00
-1.119215488858719354e+00
-1.015946634471550425e+00
2.040381391436839387e+00
-1.041135323652612632e+00
-1.179584199727436777e+00
2.095927216874238663e+00
-1.100096644501274312e+00
2.067434935355640935e+00
1.929553578385099888e+00
2.002739017960521561e+00
1.896443674321893091e+00
2.273687807054096677e+00
1.970766972551851071e+00
2.099957114271397529e+00
2.123731498899632530e+00
-9.867748145599413157e-01
2.110859983968932152e+00
-9.583184043810990538e-01
2.288408783591471707e+00
1.988023728050502426e+00
2.096401843775883123e+00
-1.058571426004533134e+00
2.372302272889803998e+00
-7.817641124932900309e-01
2.549652536091298050e+00
-7.852297937502057401e-01
2.153123761225967492e+00
2.436782195497052772e+00
2.162450971543818046e+00
-1.160826543397125210e+00
-5.815366709128920730e-01
2.575058703785643388e+00
1.966009306289915770e+00
2.300001679305670788e+00
2.068911794719907160e+00
-8.692730656768976605e-01
-9.858989778166142859e-01
-9.767476811273810844e-01
2.381859393086287913e+00
2.604978116877753713e+00
2.562524683430221550e+00
2.244417814761713537e+00
2.618883639925386309e+00
2.359222966422850565e+00
-6.135681548010891717e-01
2.628701735653828031e+00
2.327699551717501425e+00
-8.525049623235517737e-01
-1.041841749441221543e+00
2.523615579033370082e+00
-6.362458679280846852e-01
2.239700925815806265e+00
-1.264845720975743104e+00
2.226670921073914400e+00
2.087920636059228396e+00
-1.121189126703319827e+00
2.111921846980803430e+00
-8.277326046173030250e-01
1.905263204665263777e+00
-6.944916885127758732e-01
1.927545163574188702e+00
-1.158778392719637118e+00
1.930913238574786694e+00
2.073383250569241554e+00
-9.197220273914049615e-01
-1.402591465631561229e+00
1.946328840829806062e+00
1.884108891824528564e+00
1.981615927650550280e+00
-1.370424108456440138e+00
1.487481335013086881e+00
-1.126239864519682499e+00
1.924230753035945041e+00
1.734034959812871923e+00
1.632953927683278739e+00
1.468597100908592967e+00
-1.611070376043616470e+00
-8.128708685897518826e-01
-7.115463369362045043e-01
1.941394361543669955e+00
-7.204772664168966889e-01
-5.365598150095021168e-01
-5.286152035620119705e-01
2.174409726312649838e+00
2.404279767606951168e+00
-9.102317552203329498e-01
-7.068096465755141500e-01
1.834902946952696956e+00
2.164459300065400882e+00
2.299557228259565989e+00
1.798845333832601812e+00
-1.185728532316795203e+00
1.876369506225085360e+00
2.090447638157066024e+00
-1.034749111888376705e+00
-1.062171995877967623e+00
-6.258847943712255724e-01
-7.672792164664951065e-01
2.169229559880782698e+00
-1.175147490645370274e+00
-9.522178951514044254e-01
-1.019286616273867629e+00
-7.041100030193571113e-01
-9.002661379030409972e-01
2.575490284595048252e+00
-6.143231176993184661e-01
2.498111939133711434e+00
-8.145217688339618789e-01
-6.942978148512182202e-01
-8.784615878670601896e-01
2.464293347033329695e+00
-7.932287493899254915e-01
2.125314020001888959e+00
2.187360763452253387e+00
-8.848114170388897692e-01
-1.010218483194605055e+00
-1.106042185552870150e+00
-1.085081026599425291e+00
-1.290338546375734641e+00
2.192654688560344844e+00
2.408430410267643929e+00
-7.448741756083165910e-01
-8.220426162486492716e-01
-8.397129157799213539e-01
-1.096763303235647635e+00
2.362026150267734881e+00
-8.767728418840554649e-01
-8.889379984036032134e-01
-7.662713360931759921e-01
-7.865828761534465752e-01
2.378442281602913599e+00
2.247876601474278146e+00
-7.984947415938860038e-01
2.344436026971966847e+00
-7.399882073987885667e-01
2.306915427508783090e+00
2.229463678251576653e+00
2.378965026999810384e+00
-8.881588063098613262e-01
-1.062321902387729278e+00
2.291958125723250195e+00
-1.024458107539570006e+00
2.375645264552899594e+00
2.299095931330536580e+00
2.112197520656917682e+00
-8.823210635694169746e-01
2.329069975127779468e+00
2.107046248358157570e+00
-9.140778144160314200e-01
1.979401314245360144e+00
-7.734514209440305210e-01
-9.773088901276932861e-01
-1.441451573847190470e+00
2.286075752631425484e+00
-8.332137101955620073e-01
2.381965339924651648e+00
-7.841426255648512589e-01
2.253192200764974285e+00
-1.250347680699811059e+00
-8.724728482344791258e-01
1.850692710219633330e+00
-1.481788283136145079e+00
2.381544054743371941e+00
1.760996390397323808e+00
-9.025367205073309140e-01
-9.787578941132154542e-01
1.766004758282418097e+00
-7.697221772199639434e-01
1.992206861741433688e+00
-9.843025004614198714e-01
2.137802510551461754e+00
-1.498106205006679792e+00
-9.566681570930556378e-01
-9.909075109051705965e-01
2.195918299115302563e+00
-1.734088034012511326e+00
1.918774031057477014e+00
-1.382881590847276243e+00
2.033086293759377217e+00
-8.388427759544756501e-01
-1.075285924845815533e+00
-7.918973114653852230e-01
2.325688617769148703e+00
2.122199698434471760e+00
2.296804554283804478e+00
-1.088221929075921857e+00
-9.042018638676928566e-01
-1.012605381006139504e+00
1.871095612757331272e+00
2.551086459877317303e+00
2.168168368761468123e+00
-1.078152641898196595e+00
-1.323278496759937362e+00
-1.036857134626802512e+00
1.876201436102762576e+00
-1.099439761453359754e+00
1.881293724936996981e+00
-1.232474447985017374e+00
-1.257205086854822351e+00
-1.512588544118496747e+00
2.143895424284465889e+00
1.725675011435215067e+00
1.817473396760022064e+00
1.859083523195480314e+00
1.840147830516580152e+00
-1.054382918584604756e+00
-1.132776487558351919e+00
-1.186302531297406260e+00
-1.096080719262964021e+00
-1.470610515308313326e+00
1.674696318428123831e+00
1.609340587051296900e+00
-1.312276587359102686e+00
-1.204454556279532351e+00
-1.264448788066766527e+00
1.776495745367202783e+00
-1.237854620661122507e+00
1.895661251101426359e+00
1.671559775987150775e+00
2.126074864706021916e+00
-1.055310948755603162e+00
1.999714218630284757e+00
-2.597563202380538394e-01
2.824141903219759442e+00
-6.576945384780868986e-01
2.735578179973718438e+00
1.712804460360936032e+00
2.388737257700982664e+00
1.963403826281364228e+00
-4.177889111959063873e-01
-7.873825337953110903e-01
1.507942344809221069e+00
-5.983054149813723521e-01
2.886816560240561103e+00
1.754382852420494743e+00
1.496309948710787596e+00
2.163685055057388062e+00
2.149275143322954218e+00
-1.243076656658504087e+00
2.145612925887264488e+00
-1.550817355560837774e+00
-8.401298652296530500e-01
1.797079378301563279e+00
-1.435403447934709975e+00
-7.068611393782684438e-01
-1.068589544315315054e+00
1.727701608400458833e+00
1.610531388745334080e+00
1.847505986399881284e+00
-1.528624128759850986e+00
-1.496756611714276985e+00
2.476381159011519006e+00
-1.378038395777345659e+00
1.864005609428996069e+00
-9.020842483901138076e-01
-7.185774627117771374e-01
2.055710286018235688e+00
2.106499307857620185e+00
-1.168431291581876641e+00
-6.825598053943343624e-01
2.637706478503089258e+00
-5.444608386984790549e-01
2.479417794111057560e+00
2.315591920465999820e+00
-7.060793820789014186e-01
-9.876766237485111732e-01
-1.126198088861380064e+00
2.644898055060505015e+00
2.431125768461865899e+00
2.221570415565182088e+00
2.294515082941591455e+00
-8.525941985382136101e-01
-1.152422914582775570e+00
1.765781205741229876e+00
1.883351707663454722e+00
-1.076120482556014890e+00
2.360316659535028894e+00
2.091339384443800853e+00
-9.974779839991115837e-01
-9.579614527351540954e-01
-8.990456510590861816e-01
-9.590437536940892294e-01
1.984925592109783254e+00
2.092201745375308786e+00
2.376639523492432016e+00
2.354604245349489755e+00
1.887190007803944747e+00
-1.152110760779401222e+00
-1.386258329407610956e+00
-1.168395110860658059e+00
2.319127141984313578e+00
2.362342461558186280e+00
1.586962355949517844e+00
-1.151007991260306840e+00
-1.501357001526080426e+00
1.550633142233682538e+00
-1.613122377155966181e+00
-1.512643318210036725e+00
1.743236051819050170e+00
1.506849876258284038e+00
1.628689323532285904e+00
1.629303644496701731e+00
1.700649473739043627e+00
-1.526706606760914964e+00
-1.511569850813631710e+00
-1.580173423461683990e+00
1.575315961410236776e+00
1.564835424522983409e+00
-9.325505079535749697e-01
2.281083510074302989e+00
-6.848983718500314399e-01
2.454241032234742548e+00
2.399830331764678526e+00
1.524064451233940520e+00
1.666049707313612904e+00
-8.528042791589989235e-01
-1.158574531751650927e+00
-8.762068007268849490e-01
2.474316453009370864e+00
2.244316409396525991e+00
-9.611670673183887459e-01
1.916556413501505629e+00
-1.276792709772340606e+00
-9.798908083256276935e-01
-1.210182852682021082e+00
2.311037215287974345e+00
2.313029016690672623e+00
2.204775612054548528e+00
2.525069082925362363e+00
2.328440448274026409e+00
-7.229367021104966540e-01
2.286887819735611949e+00
2.123446269284454679e+00
1.920369523361894259e+00
2.033252533850705035e+00
2.402190219294611850e+00
-1.056991304981197866e+00
2.016977284885800525e+00
-1.156991165151103562e+00
2.065199699557032087e+00
2.196502283416498891e+00
-9.545954777656449064e-01
-8.544838878792417880e-01
1.922650768061138438e+00
-9.688994354416136101e-01
2.084782310134548400e+00
2.143586295670105724e+00
-1.091904053538017783e+00
2.083758388269185691e+00
2.078018468622979675e+00
-1.129487696094973792e+00
2.034771346082847376e+00
1.868203235589842803e+00
-1.464617339484814318e+00
-1.329656990234193481e+00
1.693682192659060615e+00
-1.170611435300344505e+00
1.693688674793690119e+00
-1.422295873759031215e+00
-1.478861288404202945e+00
2.052253429932083595e+00
-1.271038250791288737e+00
-1.130882480017592284e+00
-1.075647469662384781e+00
1.538776883347723334e+00
-9.365749158215778136e-01
-1.148806052509840248e+00
1.961768824257718258e+00
-1.086059237092575902e+00
2.207305310890356420e+00
2.013333409864667800e+00
2.326240743370139086e+00
-1.081100332256778929e+00
-7.885871577902028307e-01
-1.428467044296305000e+00
1.747719901312546620e+00
1.510155915429972850e+00
2.011934374957953242e+00
-1.120129988490108808e+00
2.138427184684049021e+00
1.867980091169694656e+00
1.808017594374100812e+00
-1.426968284941696252e+00
1.896411617447378628e+00
2.112371884742950456e+00
2.464679851554067103e+00
1.898279496609350137e+00
-1.062084700366094481e+00
-1.201163290999871514e+00
2.245636873124119415e+00
-9.206820759440158541e-01
-6.619465401651556391e-01
-9.872749450291861129e-01
-8.597997797793849317e-01
-1.028879190681923461e+00
-7.315452446348583715e-01
1.844780104008597599e+00
-1.322563179187992599e+00
2.154529389532090722e+00
1.968339564563218014e+00
2.034966468056379263e+00
2.055525886519576684e+00
2.054962409978429605e+00
-1.128467878036843119e+00
1.961509976733233129e+00
2.130942513954197981e+00
1.999101374042729473e+00
-1.324788984918639612e+00
-1.170043116213527634e+00
-1.307540729220454834e+00
2.104400611999117210e+00
-1.051428192688897090e+00
2.071098415871710063e+00
-1.263251467608377698e+00
-9.235105114186467068e-01
-1.226573979477221688e+00
-1.239820934761397320e+00
-1.095072206977355522e+00
2.060562105962548518e+00
2.284066012896503572e+00
-1.023262915598063927e+00
-1.017918988031175198e+00
2.231889070512377060e+00
2.307773258364850921e+00
-1.249436332422627416e+00
-6.503665414888091245e-01
-6.505274706830894704e-01
2.223560829662693639e+00
-8.043834454123822697e-01
2.013136938023785127e+00
1.773741927705219990e+00
-1.011346627218439709e+00
1.908739622959822135e+00
-1.290987102435736444e+00
-1.123134689406501963e+00
2.013967885104888556e+00
-1.131783377850245298e+00
2.255839026590761076e+00
1.962400140016950179e+00
2.628841188497304415e+00
2.210188844331515856e+00
-1.163156625013133549e+00
-1.029726236851752574e+00
-9.991027433778378875e-01
2.181074353189248249e+00
2.435890481897952764e+00
-1.117374267609375194e+00
-9.782010929506645969e-01
2.393538239473208318e+00
-1.023273129985932117e+00
-9.098349462333350512e-01
2.327110288980696051e+00
-8.050498307958113831e-01
-8.499857635863357075e-01
2.380300931539401699e+00
-8.340923033648116602e-01
-7.879428522323661532e-01
1.706255345199977347e+00
-8.203528442179988112e-01
2.256777378925631794e+00
2.134394115511915491e+00
1.770631432469073951e+00
2.142739414383187935e+00
2.320069026182002503e+00
-1.038482067891701055e+00
1.820807774161160131e+00
-8.831737963096789601e-01
2.043099222556774563e+00
1.832502301477838103e+00
-1.106376769228876400e+00
1.702573158450070512e+00
-1.554030734637008360e+00
1.928551078357823689e+00
2.419055714454684924e+00
2.408166825662344745e+00
-1.166325405254099001e+00
-1.480332989077137729e+00
2.030073447124104202e+00
-1.553854660564378376e+00
-1.063714162591516299e+00
-1.023327247193061673e+00
-1.541358961058789001e+00
1.579012773445801487e+00
-1.483541464572480706e+00
2.371212840865010829e+00
-1.626884936783715263e+00
-8.051655844322777034e-01
-9.811418903604870456e-01
-1.099833052318337501e+00
-1.038986932173208366e+00
2.070097121295912945e+00
2.022096726863455540e+00
2.040523799178513453e+00
2.004473620874945627e+00
-1.257989174920530084e+00
-1.387618094289176707e+00
2.032862742158197733e+00
-9.675787082673430461e-01
-1.357561689771543012e+00
-1.130781012588121914e+00
-1.037104674187350639e+00
1.569728903700321920e+00
1.558490092481566336e+00
-1.408813880864662194e+00
-1.614367720223963021e+00
-9.823488500104500254e-01
2.436593733003383555e+00
2.570601945250559073e+00
-1.141375554464504560e+00
-9.872638183051846150e-01
2.290434649612143492e+00
-1.018216745729380479e+00
2.004806814415474037e+00
-1.066324122455047263e+00
-1.014960857562516416e+00
-1.025728592433607700e+00
-8.971140404470275831e-01
-5.372270925980952017e-01
2.337690397967274514e+00
1.964930934421107667e+00
1.646017784114828242e+00
1.953263528444209474e+00
-1.191732591320938894e+00
-1.132544222839927839e+00
-8.748551429818285374e-01
2.170135015144148749e+00
2.147453558933972939e+00
-1.131678325615701253e+00
-9.885152487007358157e-01
-1.079630867027271401e+00
2.104164420163405769e+00
-1.020753032281188855e+00
-1.074379273915078370e+00
-1.008731926178568328e+00
-1.362456421957964237e+00
-1.357393214972779427e+00
2.285514153644962132e+00
-1.090860382961178932e+00
-1.645588134500830746e+00
-1.372566598185623654e+00
1.685742585366269086e+00
-1.358870463038330589e+00
2.152759771001680367e+00
1.864397518165524348e+00
-1.280245569958023300e+00
-1.122562338254530445e+00
-1.010887561073172902e+00
-1.269917170301735787e+00
-1.113033967956706949e+00
1.978112667550131487e+00
2.090738429208067295e+00
2.025940753973590081e+00
1.671534668181981376e+00
-1.331590304759697752e+00
1.471851914259478811e+00
-9.556142593707998012e-01
-5.919890694896725591e-01
-9.803183362265182055e-01
-1.044503195717752853e+00
-1.029880365242412221e+00
2.109600976145534990e+00
2.074730134653185232e+00
1.846103772515649721e+00
2.107238615532939896e+00
-9.593075455253767814e-01
1.958928725837084439e+00
-1.224205130118989571e+00
-1.066427325913421376e+00
-1.075570663282923167e+00
-1.271552017787852096e+00
1.909262216840030169e+00
-1.260933133739611689e+00
-1.381426745852488480e+00
-1.479227985949612245e+00
-1.104285218643516364e+00
2.077373862715024000e+00
-9.312840196768115142e-01
2.181168325482065296e+00
2.274715790386800940e+00
-8.888077404974066287e-01
-1.010629851414534874e+00
-6.945828069173555219e-01
-6.771352368198144678e-01
2.235894032259296171e+00
-7.154029186514405669e-01
2.179254426272963840e+00
1.991959136064094027e+00
2.194795546637686723e+00
2.476108768041590746e+00
2.286782937632140911e+00
2.039043624122463871e+00
-1.184820695665794954e+00
2.064345877267040219e+00
1.559189065178919531e+00
-1.013041221576306716e+00
-9.756960704297039655e-01
-1.285459539718962763e+00
-1.201713227229284309e+00
2.056374648297352170e+00
-1.093972062076036700e+00
-9.800640053012106279e-01
2.649641714874605203e+00
2.351371402152697687e+00
1.923853381160842257e+00
-1.535403650911084883e+00
-1.477825677738401566e+00
2.061766542727478946e+00
2.007699330099294244e+00
-9.014081884775133613e-01
1.988374254719350587e+00
-7.725707666029943965e-01
-1.212325770120711743e+00
2.355021426899829962e+00
2.373689395580631523e+00
2.357017304219702236e+00
2.342662255979588881e+00
2.402543040340132663e+00
-9.475817653941348562e-01
2.646786139803038118e+00
1.590077292786085783e+00
1.729898370406023567e+00
1.572074320711957629e+00
2.441270059952560967e+00
2.455095659844995115e+00
1.929007885115171961e+00
2.226603192190976799e+00
-1.359883297172902461e+00
1.950933968718389977e+00
2.159462625438506755e+00
1.453804704435827100e+00
2.106784156600364444e+00
2.146122922699794433e+00
-1.117934614628260714e+00
2.280479284557364483e+00
-7.079852963346731087e-01
-9.532944030054502083e-01
1.741124575625825566e+00
-6.456898604971923472e-01
-1.344453922139178248e+00
-9.004010569768796657e-01
1.989873602065972857e+00
1.579273302334697204e+00
-1.129930720782154285e+00
-9.933453387627694253e-01
-8.618355873425086466e-01
-1.002506914354432954e+00
-1.144114996442072929e+00
-1.046944224815229640e+00
1.994149352833093136e+00
-1.141299838369668196e+00
-1.400389943831117812e+00
1.937522434999398246e+00
1.908186175958257458e+00
2.225423777949041781e+00
2.023197670030675077e+00
2.470841987108131743e+00
2.215900129987481204e+00
-7.221846866043343249e-01
-1.381757679027447283e+00
-1.052162906397137609e+00
2.334854454713268801e+00
-1.230109929980235162e+00
-9.248670111026380258e-01
2.290406570494238903e+00
-8.329154040356105959e-01
-6.619770240153410867e-01
-1.590538941775879511e+00
2.332998015014073889e+00
2.119670472292239705e+00
-1.261404112306848457e+00
2.334191487828088718e+00
-9.928915178418087351e-01
2.246559764045341190e+00
-1.389705811506502409e+00
-9.100044205354483884e-01
2.121024715448549092e+00
2.343060909413581250e+00
-1.225831734470915979e+00
-9.039904475443818477e-01
-1.163082201868546717e+00
1.875069242654801016e+00
-1.237914707565133554e+00
-1.234420443919905130e+00
2.089874534749502466e+00
-8.070868047751592611e-01
2.076288051223052378e+00
-1.016487560453352756e+00
-1.151886941903634165e+00
1.719887430507130555e+00
2.085257216777430589e+00
-1.421856212416760856e+00
-1.205247837649517706e+00
2.445185273989625152e+00
-9.561865476151442111e-01
-1.268050699050237151e+00
-9.019739415213033906e-01
-1.241339320699279325e+00
-1.150713253690788251e+00
1.631301631213574854e+00
2.286622705232307595e+00
2.050759669000894014e+00
1.784458396732431673e+00
-7.425931406102453947e-01
-9.857446762603400137e-01
2.416877642215122357e+00
2.639639311635705532e+00
2.239954043037194253e+00
-8.423097275890321090e-01
-1.469697095571621315e+00
-3.590609228202149006e-01
-1.662419947327661962e+00
-9.557138390576452869e-01
2.024046187815604192e+00
-7.223779754056545155e-01
-7.913029795132494604e-01
2.199256057593295122e+00
1.975675797293787728e+00
1.889709249385778778e+00
-1.117927579943216232e+00
1.821640948724024822e+00
2.066651460703469390e+00
1.909536832036962117e+00
-1.045474777006422329e+00
-5.521123607997696636e-01
-1.606619949444862527e+00
1.992762389694718417e+00
2.798308128574128695e+00
-8.011358851336189968e-01
1.914811186083586358e+00
2.146761862343984806e+00
-1.144431233666851844e+00
-1.583943826807193922e+00
-1.628965478114815735e+00
-6.952967131506972986e-01
2.509674270147574049e+00
2.235550113595638599e+00
2.219431071001084277e+00
-1.007749474916409094e+00
-1.191561489129090878e+00
2.460479580701576463e+00
2.219481074840718104e+00
2.160215591081842135e+00
-2.907617349786814631e-01
-4.178897763911996743e-01
-6.367540201878176820e-01
2.430081794258971861e+00
-1.048814024991250760e+00
-7.919121834687410377e-01
-9.850330531974361703e-01
-8.283985581248582974e-01
2.245611895377644718e+00
2.450502408388284259e+00
-6.744284574815402333e-01
-8.937601095793458184e-01
-1.195773958363186784e+00
-1.173929118719288400e+00
2.197357699351182081e+00
1.926298520697044436e+00
1.948102035825532985e+00
2.009012318096754957e+00
-1.528688314989297137e+00
1.979365712550910095e+00
2.537742036281126712e+00
2.588922582445252196e+00
-9.462709028851646886e-01
-1.178092851470948332e+00
2.040019378389632099e+00
2.219209440747622164e+00
-1.341705321371153392e+00
-1.163454049052075279e+00
2.082310959322115185e+00
2.218762591146425933e+00
-1.217939536720435090e+00
1.957749744744084364e+00
2.259030423717772074e+00
1.927543197631400584e+00
2.181277405738011765e+00
1.896045676853133966e+00
2.051779154359535173e+00
2.152704785981031321e+00
-1.053919574139255966e+00
-7.875383945825662479e-01
-8.641780529875429107e-01
2.667732904599998012e+00
-9.878630168248847543e-01
-5.565802191873293614e-01
2.263585144046385889e+00
-1.038663559222335664e+00
1.896877039175348445e+00
2.007300719244168530e+00
-1.303188045997454525e+00
-1.285622639761236918e+00
-8.039577301963816147e-01
2.658146624702023342e+00
-1.180082183233078563e+00
2.177124059417000268e+00
1.954930613514486160e+00
-4.996483473883366333e-01
-1.586947883641768975e+00
2.242720118802076446e+00
1.552736611027499825e+00
-7.507105305920654947e-01
-9.217332951789301010e-01
-1.204704883432931251e+00
2.212531117738219422e+00
-1.414968005481697544e+00
2.342710649705376014e+00
-9.003856634132124670e-01
2.335073660595348155e+00
-8.671767892788176946e-01
-7.487990543358525874e-01
-1.031507516442295103e+00
-9.154826588082910499e-01
1.912680073483273624e+00
1.920372140398950878e+00
2.094138429454418748e+00
-1.113197090589549410e+00
1.877257298766960458e+00
-1.061692192339131369e+00
-1.187055212927395909e+00
-1.120189699094451097e+00
-7.657702827860285444e-01
-1.456376293125544397e+00
1.977938344032149187e+00
1.833430571336810866e+00
2.271529062581733260e+00
-4.461231081335109150e-01
2.614258553661102713e+00
-1.037062334493537241e+00
-1.177083123329634384e+00
-1.106263467298579606e+00
-1.133347015498497479e+00
-5.527776583286305723e-01
-5.817069827641980773e-01
2.028258912558948968e+00
-1.002664118186679554e+00
2.444368378431613031e+00
-8.726171701055883689e-01
-8.674390350296203867e-01
-1.080019930151489449e+00
-1.313979837529992256e+00
2.014404730285612288e+00
-9.503184389670890075e-01
2.014823573142351165e+00
2.173733276676597992e+00
2.398558373095100116e+00
-8.337672245999573351e-01
-7.629932518526478802e-01
-6.483979827709818178e-01
2.489942636974071366e+00
-9.109123597691684004e-01
2.110874933528501529e+00
2.145833622522362649e+00
-9.196498266355102036e-01
1.899318964088718253e+00
1.997772260916317544e+00
1.992333889775838918e+00
2.116144882548841810e+00
-1.583720561266933391e+00
2.369315042173087971e+00
2.221879353564414572e+00
-1.482445145880893378e+00
-5.908914860893581533e-01
-7.581811705088599140e-01
-6.519693899217280375e-01
2.332759512280431657e+00
2.771408813140277871e+00
2.528662898861244734e+00
2.232890314049939207e+00
-6.669971175176369060e-01
-8.093340327572655646e-01
-6.870308719754327775e-01
-9.712229983876408124e-01
-1.145925911386685092e+00
2.263300650294055139e+00
2.046063447902972676e+00
-9.004109781802566159e-01
-9.262510601039446456e-01
-2.572229040152141932e-01
-7.554100500269036456e-01
-1.072964746484535770e+00
2.001196451365500284e+00
2.050187710396981444e+00
2.271876987469366949e+00
1.963316708561285040e+00
-1.241252446576375457e+00
2.202777269905626500e+00
2.439493760609681150e+00
1.916675079952598226e+00
-1.009863338346265182e+00
-1.273710605405150131e+00
-1.160758032628655734e+00
-5.196049788733952957e-01
-1.397128746097534568e+00
-1.026876746473825985e+00
2.063680981550520599e+00
1.918692484762308359e+00
1.815328528006774134e+00
2.371936450778965533e+00
2.405953688731659934e+00
2.398835729533899119e+00
1.908438724015220744e+00
2.074896641952133525e+00
-1.325473317805626827e+00
-1.690425959362581221e+00
-8.974198285124195262e-01
2.139095894881726689e+00
-9.467807033602950728e-01
-1.213689308326617811e+00
2.413676389422918511e+00
-1.053067090662383354e+00
-1.134984089600377777e+00
-1.319661260754887211e+00
2.443846994938283057e+00
-1.055100274114204373e+00
2.319719598678263495e+00
-1.173012286733872811e+00
-1.043929015547502503e+00
-1.039502927566827495e+00
-1.137633610818587604e+00
2.144400316338208601e+00
-8.245847443183145220e-01
-9.732091185112780041e-01
2.377353033638035296e+00
-6.480588221912518820e-01
-7.453381224934844118e-01
-8.651524960816481258e-01
-8.556866321770412176e-01
-1.607333063621953162e+00
2.493321657664734126e+00
2.096080782604693216e+00
-7.467756445365685281e-01
2.254151327466662913e+00
-5.360281095188577094e-01
-1.519143477496438521e+00
2.011196134998362250e+00
2.115597818623286663e+00
2.401336734229939651e+00
-9.397091200772891284e-01
2.261209990126928027e+00
-6.806378426810656412e-01
-1.587150065140994437e+00
-1.554409484856289714e+00
-1.553355579592149205e+00
2.299433277040313417e+00
-1.314367171367542442e+00
-7.701483562547629669e-01
2.046697477875289994e+00
-1.197033419396393850e+00
-7.310185675605188615e-01
2.077335154378304516e+00
-1.122040729310336493e+00
2.347521080862622345e+00
2.440003857822065747e+00
-8.821536908418426970e-01
2.364283767498359889e+00
2.505022009358219393e+00
-1.214223527327964236e+00
1.776590449503693270e+00
1.596163267519980611e+00
-6.287142308996552797e-01
-1.616322848395023604e+00
2.219181114885229178e+00
2.245952156764469354e+00
-1.556861749031380526e+00
-1.229827467621612325e+00
-1.576752843667179160e+00
-5.396389011765029275e-01
-1.328493163270923594e+00
-1.303507826306698147e+00
1.547210547899203315e+00
-1.296082279777089230e+00
-6.429961873038848585e-01
2.506216451923443778e+00
2.293470015384686089e+00
2.279713074591752875e+00
-1.462633315191375294e+00
2.259298215374093033e+00
1.999594434845414659e+00
-1.051125915473759109e+00
2.159805954656472959e+00
2.068391843507329853e+00
2.017861790233878683e+00
-7.136734738453079929e-01
2.214596596965753061e+00
-9.921795995193902762e-01
2.025573438291537354e+00
-1.002091342782074568e+00
-1.630348840409358679e+00
2.255634355718030282e+00
2.170593204451208624e+00
-9.757354726269804601e-01
1.594583555974734335e+00
2.498239425816320747e+00
1.826659220023097774e+00
-1.085816136145069333e+00
2.145134660085180389e+00
-7.791657196764050219e-01
-1.257369402250172907e+00
2.222376725514545015e+00
-9.398282476777544137e-01
-6.674414072191436897e-01
1.795312271988804831e+00
-1.123158389412755476e+00
-9.046282095735683759e-01
2.352362313123057103e+00
-1.090321783680086032e+00
2.721537339717739812e+00
-9.749153144806087523e-01
2.260188780892856020e+00
-9.107891020007935490e-01
2.479484649653858952e+00
-9.775844727349546348e-01
-1.018505111774526517e+00
2.647299942229683456e+00
-1.135006500069611901e+00
1.676119778669900695e+00
2.147168574102845451e+00
-9.168652523964824219e-01
-5.826969227231046933e-01
-1.028549871456079678e+00
-6.040947842408357360e-01
-1.168278402441830233e+00
1.865279142622444875e+00
-1.663575896086142425e+00
2.310525241380274153e+00
-4.431056751351357126e-01
2.091762065694872330e+00
-1.172221175380304681e+00
-9.287594038131486984e-01
1.804274427671173520e+00
2.355570667367050675e+00
2.465108805341542197e+00
2.659764924056584601e+00
-4.545422519486788104e-01
-6.526686480079851860e-01
2.005170025052378957e+00
-5.079958135637302474e-01
-1.297689398212585221e+00
2.268128800465052830e+00
1.737430429043639091e+00
-5.752612246358378423e-01
-1.636416993423009059e+00
-1.440396670261481438e+00
-6.772068307750576110e-01
2.435790710944270909e+00
2.087244910182205260e+00
1.624990012154599928e+00
-1.369717304294083338e+00
2.102996977254861566e+00
-9.254231926311909939e-01
2.378469791542593637e+00
-1.406932892433014004e+00
-6.581171920032954370e-01
-8.282425788233286346e-01
1.640448757816769465e+00
-7.281982321645331657e-01
1.991613027703813321e+00
-9.778909584412950329e-01
-6.319201121106368113e-01
-1.210577883564279533e+00
-1.091490272490110103e+00
-1.090617628571092679e+00
-1.441059836110439196e+00
-1.185912161923399211e+00
-1.393133129675119042e+00
-7.506388861132375911e-01
-1.228118661979558990e+00
2.310373141803673036e+00
-1.112740224886769491e+00
-3.251165345640184556e-01
-9.196476842551011277e-01
2.017205341233506033e+00
2.289705661457263730e+00
2.200759067209571374e+00
-9.117771627974839976e-01
2.416650286934379999e+00
1.990865716202385505e+00
-7.247606131333947932e-01
-7.519075914329206300e-01
2.104235185906196293e+00
1.737402349036671678e+00
-1.168901439025371802e+00
-1.189613567410945150e+00
1.844457553002526229e+00
-1.025015491041598725e+00
2.152014862859175981e+00
2.006823021923643147e+00
2.243277291993877043e+00
-1.625672706421887659e+00
-5.787500540965192508e-01
1.835087651678242171e+00
1.943349008796560362e+00
-3.850408259397677391e-01
-5.680539883798352285e-01
2.036637396290982061e+00
2.194907877452599632e+00
2.180715987910240017e+00
-8.976284226439625868e-01
2.156209936085597523e+00
2.205398502424673612e+00
2.854411273685239614e+00
-1.303390572179804252e+00
-1.499107142705763396e+00
-8.182609753539058506e-01
-1.124989336133695561e+00
-1.099029758946566515e+00
-1.181330961265505186e+00
-1.471267227569564628e+00
1.946766381144777958e+00
-9.430430338142991031e-01
-1.278313081635159776e+00
-2.532590531419379731e-01
2.070453189698484131e+00
-1.222172938500182937e+00
-1.470229239840910695e+00
-1.319554073172966913e+00
-1.198001282609709950e+00
1.982799032366403758e+00
1.743009815484046099e+00
-1.507939086771676429e+00
-6.861661681140792668e-01
-8.912948742830412163e-01
1.940363230778140435e+00
-1.007819598123240290e+00
2.328173498046316681e+00
2.308831899141880584e+00
-1.582491843162235456e+00
2.253254186491825628e+00
2.182648559444197556e+00
1.924970110371116538e+00
1.831785510904209824e+00
-4.820613065349837467e-01
2.312086050872998122e+00
-8.629042584536277261e-01
-8.908957804637975819e-01
-9.462511977231443661e-01
-1.155254625325102147e+00
-1.019527933208653092e+00
2.380962644443570309e+00
-8.476249799882922265e-01
2.025661764998869518e+00
-9.142206675421385986e-01
2.104686700957616452e+00
2.063042824623555038e+00
-7.167830075774063170e-01
2.353146904548071294e+00
1.512376266845459449e+00
-1.257454862903699455e+00
2.207197757630245505e+00
2.178306916544842320e+00
2.583034772932339518e+00
-6.299936328389628137e-01
2.444633640255227558e+00
-1.021269668457986723e+00
2.390747116914945902e+00
-5.764799438088494821e-01
-1.003971601116750323e+00
2.236971159692357158e+00
-1.124749555270237344e+00
1.885165717282404341e+00
-1.312618369876633606e+00
-7.845497340667526576e-01
-1.112192292952459916e+00
-1.259405512972282537e+00
1.732532815622350064e+00
-1.092977179939992771e+00
-1.196056139971199528e+00
-1.204548107439084470e+00
1.655629232207467272e+00
1.617604306438364725e+00
-1.097531628316981811e+00
2.099191794189426030e+00
1.954069895012556790e+00
-8.537312026616890037e-01
1.965553158902431541e+00
-7.753669933603901665e-01
2.077886357525263961e+00
2.044097792941722336e+00
2.187459453380271590e+00
2.265088969166674460e+00
-1.528127499931271727e+00
-8.949322912513627548e-01
-3.781917146067797497e-01
2.487473966588447993e+00
1.813194576887924292e+00
1.922384950957671368e+00
-4.904113371148430822e-01
2.394268486272946639e+00
-1.548700749222582829e+00
-1.606035895471807695e+00
-6.944565889630047728e-01
2.469952792208268910e+00
-1.050512162868465937e+00
-3.251040058691750945e-01
-1.014783435889820673e+00
-5.527122959765596866e-01
-1.291166648610528211e+00
2.896988177807899412e+00
1.876552513950590750e+00
-1.453365060575620094e+00
2.433578859506814407e+00
1.609690686253186565e+00
-1.057589165899486927e+00
2.007483841982570905e+00
-1.290750576596187305e+00
2.158396216431362369e+00
2.298423340782238977e+00
-9.608863764826048870e-01
2.523941714312727402e+00
1.612346224336334455e+00
-4.843941784006240425e-01
2.419140050639551731e+00
-6.461052437548181482e-01
1.826826531082180294e+00
-9.589556426229502994e-01
-3.206860635943403204e-01
2.730129162693354594e+00
1.876931651157631942e+00
-1.337332756481598661e+00
2.426739430949534704e+00
2.806487045418725845e+00
-9.721014913477984409e-01
1.952259200063733102e+00
1.596780581205410110e+00
2.184478834403898340e+00
2.072827440304708890e+00
-1.110345520890439808e+00
-8.585777580259167374e-01
1.736182141505860255e+00
2.191101770624567457e+00
-1.054136947000765323e+00
-7.109401939343421573e-01
-6.135644157607375027e-01
1.847429040320786253e+00
-1.545708460597501999e+00
-1.599702742151821067e+00
-1.092144690367170545e+00
-8.499671588056698646e-01
-7.907894760997166150e-01
-7.366567332980252791e-01
2.521177914712394053e+00
-1.275906369802398022e+00
2.092234035548282467e+00
-7.321297134903309578e-01
-1.079458174219865896e+00
2.051699858082442596e+00
-1.270887631426780517e+00
2.621532532726451148e+00
-5.116142447019477180e-01
-1.348748657802055106e+00
-6.043250361414808092e-01
2.156970657970000094e+00
2.103321232959103781e+00
1.832345087303424824e+00
1.879436073861332490e+00
1.880321047160406378e+00
-1.318331684961604910e+00
1.897748493855287544e+00
2.231126110950431674e+00
-1.477895646422608289e+00
2.319941604289946557e+00
-8.500524134919794639e-01
2.320743393795580367e+00
-6.912239563713102886e-01
2.449668979707503080e+00
-1.032210153024636590e+00
-1.133355796672339988e+00
-7.830677092578681719e-01
-7.435596292843391630e-01
-9.793993529567458500e-01
-8.217145863567146824e-01
-1.132044318715834663e+00
1.820043102811008895e+00
-1.471486884242291460e+00
-1.268783844930744475e+00
-1.400696293431816786e+00
-1.205162173964663630e+00
2.552826444770785574e+00
1.621451879749079117e+00
1.427451106182485274e+00
-8.983022826296053198e-01
2.318260782322925539e+00
-1.483039779220929333e+00
-1.154542759325230206e+00
2.177293996429890743e+00
1.533079923706555103e+00
1.492292157294185628e+00
-6.117251245443890983e-01
2.421802655604650134e+00
1.618962889910381620e+00
-1.466986505334243684e+00
-8.325077166176847454e-01
2.620993423294760927e+00
-1.630179894497785664e+00
1.489128124275054033e+00
2.111309535464316767e+00
-4.706606852731656243e-01
2.754063232445249199e+00
2.354384561902279405e+00
-1.362398286199411723e+00
2.792876358684850846e+00
-5.073531779344951920e-01
-1.097108377846418792e+00
2.509687603742888573e+00
2.337807658772810271e+00
-1.279932079914454235e+00
2.033182875497140163e+00
1.988733103050393858e+00
-1.498609806426604019e+00
2.335594149954807186e+00
2.449653818206485312e+00
-1.615819957848950716e+00
-1.587681687251488727e+00
1.752577659332728688e+00
-1.425347015495626923e+00
2.650734544626509148e+00
-1.007304235018480432e+00
2.312785620024166988e+00
-4.096840251254605381e-01
-6.410186989483546149e-01
-7.683593916547758473e-01
2.643401234339666228e+00
-1.099922168829843727e+00
2.056548738845082713e+00
2.143462739155965302e+00
-8.064921268697232692e-01
1.798524032997734556e+00
1.831931825195947772e+00
-1.415921734940236876e+00
-7.109801671691706737e-01
2.443704411809028532e+00
-1.604951104899571712e+00
1.485931958840723377e+00
-1.344683721323471248e+00
1.641549218473802974e+00
2.588299640339585928e+00
-9.343398087420387021e-01
2.647604989174111356e+00
1.873787352175622756e+00
2.309475605871632364e+00
-1.203492268227112527e+00
-7.279527469365636438e-01
-6.300308870448849685e-01
2.848409391766264953e+00
-9.585960325920982461e-01
-1.233982189976243760e+00
2.447009993356029867e+00
2.080534283287458042e+00
2.033091998133794043e+00
1.971319581650420982e+00
1.857032107883929362e+00
1.742215246500746995e+00
-1.387139955169102601e+00
-1.548639344273346152e+00
-1.255513490080074623e+00
-1.361207073841880888e+00
-1.524902219293601924e+00
-1.684246685121660647e+00
-1.088368954988253146e+00
-9.446292111271069603e-01
1.460146815853946345e+00
1.974870094830695866e+00
1.705057892615302828e+00
-8.388468508694876258e-01
-1.267518461498534865e+00
-1.261261990319255677e+00
-9.096256795349414448e-01
-9.150697672641373570e-01
-1.383941768993001364e+00
2.009827925838481466e+00
-1.258725250064667289e+00
1.897922145471099276e+00
-1.233105464747995095e+00
2.351533357010823444e+00
-4.808302931823665860e-01
2.545040171208206470e+00
-8.162577693407504498e-01
-1.240118198579618136e+00
-1.182590155950507427e+00
-1.319784411327347140e+00
1.883560522961303718e+00
1.899846547327500801e+00
-8.554227185218979956e-01
-7.707697931269424929e-01
1.520813901477133356e+00
-9.039041050623792817e-01
2.301359840419231695e+00
1.728285946307678289e+00
2.390597566038801691e+00
-7.603726684496908694e-01
1.502248562139794963e+00
-9.920516517790718414e-01
-8.648888791237048235e-01
-9.713326970647071512e-01
-7.812166106257621978e-01
1.740691865764827151e+00
1.635387569093057269e+00
-1.114100494261541563e+00
1.787934321969062434e+00
-1.301343278847782781e+00
-1.541016530137407470e+00
2.121649222536887702e+00
1.893167437049400048e+00
-1.517337020244084567e+00
1.559100406418344242e+00
-1.087184718294131436e+00
-9.234807370359066070e-01
-1.606911047085544331e+00
-1.647687540065905898e+00
-4.945666844390967931e-01
-8.097302626314520912e-01
1.871825419114130584e+00
1.981528270037233197e+00
2.007171179365308422e+00
-5.283529371701177757e-01
-5.403027841743376358e-01
-7.966197352997226311e-01
2.236846294786527523e+00
1.524997714876615618e+00
-1.520840945378906905e+00
-1.742769912505333085e+00
2.775365760763166989e+00
-2.897989292763351599e-01
-1.566421891736672567e+00
-1.523625345527235053e+00
2.490027787880739307e+00
2.507524016609481432e+00
2.240008020848573089e+00
-1.640782590538750307e+00
-1.547504421856444878e+00
-8.670128341270553207e-01
-7.034723603560231187e-01
-6.897514756379726775e-01
-1.126920965897505233e+00
-1.234188899579998333e+00
-1.036684720400325554e+00
-1.203025529726785559e+00
-9.555531621209504278e-01
1.738463179618510157e+00
-8.746418190402686088e-01
2.875128820461339441e+00
-3.265898305987892658e-01
1.933240386169606584e+00
-1.323360627850664217e+00
-8.601480394461911150e-01
1.910434871119004008e+00
2.360218607764613008e+00
-7.931769109642998750e-01
2.420890462521760877e+00
-1.665952325548452073e+00
1.871354544462906500e+00
-8.714853757429140702e-01
2.195488986679510646e+00
2.477459077734903925e+00
-6.216668371854828790e-01
1.732131193626079702e+00
-1.486858724968085133e+00
2.540004131243795982e+00
-5.761684324099543009e-01
-1.017623762771221463e+00
-1.012533165254632328e+00
-1.158084324177660607e+00
-1.065793062458257667e+00
1.905807977764294669e+00
2.642627068164752568e+00
2.670411304388420781e+00
-2.960401322180843398e-01
-5.820785992801513764e-01
-9.194456397668865355e-01
-9.346205061128928238e-01
1.879083071220365442e+00
-1.341335493663613487e+00
-1.452845799838172081e+00
1.627606473968848722e+00
1.734876206450261416e+00
1.842501014414623217e+00
-4.783460432444266996e-01
-7.758124220303187490e-01
-1.250980528811874715e+00
2.036240644029678304e+00
2.043286165692719258e+00
2.089967998756633083e+00
2.431843961667937482e+00
-7.181109355918137149e-01
2.377908684161415209e+00
1.893759450204314021e+00
1.879339276194919695e+00
2.433968133389050603e+00
-7.505495971084542584e-01
-6.159497565015285003e-01
-1.026574519042503519e+00
1.839843789038759780e+00
2.617716299022570858e+00
1.510364027496541528e+00
2.117430623275366575e+00
-1.317896826222494155e+00
1.598565119375565446e+00
2.081094420111283760e+00
1.639788557957516435e+00
1.754898450674752253e+00
-1.632765687993311010e+00
1.552746157498040569e+00
1.582257604395959083e+00
1.583812933423664138e+00
2.471578356278560928e+00
-7.985488012810444403e-01
-1.565787002998158206e+00
2.260041416596524577e+00
-8.743427732817855569e-01
1.890104285475288304e+00
1.514799869527826637e+00
1.515742249062594249e+00
2.745735278938256752e+00
-8.446594505931940278e-01
-2.982121942458227926e-01
1.528787181828373365e+00
2.388058563032585013e+00
-1.057719324634793789e+00
-9.172171659580380387e-01
-1.284476503895977784e+00
2.687802951573921462e+00
2.779111973274454694e+00
2.340135719673543946e+00
-1.144261472051256057e+00
2.644028158773125359e+00
2.060601909201235760e+00
-7.173094607529030275e-01
-7.843424737699078442e-01
-1.248550506624122036e+00
-1.036271832945340421e+00
2.239457517985431689e+00
2.432227121835575545e+00
2.361633585276134539e+00
2.356831953190414719e+00
2.301552397919104820e+00
-1.409828067753114089e+00
-1.695986093000192652e+00
2.246209069198562336e+00
2.021989185437946812e+00
2.403403752980327379e+00
2.409190497026516553e+00
-8.148629606470501052e-01
1.849792696509299006e+00
-1.496655845917113759e+00
1.689214037603960827e+00
-6.097415754952348887e-01
-4.091771657926896455e-01
-3.343977516743847911e-01
2.504972700942612818e+00
-6.112611467059474446e-01
2.208906228549957440e+00
-1.153157420574236758e+00
1.480076519287018444e+00
-8.879530558376558247e-01
2.248290136525849192e+00
2.250285305842965045e+00
-1.681446218295894690e+00
1.511219962169075615e+00
2.174205421110673608e+00
-8.059546021610861644e-01
-1.074569948278454312e+00
2.202048830917973543e+00
2.442978028473243857e+00
-7.748844066334857894e-01
1.920400361863635608e+00
-9.659171776274187993e-01
-1.263684781767002052e+00
1.834983991065878950e+00
1.862436595463575317e+00
-1.441516576768111957e+00
2.662374719907703913e+00
-5.067589198027350195e-01
-1.495375289923487117e+00
2.265086500844619266e+00
2.218008060662628456e+00
2.399666209432740338e+00
2.528998301568973428e+00
-1.144612435667724970e+00
2.125242382238139438e+00
2.449259190504367467e+00
-9.107431763436341088e-01
1.476162897685403319e+00
-1.625780317436144040e+00
1.567672870673474605e+00
-3.345249349996704535e-01
-5.454388086620061138e-01
1.841313296254490472e+00
-1.216910661273149064e+00
