-2.967324091853552614e-01 -5.041550525912814606e-01
-2.795983681451045810e-01 -4.547244982171796956e-01
-3.349086680212908229e-01 -5.052467403512886923e-01
-3.359017999338548832e-01 -3.012912600715381140e-01
-1.546304462679981284e-01 -4.709720778507883177e-01
-3.295353129202806264e-02 -6.487072924372507821e-01
3.266143954098230107e-02 -6.051323329026395692e-01
-2.078687649616038635e-01 -6.590520496373185599e-01
-3.532677524820274778e-02 -2.998765516081038918e-01
2.565906858828482899e-03 -3.485840541078082389e-01
1.214402310636684551e-01 -4.949540248719680458e-01
2.081143059111297544e-01 -4.957233335546819553e-01
1.693811828427413124e-01 -5.933227641824762033e-01
2.153768237214286063e-01 -6.427805023832489084e-01
2.907955257272140104e-01 -5.198306168300061980e-01
2.758105808320493457e-01 -7.518778903326106544e-01
3.076855089673464216e-01 -7.232923155298426332e-01
7.150536473143068172e-02 -5.912821992291120710e-01
4.831297715702383422e-01 -6.514067842444392076e-01
2.837632883571305498e-01 -4.707201090797558107e-01
-5.683859167339437857e-01 5.534566928299368138e-01
-6.100802901189490424e-01 5.915674340473268122e-01
-6.077446177653237358e-01 6.405370961248983974e-01
-5.207257172701346137e-01 6.081264091523085336e-01
-4.616882377578147012e-01 4.468719677025665971e-01
-4.815728607522168359e-01 5.534113527884093608e-01
-5.062961009405171353e-01 4.550780886247149937e-01
-5.495291865903392248e-01 6.962376031931178932e-01
-5.982136318874786696e-01 4.801678250478886301e-01
-7.714046327492261046e-01 2.549781550277903652e-01
-6.354951552792599268e-01 3.459579167122867616e-01
-4.688389857425672158e-01 2.357411419269032637e-01
-5.047039517544587017e-01 2.584022651405842308e-01
-4.964635380145054899e-01 1.996476344580167261e-01
-4.070356658138478134e-01 3.306711838758220057e-01
-3.644520648811002683e-01 2.848460242444365575e-01
-3.571907934798400075e-01 1.678407719808147069e-01
-3.983267327680274916e-01 1.949762293758168785e-01
-4.627449055508863762e-01 1.177028134696024020e-01
-4.204833783181128881e-01 8.824710763323297125e-02
-3.909653787428140626e-01 3.964823386043714315e-02
-3.718180486862008860e-01 7.148840217963035870e-02
-5.835838649679708778e-01 2.471286916737377645e-02
-5.580763841514881918e-01 -1.694646864644470952e-02
-6.180952463710849276e-01 1.562107142668365395e-02
-4.230108794874005707e-01 -3.234392331224850148e-02
-7.072876997280653777e-01 2.026587692827607201e-01
-6.412734679835244700e-01 -2.043208740816283842e-02
-6.579463648562288158e-01 3.657149702432915817e-02
-5.721734076725228935e-01 1.293817770309318993e-01
-5.624219105316433653e-01 -2.042293133260312810e-01
-4.851018736666821152e-01 -1.537418780726291789e-01
-4.179339089605717539e-01 -1.485818382462257281e-01
-3.911929548565898362e-02 7.432649974433959139e-01
1.868660633527410506e-02 8.465273770581226431e-01
1.330194300965822918e-01 7.449795396438032569e-01
5.271221964187400993e-02 8.762680640139738353e-01
1.002620240215796737e-01 7.097672870798127365e-01
8.560676589719770635e-02 6.680584233538808814e-01
1.675801480798113641e-01 5.079575072643571776e-01
3.797453984962218670e-02 4.381799297187832787e-01
-3.649429798749624643e-02 4.976868769347856936e-01
-4.805550204577813123e-02 4.383065604521338976e-01
3.498250568922304377e-02 5.323877100915191951e-01
8.772005038942941313e-02 5.166234876296136314e-01
-6.236623384867232001e-02 6.668251838229708461e-01
1.872200789157267009e-01 4.485963977865721763e-01
3.086758268748042711e-01 5.277123733981899933e-01
1.774172365377151006e-01 6.422409104985087325e-01
-2.277821533858782888e-01 8.470206164708999896e-01
-2.349078366879764901e-01 8.987514009063629628e-01
-1.308444726326248864e-01 7.649136223855331762e-01
-1.259145978966044466e-01 9.513480920995811552e-01
-1.342814918667840640e-01 6.259120803034239344e-01
-3.634011610257734115e-01 6.868604820545367584e-01
-3.827459795479525861e-01 7.426313612286337129e-01
-3.270074171056422396e-01 7.053966684940193854e-01
-3.475567371873031219e-01 6.329596427109500656e-01
-1.760054816573208836e-01 5.703209829381886697e-01
-1.306346893671971876e-01 4.764709827847810608e-01
-9.610779792385182319e-01 8.706823509022287855e-01
-1.016493006513013331e+00 9.425096929260757816e-01
-9.326086680272507312e-01 6.936681579337649062e-01
-7.257004631536576600e-01 6.028629979696283891e-01
-8.077524782599202480e-01 5.735387102250933955e-01
-8.690785068115177703e-01 3.961408907922152056e-01
-7.744715595646479711e-01 4.711605271635025960e-01
-7.711394204020081133e-01 5.292071439900989382e-01
-9.505908868410892776e-01 5.349791494407533099e-01
-6.927657564612893504e-01 6.213720745345282515e-01
-5.166888219097954815e-01 1.162151016597799069e+00
-6.815061120499154024e-01 1.206825063716773450e+00
-5.154059801493178217e-01 9.962869070338271626e-01
-3.763645717781118893e-01 1.005358587619017419e+00
-4.754029334955544583e-01 1.123333896919938235e+00
-2.851201452383320123e-01 9.387557179802327179e-01
-3.320752485384379504e-01 1.087170994673281266e+00
-3.644569610810229343e-01 1.141319912968685957e+00
-4.830204921431816567e-01 1.861750288950350996e+00
-5.475409741827537147e-01 1.770810801101388998e+00
-3.076027366587724687e-01 1.587787854529797427e+00
-2.371357917016926053e-01 1.718997308847875827e+00
-3.257923434968617027e-01 1.772766083718567476e+00
-2.611157949817183854e-01 1.574892099750522023e+00
-3.306179987378990992e-01 1.554570765705563185e+00
-4.069689295402479923e-01 1.248309136914035333e+00
-4.372348647294432844e-01 1.287671703793004996e+00
-4.593724762099095082e-01 1.384227332934136578e+00
-3.131239945780124878e-01 1.502741127478637750e+00
-5.986690227298800959e-01 1.466662861176700083e+00
-5.732954680930989477e-01 1.501630531045542227e+00
-3.485861209715450104e-01 1.275921592790129289e+00
-2.325870675945188870e-01 1.211510481747807733e+00
-1.732572676697307634e-01 1.052421662844410744e+00
-1.396857049042246945e+00 2.724525676127550478e-01
-1.462316725330015554e+00 3.882386165009893420e-01
-1.612006933740803172e+00 5.611449179211911442e-01
-1.620683277727339888e+00 4.199474127664751810e-01
-1.201003174399976947e+00 4.871530436013524201e-01
-1.218630574328276595e+00 3.364329865848655898e-01
-1.334806070458242511e+00 5.831043474210236832e-01
-1.109671546591533442e+00 6.567004227930040017e-01
-1.123571427600539518e+00 5.588681197161029512e-01
-9.252684646794900880e-01 3.437108454570642624e-01
-9.493654169558308764e-01 3.024350406741708741e-01
-1.127458615214068871e+00 4.583549384265386273e-01
-1.043772367623919894e+00 3.466398103967040512e-01
-1.179759309707266057e+00 7.552124439972757175e-01
-1.129727425505291372e+00 7.442107442149420438e-01
-1.295814595423117277e+00 8.337602921537173861e-01
-1.216238843350005538e+00 1.101849416534748549e+00
-1.411365889945922492e+00 1.009003042235115499e+00
-1.469933986299054141e+00 9.204485076875923433e-01
-9.637937974812899045e-01 -2.479718768931460371e-01
-1.144665181607132487e+00 -1.597596754114448403e-01
-1.176911044747499524e+00 -2.530399298015892917e-01
-1.021400371543366825e+00 -3.996954359387802636e-01
-9.834167434612577363e-01 -5.873004816956896301e-02
-1.263549298687390854e+00 2.109496576062529494e-01
-1.190591665627721563e+00 2.475828476769954545e-01
-1.125809300385544498e+00 1.541010706518478046e-01
-9.449835044967711539e-01 2.095790088087444714e-01
-1.295260643227653441e+00 1.937842370088963539e-01
-1.433157850739881223e+00 2.597006894370942898e-01
-1.309717681090233121e+00 1.009132371560883118e-01
-1.467952579053759976e+00 1.887144731980998080e-01
-1.515581336443230009e+00 1.087041274179206263e-01
-7.904501897421433165e-01 -4.600049493836200210e-01
-7.111174295023283687e-01 -3.904815239579343400e-01
-8.273067818422690234e-01 -2.975633401809306133e-01
-8.669741249132372207e-01 -3.490519690495049177e-01
-7.109843069653276615e-01 -2.300720458062087970e-01
-7.370025470065473261e-01 -2.660761650759479457e-01
-8.124693201954449329e-01 -1.274692668701060405e-01
-6.325641618848566461e-01 -1.336338774890629133e-01
-6.400023123563868266e-01 -2.522127430166682949e-01
-5.835908159443030652e-01 -3.257352713158783719e-01
-6.592369486711567861e-01 -3.120639207254866654e-01
-8.181520514935382016e-01 -7.166766283722157682e-02
-8.478869943355848982e-01 -7.454827920210266301e-02
-4.903694066042600386e-01 -5.993615575541594298e-01
-4.706685881784034575e-01 -5.509809902181629360e-01
-3.470267546591626617e-01 -5.634468791553192135e-01
-4.426056085499829318e-01 -5.091462301410691893e-01
-4.827716515324055324e-01 -4.866302324729694928e-01
-5.032181503707143788e-01 -7.623033603501971900e-01
-4.065232526346072572e-01 -8.646988388071041864e-01
-2.890998670457333164e-01 -9.803844384354413188e-01
-2.680043074925156921e-01 -7.071609002379172226e-01
-2.985756546803471911e-01 -6.631868076986063842e-01
-2.562693430022245367e-01 -6.578551394093290483e-01
-4.341565981099032023e-01 -1.026842842902263575e+00
-5.355862864052217676e-01 -8.760615608416529865e-01
-5.736569078139812650e-01 -8.892753200003441494e-01
-2.118843990053100312e-01 -9.559699715981569978e-01
-2.366821725516838337e-01 -7.561236943090021700e-01
-3.957096837345975282e-01 -1.271264171750974947e+00
-3.675613395235139413e-01 -1.461325714351917604e+00
-2.912832668409296444e-01 -1.204186920841599839e+00
-4.779128795148995801e-01 -1.206453681747612583e+00
-1.434551691341544033e-01 -1.300764899809829567e+00
-2.549529345509842226e-01 -1.258028027976161756e+00
-1.683787276226662577e-01 -1.151307604222725045e+00
1.043759704872884581e-01 -1.466976676104349231e+00
1.246014735547000818e-01 -1.520011042553845115e+00
-1.491323536117954429e-01 -1.634238059237709262e+00
-4.174162118527356691e-03 -1.175916980104816378e+00
2.351150760994482128e-02 -1.104926991886369780e+00
-1.387810899749147009e-01 -1.033653979054119043e+00
4.189916661381096197e-02 -9.912126494348099115e-01
3.168285904958690335e-01 1.033641557862415628e+00
3.362985532248802256e-01 1.081247580870354996e+00
2.123248587131195964e-01 9.793920113205533129e-01
2.201104999772446891e-01 8.836937104908652030e-01
2.550196120193745086e-01 8.353748489102145180e-01
2.415899563215141155e-01 9.315587261599198587e-01
2.190869903889604564e-01 8.204859863692007815e-01
3.370855166744933240e-01 8.218436824495192194e-01
6.102283270418432798e-02 9.701133931219430018e-01
2.525943163862449659e-01 7.779170037925269288e-01
2.934589790564807732e-01 7.366555566942548650e-01
-7.876572090367482681e-02 1.519395688004895995e+00
1.495524707603532732e-01 1.181209602851400753e+00
1.237939254621824442e-01 1.153555900358267161e+00
4.087851854142607322e-01 1.218279616243057140e+00
3.610331336377217148e-01 1.309147247972916039e+00
2.462497774719023813e-01 1.517409057911230263e+00
6.184153658324377245e-01 -1.701400064882013785e-01
5.728623778445874892e-01 -8.349078658879546810e-02
6.612777752355291083e-01 -1.908185200040048990e-01
7.108435345616128664e-01 -2.939619903711358506e-01
7.660667636020873639e-01 -1.193726395665825057e-01
7.409394447326471678e-01 -6.700710919029038981e-02
3.793918071214435472e-01 -1.578677318623838144e-01
3.411246135930948720e-01 -5.766742447388625153e-02
3.789851944329661326e-01 -2.161869864879273628e-01
5.257099544936170155e-01 -3.490835902429750282e-01
5.712010131323175255e-01 1.196742428276270642e-01
6.802004935930092699e-01 1.626895468838716052e-01
5.413720727307496094e-01 2.262813279474431560e-01
5.387201415795553894e-01 -5.416393259486532857e-02
5.707026240206020118e-01 -3.024071949163217865e-02
6.881171354945339047e-01 -5.281286399477300164e-02
4.982568690784566767e-01 2.226692172537523551e-01
5.057023383258896221e-01 5.374966591928224957e-02
4.992284438919581957e-01 -4.293704440737191458e-02
4.051297271209211015e-01 4.175094126970656516e-01
4.324442892872992772e-01 4.474617709295144463e-01
4.236288941503179584e-01 3.637804148253198644e-01
4.165039043143056730e-01 2.642512488038082363e-01
5.031607762886790569e-01 2.781896003053446753e-01
3.234353868504776242e-01 1.226909514826175357e-01
3.266203101762388816e-01 6.165364198945639390e-02
4.108074809160638385e-01 -9.400902526691694641e-03
3.988145383055975435e-01 4.499891770570355748e-02
8.612266484336059680e-01 1.894378901437364093e-01
8.406490153165654400e-01 1.224847988516108710e-01
8.969185756823880862e-01 2.145229666949188541e-01
8.033724584215563569e-01 1.250976080623178444e-01
6.955841498396592160e-01 2.098991911553119982e-01
7.985058042899163544e-01 2.785261899851881537e-02
8.011957436035667124e-01 -2.764130318242325607e-02
8.386267070905376597e-01 3.574180378460471708e-02
8.140179330377690370e-01 4.026841057735056628e-01
7.392261687174161988e-01 3.180867706147975649e-01
8.447231535820242110e-01 3.541227108908334142e-01
6.437205136731114496e-01 4.068719132768287006e-01
6.266837453321876250e-01 3.348665625167999704e-01
6.613169113660336551e-01 3.000204021269813892e-01
8.833190987644251591e-01 5.180117660083299880e-01
8.354159418465162412e-01 5.098734899052973502e-01
9.296236448801338259e-01 5.628204745104181672e-01
8.852566777627886019e-01 6.008935863103734842e-01
8.552069558402297655e-01 4.643386612169687067e-01
8.969659242058710680e-01 3.450190882390328784e-01
9.226706258828498708e-01 3.810319438992179064e-01
9.149271594587993217e-01 4.272115735402696179e-01
5.432449545767088495e-01 4.592631815359637382e-01
5.452004072452014682e-01 6.074011294056913535e-01
5.036783238659834350e-01 4.742007532162064720e-01
4.731751307807537388e-01 4.462698282134485162e-01
3.857190011455412515e-01 5.347035211951601807e-01
4.330358275550692526e-01 4.931751673398726554e-01
5.640754129472567158e-01 4.014157454242220369e-01
1.460107405966624805e+00 2.132362656170358126e-02
1.578152791611471706e+00 -1.110223024625156540e-16
1.486130265163886799e+00 1.962779806137267269e-01
1.466495731235535338e+00 -1.973084815530100622e-01
1.424185288200250143e+00 -1.954249095666391600e-01
1.493102933517921782e+00 -2.474762557973411714e-01
1.514965045352886674e+00 -1.235263071194941387e-01
1.297378403113116141e+00 -1.634344956783379821e-01
1.286779065697677193e+00 -2.149989589550330427e-01
1.589965320833131468e+00 -2.943102387048893154e-01
1.601505083699132914e+00 -1.413585947690053357e-01
1.112049156378555947e+00 5.438977521630460332e-01
9.841579669597798619e-01 3.011786123534273552e-01
9.835629667871598203e-01 3.477691801906742097e-01
9.668760201398014509e-01 1.359354714942107856e-01
9.405558059503020818e-01 1.933239331468132871e-01
1.041444965864726013e+00 -3.996517767383997812e-04
8.791400690764377135e-01 -9.567370840845990099e-02
9.230879810114104300e-01 -3.334481451139867381e-02
9.636554655935877234e-01 -1.378029770927034492e-01
1.018340535325962470e+00 -5.949316954087012776e-01
1.015940959406572253e+00 -6.523946523648590512e-01
9.520438960022811203e-01 -5.060443114427337630e-01
8.522670523065062342e-01 -4.567303563247146481e-01
7.623437331867211064e-01 -4.746320730124887755e-01
7.511122518642892043e-01 -5.212080570195498641e-01
8.037388205601854185e-01 -2.291834070472145712e-01
8.245338339835797115e-01 -1.944458426878506452e-01
8.471618172943407021e-01 -3.430200560490367923e-01
8.072419573133384763e-01 -3.632642318595910025e-01
7.570357299193495315e-01 -3.284422192509431904e-01
6.646619669413671438e-01 -4.615562720531277141e-01
6.313146918533388829e-01 -5.321840902828718356e-01
7.260478240936873995e-01 -6.582217474193480244e-01
7.207888525479807518e-01 -5.566308515051601180e-01
1.267242222109086436e+00 -5.944247019702587620e-01
1.290733601744091352e+00 -6.486186009717801459e-01
1.367450781225181267e+00 -7.476760560461002125e-01
1.194649293744861840e+00 -7.078259464604551576e-01
1.103779931771573963e+00 -5.791403350158280672e-01
1.150523318424120589e+00 -5.995696801048628899e-01
1.154634226130808239e+00 -5.140511535204970173e-01
1.129115209310676660e+00 -7.560295297669236136e-01
1.144982928860386551e+00 -8.612812968654304235e-01
1.243202877839779452e+00 -5.442195842747512557e-01
1.196535959535130811e+00 -5.265616586441156377e-01
1.204911063425755824e+00 -3.473534976314689993e-01
1.063433631171202709e+00 -4.810493179852077805e-01
1.575989215537453747e+00 -3.457390724944960358e-01
1.418438115673282818e+00 -6.800699107673798816e-01
1.472380917796361155e+00 -5.811784769769167136e-01
1.126716913251112118e+00 -3.089716037533843385e-01
9.787724870306504510e-01 -1.949592787866494537e-01
1.033408619168551423e+00 -2.975182536673610101e-01
1.065962762684478760e+00 -3.454515814414337860e-01
4.284263678375381246e-01 -1.152930247212132109e+00
2.918211657581178953e-01 -1.000432113183657323e+00
2.115023000865187686e-01 -9.177545804807772933e-01
3.679629204307300339e-01 -8.095294540437726338e-01
2.009082181940661238e-01 -9.727921621105470873e-01
1.231685636400204759e-01 -9.915118245795955243e-01
2.131188031032116292e-01 -1.034763567454981770e+00
5.077037590150428326e-01 -1.198872676756907563e+00
5.471591071895138825e-01 -6.093660534052803834e-01
5.165189707895174731e-01 -6.916916298687649789e-01
3.643585297794243449e-01 -1.758689131252083593e+00
4.966177562535915579e-01 -1.750306968034693655e+00
1.860091366361391330e-01 -1.542086681590505659e+00
2.595012904591527114e-01 -1.519663827459182270e+00
1.856737405085684411e-01 -1.676606408101492862e+00
1.282379507073062863e-01 -1.745742048766826482e+00
4.345139517324261846e-01 -1.542084098485929200e+00
3.852229174387449828e-01 -1.446529350086866783e+00
3.567314758727999080e-01 -1.479817523858264261e+00
4.145436798578268078e-01 -1.261903323183765746e+00
4.148403976271740068e-01 -1.324322668742119680e+00
7.025792248277780150e-01 -1.453237402545224377e+00
7.593414684531454295e-01 -1.341502750082513851e+00
5.924410789267351429e-01 -1.388658072498570650e+00
5.387887475256032399e-01 -1.491918068002820785e+00
5.784310787351029104e-01 -1.683510664749712893e+00
6.419086337922462748e-01 -1.568457812186981659e+00
2.672998151921822663e-01 -1.182223827596883936e+00
2.263859420066413330e-01 -1.096944280024581442e+00
2.027965864695147613e-01 -1.183378557574727097e+00
6.505059465186077139e-01 7.155124373041381602e-01
7.489627511476850685e-01 7.798254230787072805e-01
6.614285542550272234e-01 8.539880606651304440e-01
6.286152898802020994e-01 6.812120640672185701e-01
8.769711099566398493e-01 6.929774476265337935e-01
8.120926494212487023e-01 7.347655967502837449e-01
4.781043158238288959e-01 8.145926376120483647e-01
3.952294374627303708e-01 8.344366316819364915e-01
4.546625364787522661e-01 1.134537578568124871e+00
4.972831180614704638e-01 8.513219019224873563e-01
4.434672019176695290e-01 8.676814537236523517e-01
6.135901977358677595e-01 9.035010500342239848e-01
4.438944832601256496e-01 7.326076412084503442e-01
4.257252662201189697e-01 6.548966537488828399e-01
4.333356600772342859e-01 6.027169127795218850e-01
4.024278228986679085e-01 5.815140922545810609e-01
5.109369213324987946e-01 5.768272983747062543e-01
9.098347647419117168e-01 -1.056992744492516012e+00
7.681124289967319330e-01 -9.956223274747469931e-01
8.299980578452633706e-01 -1.199039114290434860e+00
8.450307427035494978e-01 -9.486176455423320775e-01
9.601914951128722731e-01 -7.982083403442850056e-01
1.046511393414551350e+00 -8.258847936141332502e-01
1.034720703061839719e+00 -9.238725133357900132e-01
1.095994524971128703e+00 -8.848298434338404128e-01
8.586270241299180928e-01 -7.460537842297626510e-01
9.405322635796550257e-01 -1.015343108937927896e+00
1.001145820183453550e+00 -9.503779113518829869e-01
6.927912590413867200e-01 -6.763195832617594494e-01
6.491135553997997576e-01 -6.453846892011382286e-01
6.341983592470600284e-01 -7.233147659377363592e-01
6.684182705185368611e-01 -7.538945400422842891e-01
6.172229918706499951e-01 -6.694094595430082340e-01
-8.642391409281007242e-01 -6.269175029120198639e-01
-8.180025941986009963e-01 -7.207133950971440495e-01
-8.325175306270465869e-01 -5.189246377495244644e-01
-7.417349255034906275e-01 -4.636564685290443522e-01
-9.452391557205450656e-01 -4.895963120543019298e-01
-8.964174986189504812e-01 -5.663025731192955492e-01
-6.892245263802025956e-01 -9.925776575480873554e-01
-6.548780391844643001e-01 -1.057475082408229294e+00
-7.891364296746388174e-01 -7.822795235600608077e-01
-7.427971293291221189e-01 -8.809338636607514372e-01
-5.739982844006564777e-01 -5.917916415414444797e-01
-5.970056656875047940e-01 -5.416193433560033688e-01
-6.361076559679241793e-01 -5.115413398478079188e-01
-8.368115297500171579e-01 1.266275913099530692e+00
-8.911388772005672809e-01 1.220882784374032637e+00
-7.305290003814437494e-01 1.091038168102947514e+00
-7.624521109109964057e-01 1.359101359072547366e+00
-8.049389924274732433e-01 1.300258004462406136e+00
-8.400935461178681285e-01 1.031990349765482096e+00
-7.060307210828571378e-01 9.944996798454246445e-01
-9.324145323661811036e-01 1.197852583541440863e+00
-7.568554712585248145e-01 8.811577668991457113e-01
-6.179934046086327237e-01 8.264467471168807089e-01
-1.958661871436327973e-01 4.391979955827972071e-01
-2.123598885916826717e-01 5.046574149818311428e-01
-1.527931033925961912e-01 3.989941925292279090e-01
-1.168089829476943731e-01 4.204241330250552688e-01
-1.924601690791119812e-01 3.790905486144464653e-01
-2.626568413284450232e-01 5.100416272429477704e-01
-2.726669518146597748e-01 4.662699549546003297e-01
-2.750238613048062719e-01 4.151118435769959314e-01
-2.331577118220676537e-01 3.676903927230529834e-01
-3.362112018993040907e-01 5.763190097004129431e-01
-2.886786803339180252e-01 3.229585335944903379e-01
-2.883892254502114505e-01 2.658707700214358316e-01
-3.258340262396710596e-01 2.498303055663201877e-01
-2.535442903084280664e-01 2.845235673285516076e-01
-2.403348952183806952e-01 3.238012537651570599e-01
-2.112170570820824100e-01 2.712272245541819116e-01
-3.129377882605279271e-01 -4.503513156395572148e-02
-3.857843970266534028e-01 -1.245666045442297629e-02
-3.473805109628765320e-01 5.904165243759099124e-03
-2.683203982870894788e-01 -7.094275810683901839e-02
-3.860590042150253143e-01 -7.040632433572022175e-02
-3.021165812093088987e-01 -1.545084105860213830e-01
-2.681783695794565103e-01 -1.304666875161517026e-01
-2.073516043770263217e-01 -2.205372249244582639e-01
-2.273780837666514454e-01 -1.150677656935955029e-01
-2.985004831964272465e-01 -2.147570273199286839e-01
-3.811408925394517144e-01 -1.223469731064038973e-01
-1.352439325832443806e-01 -2.814175635995290747e-01
-9.391079957424031122e-02 -2.675837424433874512e-01
-1.218791675226702509e-01 -2.214759313051373468e-01
-6.473306901377093303e-02 -2.483004784807039400e-01
-9.433478466486916458e-02 -2.019940362052648208e-01
-1.865048545339406671e-01 -1.546327839136476812e-01
-1.779361529182449109e-01 -1.178014413919645786e-01
3.886274189025255010e-01 -3.373408555270480669e-01
3.410694454486455918e-01 -3.385696021405017464e-01
4.212905835558691803e-01 -3.937562057201497989e-01
3.328159973722504272e-01 -3.845333720411381884e-01
3.099835713847985952e-01 -2.490697140265051290e-01
2.604244336476509991e-01 -2.436373301326251184e-01
2.554233753079808156e-01 -2.985612763212156517e-01
2.020226346899482439e-01 -2.163913237821298019e-01
2.194172868704998280e-01 -2.623701462409616103e-01
2.950295069744961474e-01 -3.390767114056786879e-01
2.921903366457098139e-01 -1.565264027559383486e-01
3.061049315435897533e-01 -1.190637583314320541e-01
3.404039480118543071e-01 -1.669694187285959697e-01
2.463332318303603219e-01 -1.439006418747950378e-01
2.774346008555745868e-01 -1.992764841633448969e-01
1.798289317595162806e-01 -1.696057439095314257e-01
1.249593803829756461e-01 -2.594189945363831185e-01
1.167634493484245306e-01 -2.188009508664873481e-01
1.558516197815138504e-01 -2.983103762032598971e-01
1.394744029330498014e-01 -3.383710052091714604e-01
4.330373153964690164e-02 -2.673679173885210036e-01
1.061794523228624110e-01 3.488422927488241121e-01
1.432499645342159567e-01 3.069633907355818203e-01
1.009970465556718072e-01 2.956007235644729780e-01
6.450239583044659053e-02 3.375321128768674073e-01
1.585638195067969325e-01 4.142337786207064276e-01
1.484367790695999834e-01 3.631407799197104436e-01
2.844950178737855676e-02 3.891966887879325654e-01
-1.585206178009141223e-02 3.870906274069330077e-01
2.163218444122380346e-01 2.965262917185294556e-01
2.234984267480869813e-01 2.406125835516740308e-01
1.821034346429470097e-01 2.715687781052391614e-01
1.478017957058684606e-01 2.025951674158050775e-01
2.566654708762245996e-01 2.687540620942661662e-01
1.947828531266387331e-01 3.566622943856594397e-01
2.391865499291459252e-01 1.274197087413092566e-01
2.429631694923808927e-01 7.124559078932983514e-02
2.507904579430179082e-01 2.245188611435249351e-02
1.988157640927044056e-01 1.084524460367994603e-01
1.995235275463934088e-01 5.412789779555114006e-02
2.314672391563744880e-01 1.824176270233355268e-01
2.626888176329627567e-01 2.077956860404270578e-01
2.988201665912085248e-01 1.790868154605619045e-01
2.826447182869604169e-01 3.362229728313066990e-01
2.609054788176759510e-01 3.854380247227220946e-01
3.312216766481687613e-01 4.097496603838253759e-01
4.119067724628781152e-02 7.120937639302117594e-02
-5.479816949212642065e-04 5.308423244584044298e-02
-7.335707693307279981e-03 1.067384662344097457e-01
0.000000000000000000e+00 0.000000000000000000e+00
-2.457602701567350792e-02 1.670693382701790575e-01
-4.344924554764312968e-02 3.697932914997290044e-02
4.195576115369405168e-02 1.785145085194941028e-01
1.082419203895509802e-01 1.908869832931547605e-01
2.214130450208495193e-01 1.388540067654735286e-03
1.582472984327140675e-01 1.498436068982395009e-01
1.484952118456108749e-01 5.341270974278420486e-02
6.106370309523447698e-02 2.239533950594796985e-01
-2.519656725945395442e-02 2.804209620329791153e-01
-2.148738051921171566e-02 3.355797305289369703e-01
6.435722370911642440e-05 1.896953469420173954e-01
1.623525052070277919e-01 -8.178335481747830982e-02
1.231964983922862467e-01 -3.811410549050407021e-02
2.106780503930046067e-01 -8.787793696500138807e-02
1.574749588873886053e-01 -1.232991278898886434e-01
2.185612850737973234e-01 -4.672507900717554757e-02
8.077138147069112817e-02 -3.080322363721810924e-02
4.797161248147578660e-02 -1.439952363184868189e-01
1.291971725357182188e-01 -1.444824722020139618e-01
-3.660610459042051845e-02 -1.831260944847120514e-02
3.664127279848455182e-02 -3.626935119345459785e-02
9.353620269136357288e-03 -1.648666111314190108e-01
-4.079540616279166837e-02 -1.676786625290045962e-01
-3.496305874756284321e-02 -1.221469429922843464e-01
3.833633687415802932e-02 -2.190135969462726206e-01
6.349398706242809221e-02 -1.908793316395991091e-01
7.912358364397503729e-02 -2.438185627794653976e-01
-4.783546479079887892e-02 -2.101482576028665117e-01
1.006732886643243452e-01 -1.701169150308449174e-01
-1.580189479860675539e-01 6.643453851462141624e-02
-1.359213939175061003e-01 9.534267408763362484e-02
-3.732192651230938768e-02 -7.078530802468911698e-02
-1.557683515860135981e-01 1.569633923467856837e-02
-1.978103344168299360e-01 1.480417715401610539e-02
-1.183593743817442229e-01 3.761007200550334217e-02
-1.601472093188464063e-01 -2.953472150563428433e-02
-2.198541287036713532e-01 -7.389656909565263387e-02
-1.288845248601594717e-01 -1.221300392133741336e-01
-7.110747542470541305e-02 -3.412814664507753115e-02
-2.700880112230029662e-01 9.808086593719865520e-02
-2.371914882712572725e-01 1.432234593973458550e-02
-2.363375099593786888e-01 6.138771213241322328e-02
-2.531831690548664859e-01 -2.591086167154671091e-02
-2.337924747956943161e-01 1.197510162817281842e-01
-1.407484027217928702e-01 -1.678185329941803694e-01
-9.058053392288738237e-02 -1.625298269111868921e-01
-8.225220509124225865e-02 -1.209225477207033356e-01
-1.106611087196278029e-02 -2.620147106424526307e-01
-4.654461155194813266e-02 8.567960408286370844e-02
-1.212292985579832838e-01 2.282657298965601878e-01
-1.488094412343639872e-01 1.945862143648868781e-01
-1.683034805906328812e-01 2.542693616937259926e-01
-1.423344439774167913e-01 2.858754674477239077e-01
-1.198056210462996735e-01 1.342280414670017352e-01
-1.849881078879117013e-01 1.103198536003149460e-01
-6.598848669046927795e-02 3.347593323759792683e-01
-1.051872735638006567e-01 3.106234062279178976e-01
-1.906225014489105751e-01 3.182542306798584186e-01
-6.497506418397287764e-02 2.818563111530902332e-01
-2.424104045034592703e-01 2.346258118872785736e-01
-2.395640910298958981e-01 1.821693705446973677e-01
-2.749825237288871516e-01 1.568581419928490872e-01
-3.195835043655385621e-01 1.911452123842941886e-01
-2.572802677042894115e-01 -3.599530227167734298e-01
-3.752077982383072996e-02 -7.707007208010624444e-01
-3.928060822602204988e-02 -8.679229672559057862e-01
-1.579822249989474292e-01 -6.608813393123889046e-01
-1.237033494129338891e-02 -5.794864295317985192e-01
-2.239799493416228249e-01 -7.051327285171455905e-01
-4.929907052507384591e-02 -4.198740179069699319e-01
2.008286764666504173e-02 -3.089957137253929176e-01
7.519549436864166048e-02 -5.503256342929627731e-01
2.570020676979704599e-01 -6.900278036918773283e-01
2.516908408224056148e-01 -5.335952849807074072e-01
1.394928639845657015e-01 -8.056152477430477132e-01
9.891067238427653230e-02 -6.748309016288815965e-01
2.961859793769816562e-01 -8.134759790723757877e-01
3.947745172798252655e-01 -6.416568426336067832e-01
4.210295989188212462e-01 -5.423388206951297308e-01
-5.250573188457193785e-01 5.578150381243803801e-01
-5.281164104693348849e-01 4.101594678646019454e-01
-4.758601568203916776e-01 2.950822690958141425e-01
-3.461667537226280067e-01 1.062597130623291891e-01
-7.688287859970537319e-01 1.549995671436574518e-01
-6.689008994193564872e-01 8.779999612921109142e-02
-5.287718769647139494e-01 -2.790011440895245887e-01
-4.945927405538318861e-02 7.980330447441753572e-01
-8.926709285722879417e-02 7.809443795362618346e-01
-7.637893954895112747e-02 9.119463783701838855e-01
4.403439970586020720e-03 5.909031461899829640e-01
1.249478120249586099e-01 5.246532153060533554e-01
1.787136703310354402e-01 7.006454454223686179e-01
-4.573738953613916934e-03 4.426705330351273227e-01
1.079262468145753689e-02 4.914069006909432824e-01
1.098519084665641049e-01 4.539278609263152631e-01
-4.641827841285907363e-02 6.031492306881075516e-01
2.529230220400372486e-01 6.137271009118249188e-01
-1.391979045986340979e-01 8.194425730356991178e-01
-3.209622000181072687e-01 8.349931874629208384e-01
-2.244860824562684709e-01 6.191921310251616850e-01
-3.717487594519564564e-01 8.666572624066282149e-01
-2.161727600292276397e-01 5.628122022900263755e-01
-1.317535667762681217e-01 5.306474167025919675e-01
-1.327134356935942561e-01 5.780903602709273059e-01
-8.658142885149862356e-02 4.381636378814462440e-01
-1.032183937179756317e+00 8.241983879354056741e-01
-9.210895202158302375e-01 9.291018745773281795e-01
-1.155117934666078039e+00 9.734098122649696982e-01
-9.514523654390451002e-01 6.602306144361798079e-01
-9.101219601834548145e-01 7.263224703019961481e-01
-7.672180379555244567e-01 5.831358535577052526e-01
-7.377255732998031501e-01 6.619306824905011322e-01
-7.818174925376273343e-01 8.032994909831393526e-01
-8.547997478695994467e-01 4.481685757855770058e-01
-9.965572927563688399e-01 5.487253486799631430e-01
-7.693068938668323753e-01 8.410754748238354894e-01
-5.986668901484506478e-01 1.190329490475794838e+00
-6.381060766937306505e-01 1.222577478885741531e+00
-3.808283028280904925e-01 1.096818839087092767e+00
-3.029117849823989017e-01 1.163624115288076188e+00
-4.590797033955958950e-01 1.615315042514879895e+00
-3.660001335654398669e-01 1.687961308855900011e+00
-1.744136138707232941e-01 1.532678141772062519e+00
-2.092141319289186896e-01 1.781858680467966360e+00
-5.084927018292177969e-01 1.559538182847717724e+00
-4.261424600390280593e-01 1.508532468013390915e+00
-3.919776560793122311e-01 1.396302700460539281e+00
-4.263039704856589895e-01 1.334070492328246926e+00
-3.949928762849112540e-01 1.291015192870335282e+00
-2.344516860779136957e-01 1.374003867267342471e+00
-6.294325729021410520e-01 1.385061774475904617e+00
-6.612860728785212583e-01 1.427579762235070326e+00
-5.163018488196273736e-01 1.329796605826286671e+00
-5.310782537989506835e-01 1.474285769552185599e+00
-5.821765553349350641e-01 1.557664494812572631e+00
-2.282654574366739242e-01 1.157288590516108551e+00
-1.489744665054197892e-01 1.332216720569987523e+00
-1.434901535971387032e+00 4.667293010004245346e-01
-1.466831918823240821e+00 2.814867588063515447e-01
-1.168050959915233333e+00 3.933617680348649448e-01
-1.193145700528351894e+00 6.469104294923637699e-01
-1.312120632336916781e+00 6.324110724326152955e-01
-9.705435848699202062e-01 3.550797475211920351e-01
-9.260341314018079029e-01 2.461004873511762614e-01
-1.048405383586500372e+00 4.856195897720121391e-01
-1.097042516052283867e+00 2.904360118810656588e-01
-1.231781040546886086e+00 9.427143570947940088e-01
-1.319401660685732391e+00 8.803981511406037130e-01
-9.253981792645328275e-01 -1.969917351023719176e-01
-1.101891174267069395e+00 -2.091086351972139545e-01
-1.185858477063000738e+00 -6.503209004769483492e-02
-1.010375117155733804e+00 -3.772748296554724167e-03
-1.082204167136047612e+00 -2.571673818838956377e-02
-1.174803401864477514e+00 7.569852284078380789e-02
-1.228731370377606602e+00 1.754901153662009605e-01
-9.439920239740468011e-01 1.624960706666412624e-01
-1.071042929590807713e+00 1.898948120901089165e-01
-9.214292780934820737e-01 -2.285160761236448845e-02
-1.335064822644304927e+00 1.855499466958394350e-01
-1.421059690911541384e+00 1.779368018006243501e-01
-8.843308512021177403e-01 -4.323261014264495605e-01
-6.364465431104958659e-01 -1.914039683762917832e-01
-6.232212621108446093e-01 -3.170898053680755169e-01
-7.349287324049933456e-01 -5.179201524756820579e-02
-8.024290696884359697e-01 6.417347007071677600e-02
-4.496816164317699593e-01 -7.089726164906268169e-01
-4.253326400164045840e-01 -7.584651321586302064e-01
-3.658930386506261123e-01 -8.460661171558506721e-01
-3.493217076077757000e-01 -7.227527408527927300e-01
-3.605267286016297090e-01 -9.604575875303406063e-01
-2.891753906696061804e-01 -9.277086979259436816e-01
-5.155081896565291144e-01 -9.922505282672882121e-01
-4.372609935022753747e-01 -9.791933306079761978e-01
-4.944806454899327020e-01 -8.754809120785347343e-01
-3.552927112979150648e-01 -1.085265312241085800e+00
-2.125320788129456406e-01 -1.009172369575114692e+00
-2.100879947751091437e-01 -9.024630275755807229e-01
-1.240300783466457973e-01 -8.853448342186570619e-01
-2.014459638163845212e-01 -8.009320596338602716e-01
4.062650440744823566e-03 -1.005671097511250833e+00
-2.705116581675804932e-01 -1.383773888092213467e+00
-2.788266329178647474e-01 -1.162784646227635221e+00
-5.109607122520752887e-01 -1.153948718833168297e+00
-1.835284051902985325e-01 -1.464727581549834401e+00
-2.110015757272224735e-01 -1.341941358454216804e+00
-9.009752849424883248e-02 -1.332889527074239799e+00
-1.989183920703918584e-01 -1.268368628702484013e+00
-2.573309899366939182e-03 -1.423805103487628676e+00
-2.122567517269877968e-01 -1.112995125085661119e+00
4.781357020860056012e-02 -1.596966659257397003e+00
2.467679183823780556e-02 -1.513149232700661928e+00
-2.202201057395120412e-02 -1.074837990947351551e+00
2.956756329324822241e-01 8.369683917334295176e-01
-6.919354789049003696e-02 1.041998392794150519e+00
7.148780543627404616e-02 1.097677314185496966e+00
-1.132283692753840720e-01 1.617089348774466195e+00
7.767776343087613722e-02 1.509395555603568306e+00
-9.136463897995067418e-02 1.387902945394190901e+00
7.281177239005208468e-02 1.307680933329994799e+00
1.582785651877796074e-01 1.231401016858019615e+00
-7.092595279113593498e-02 1.141463873357512648e+00
-3.018349967474383624e-03 1.173974791141277230e+00
-6.462279551808977618e-02 1.278585835526834469e+00
2.187288089208456188e-01 1.258826623664651034e+00
2.996870129255412851e-01 1.252287576902317179e+00
3.251411730744372397e-01 1.192827928760403777e+00
7.010172975866677536e-01 -2.398449175282280632e-01
7.143050616782131712e-01 -1.053689012881508236e-01
5.530183625867226560e-01 -2.713387394481638348e-01
3.005323555182380924e-01 -7.180001437515468043e-02
2.978556011719313279e-01 -1.739076237658067695e-02
4.153378602890654414e-01 -9.454986964254320780e-02
5.464406563059899247e-01 -3.979717243649389391e-01
6.259455843351358073e-01 -4.218832541587406171e-01
6.092287781240880440e-01 8.282695711706783426e-02
6.272398379041028704e-01 1.749142758370817452e-01
7.677108217127078804e-01 1.365418884160062366e-02
3.814193836412647642e-01 2.415784201555425392e-01
3.690051673746941319e-01 1.358297406725932632e-01
4.808380941672994457e-01 1.476835723158304199e-02
2.910754226126124888e-01 3.830997750995709938e-02
8.199150622953933487e-01 2.765947247160554512e-01
7.259531004015226108e-01 1.641630727539672707e-01
7.953573321621472125e-01 7.687387598778830378e-02
6.561907138510784110e-01 4.464633834167291981e-01
6.551809451139787299e-01 3.546210220961417137e-01
9.334791350658464548e-01 5.164689603808585439e-01
7.395247205888566544e-01 5.044846728123829616e-01
6.925118364116747971e-01 5.894700595561941370e-01
1.455853846440767096e+00 -3.147217888835016769e-02
1.359488900346558893e+00 -2.292388864581234864e-01
1.019369760919714318e+00 2.610836221787586342e-01
9.881102544783625374e-01 1.717425201660481848e-01
1.071529167645554947e+00 4.472928662819574686e-01
1.019902439560305352e+00 3.639237607837043087e-01
1.153888142939136108e+00 3.718468192401139238e-01
9.883515002114026116e-01 8.632108629862113303e-02
9.666884708095662138e-01 -3.463680379098152406e-02
9.191506211943836213e-01 -1.308371102253447493e-01
9.125543508366084078e-01 -5.326432445208969524e-01
9.762848824905975276e-01 -6.124387108904216781e-01
8.642202474636281329e-01 -6.351820829091114895e-01
1.078024625651379687e+00 -7.226984927291920657e-01
8.956212827797269682e-01 -4.358860070199310210e-01
7.694117638920665581e-01 -4.309361109752390950e-01
8.249432613716032314e-01 -2.857190200953749204e-01
8.608238657185226517e-01 -1.713138054440874469e-01
8.848043709849213734e-01 -3.864536570549355066e-01
9.848050471014400120e-01 -4.245703153547658593e-01
5.997119434998698928e-01 -6.180467854078122159e-01
1.219612094186006912e+00 -6.683267194493012209e-01
1.125886066379407247e+00 -6.301942923972702060e-01
1.130217495440691833e+00 -5.488512478718399201e-01
1.262759165157087526e+00 -5.071698694935136142e-01
1.229612908085404133e+00 -4.009011824601624863e-01
1.293335381470169132e+00 -3.445205191696787406e-01
1.167358019442537920e+00 -3.011644639198252094e-01
1.085295440410861900e+00 -4.439929760566718175e-01
1.462020899371692328e+00 -4.177065063299736924e-01
1.482602374078330287e+00 -3.621986030824465019e-01
1.368821556935030603e+00 -3.420926194456001546e-01
1.398635219406188401e+00 -4.566425387741272490e-01
1.081759388771250441e+00 -3.082991308250998541e-01
9.566699549480123244e-01 -2.340966835815251057e-01
1.020949961900797343e+00 -3.432929443782674617e-01
4.187447571173900651e-01 -1.096617342755750180e+00
3.387544968715223703e-01 -1.036888739888035538e+00
3.633103431066183608e-01 -1.159965259115306457e+00
3.568603626225596015e-01 -8.963664613286888017e-01
2.472861475779279394e-01 -9.611099039933627131e-01
1.691816693208494649e-01 -1.008843230593641005e+00
4.987850865002304568e-01 -1.139035463857051456e+00
4.736151104990698468e-01 -1.020768229471273436e+00
4.725904976341736008e-01 -9.046458663228887920e-01
6.555413475461505657e-01 -1.269275450739074884e+00
6.301146663534978876e-01 -1.049130894599567210e+00
5.551127772106957403e-01 -1.278275170051446308e+00
6.232420843449875125e-01 -8.150489986532709619e-01
4.586068988183310546e-01 -7.520652580721890468e-01
4.013047205537639273e-01 -1.576256531581662790e+00
3.272938477401923785e-01 -1.626484639712161506e+00
2.489994328429915860e-01 -1.556986281479915801e+00
2.859979832061951277e-01 -1.490102849235596771e+00
5.061659999172988256e-01 -1.536758577446254881e+00
4.290425778879694563e-01 -1.479435642038943843e+00
4.038704053212234246e-01 -1.375955257832849776e+00
3.371366679500354402e-01 -1.427738141375219039e+00
4.850049769008201173e-01 -1.353032651151833798e+00
3.782342949218721051e-01 -1.282851461861084896e+00
1.920375222119098113e-01 -1.122873583050198576e+00
5.919448966906838416e-01 8.171335402145283311e-01
6.118612292885385884e-01 6.419326160637490730e-01
7.807385533257418242e-01 -1.061013745887973814e+00
-8.709526413143710011e-01 -5.214870818784802520e-01
-5.790331548572914544e-01 -7.633165191833544139e-01
-5.497129431231503327e-01 -6.513396421305538420e-01
-6.413165779930048993e-01 -8.878976935405781257e-01
-8.229773316038383468e-01 1.110132610002880993e+00
-8.518623202146080597e-01 1.077254131219066435e+00
-7.121034680681183060e-01 1.041744166694259066e+00
-8.444927084850010202e-01 9.336806412051098514e-01
-1.023899400408713856e+00 1.034228044012039271e+00
-6.981424487275758040e-01 9.144659918564422840e-01
-1.655119470513955471e-01 4.612559087113523582e-01
-2.333774176513923049e-01 4.191436625986659781e-01
-2.975299138061497928e-01 5.544391984256969996e-01
-2.339215569016075691e-01 4.699859346079951483e-01
-3.752642952870815507e-01 4.575035574820290329e-01
-3.672969062730814249e-01 4.035747939128572770e-01
-4.300603613161051442e-01 6.313564175254916533e-01
-4.124673088524755671e-01 5.770730332804669960e-01
-3.275488509310280905e-01 3.644635466165082605e-01
-3.278452628638504618e-01 3.048659334758474504e-01
-3.495565769585564087e-01 -5.290437860730545089e-02
-2.974037307339075231e-01 -9.221148615061073445e-03
-3.247858942374460267e-01 4.798268904433465598e-02
-3.061388622310510232e-01 8.178031602637884923e-02
-3.431613006395423660e-01 -1.089564771364364137e-01
-2.236638802510383661e-01 -1.701103000851888480e-01
-1.570301905070211890e-01 -2.414681200929720273e-01
-1.731543660906258442e-01 -1.951769125930939708e-01
3.012908282078684552e-01 -2.905945805279043226e-01
2.302292479355879384e-01 -1.856191186709120478e-01
2.417174144692899873e-01 -3.419897436874827501e-01
2.593809462020830736e-01 -9.249550806843595541e-02
3.254148487895938691e-01 -2.047957954213054099e-01
1.692166434207948988e-01 -2.523330192996957599e-01
1.024435398769032030e-01 -2.905485392984643034e-01
1.910193686224892218e-01 -3.432535888739794427e-01
1.004078238831347947e-01 2.423818195496661165e-01
1.150690745880936089e-01 4.020878041227767818e-01
1.865221850215603439e-01 2.192450009686828238e-01
2.136272074393334719e-01 3.921157104826147877e-01
2.732158604003551150e-01 1.483226704344613456e-01
1.935830987583090634e-01 1.613479636759652669e-01
2.148946265370496947e-02 1.292407021906888942e-01
9.382526157715609383e-02 6.032056868988647930e-02
6.332102940756210996e-02 1.166757321154955063e-01
8.198497229811484155e-02 1.596702355219545288e-01
1.211412921335869169e-01 1.388110559688552070e-01
1.331903148770026968e-01 1.137121177100123073e-02
5.970640083988532076e-02 2.840428307580424860e-01
1.865104673261329046e-02 2.811229596591561797e-01
9.918207082089737850e-03 2.319968332034158809e-01
-6.532547254333370690e-02 3.888783601409399604e-01
-3.789377618599810982e-02 2.298367439593069772e-01
1.690036099731569152e-01 -3.710014568769418736e-02
2.024108983492234060e-01 -1.342584719824323203e-01
4.112933854791001737e-02 1.620821045976667332e-02
7.475184747905397331e-02 -7.476528030719878370e-02
4.020410848919923896e-02 -9.307181951142060039e-02
8.625215665448350555e-02 -1.198624111506453593e-01
-9.536343068386262008e-04 -5.400466626326914932e-02
3.575365993882288155e-03 -1.112815089326236184e-01
1.518761534503681454e-01 -2.006211954858528046e-01
-3.210027557915101550e-03 -2.171289496223803295e-01
-8.083907054695557703e-02 1.482403974526265086e-02
-1.973450108421425098e-01 6.587256176141154107e-02
-1.219200818522449270e-01 -7.248529478038812091e-02
-2.035892626475595824e-01 -3.276748530287285771e-02
-1.690904088609399281e-01 -7.565722601200851327e-02
-7.940705851156949768e-02 -7.618815598626180186e-02
-3.139531495220943547e-01 1.368965134091523761e-01
-8.975327263358019725e-02 7.231339146108287097e-02
-7.151478367893229771e-02 2.013863368863104408e-01
-1.015173245382278155e-01 1.741133878447300998e-01
-1.081397683906903801e-01 3.665824190767049684e-01
-1.515609663725057121e-01 3.448178501130386153e-01
-1.985647703294529665e-01 2.100711535078870207e-01
-2.828821229782859659e-01 2.119897830916849801e-01
-2.065093484335269736e-01 1.561887696079309884e-01
-3.796612078303094884e-01 -2.968323292416590320e-01
-1.639360726129421575e-01 -6.033872825995640898e-01
-1.636740546447134834e-02 -3.881804502494198839e-01
-8.526831027328354851e-02 -3.104202094520566724e-01
1.631604401841475482e-01 -6.372940340351198607e-01
2.189124322008174084e-01 -8.624451124116663259e-01
-6.146542635727376691e-01 6.858319242682725525e-01
-5.016134573919704964e-01 8.575809570186813946e-02
-5.284453254203476114e-01 -2.314609554101207112e-01
-8.725843925281998037e-02 5.366319923692998151e-01
7.984214427183268514e-02 4.320898071989129896e-01
-1.731300210886617952e-01 5.156771835078414190e-01
-9.422991061417425041e-01 8.214483760130401047e-01
-7.413013821485999744e-01 7.177563556670225609e-01
-5.184434109103152055e-01 1.110908961671042361e+00
-3.490851041699862822e-01 1.606036350819916025e+00
-1.962462698201102307e-01 1.685939050462851974e+00
-1.275155503059092865e+00 7.858999939241486654e-01
-1.058296701199503476e+00 9.965790947840276470e-02
-5.262549320796516827e-01 -4.886658212722128636e-01
-4.369780950189005031e-01 -8.145731785387415602e-01
-1.331505160503819452e-01 -9.826343391999690091e-01
-2.624235058376389040e-01 -1.304253273259355028e+00
-8.965933463504588419e-02 -1.447889239535832928e+00
-4.724834596527729275e-02 -1.616991707107257259e+00
1.014401070584619591e-01 -1.590287616992969610e+00
1.477000199803473468e-01 9.415378010972489387e-01
-7.308293345419203391e-02 1.773588768847911723e+00
-2.721354081601167711e-03 1.327901853012003031e+00
1.620589850360145689e-01 1.321503927897239361e+00
3.092618303335529228e-01 1.302478739244914419e+00
6.640896782948927379e-01 -8.863716492456644169e-02
5.891676370524908668e-01 -2.489028737928179469e-01
4.597156348175321927e-01 -1.984648722255863695e-01
5.854106587432004183e-01 -4.825620213362170063e-01
7.019288824347469369e-01 7.521447286982045621e-02
4.105440676475839989e-01 9.068651767554436471e-02
2.852580501304203264e-01 9.330948336327661574e-02
7.387563744394651799e-01 2.654944457492302567e-01
1.403136478977615731e+00 -2.470363305802777132e-01
1.118816943277538556e+00 3.122437475272231699e-01
1.060922778036018199e+00 7.478949918322559676e-02
9.615683444344905739e-01 -7.535969742507020452e-01
7.061029870384382123e-01 -5.060683481906730341e-01
9.237305970279598988e-01 -3.177849017691519173e-01
1.222342716570506083e+00 -5.803435503823627384e-01
1.113325593955141413e+00 -3.655121941092053239e-01
4.251129131066265776e-01 -9.903127869974348574e-01
3.070120855084702005e-01 -1.285791591990487426e+00
9.238977684391441736e-01 -8.629715102668243931e-01
-6.752668130379559930e-01 -7.083580104238121899e-01
-3.147829360652072972e-01 5.177833880833829783e-01
-2.845949059126104408e-01 3.719429522879789674e-01
-3.078797606494809713e-01 -9.505938729811305721e-02
-2.780340638769722705e-01 3.795803407163120952e-02
-3.384244812446802197e-01 -1.628363584494985639e-01
2.160704479990543242e-02 3.357783957100629046e-01
2.432791239690368368e-01 3.350937447917556322e-01
1.596808776876210700e-01 9.566562256073106452e-02
1.106486211582802387e-01 1.012910964588890766e-01
1.802657058311242511e-01 6.913553643260815507e-03
1.161204342514497306e-01 -8.728176400494210008e-02
-1.159837151299269870e-01 -2.180064665954991113e-02
-8.479309276652263749e-02 1.207055232565696773e-01
-9.024740517618984326e-02 2.547334745302547998e-01
-1.648654428428075469e-01 1.523108569649051225e-01
-2.856573102350904447e-01 -6.084757397383505628e-01
-2.547121155681997817e-01 5.574569141612623069e-01
-1.048916494179860770e+00 6.886011097315782870e-01
-1.787836607238308118e-01 1.445496837485253705e+00
-5.261251713120470574e-01 -7.043735019118130269e-01
-2.899165831912773883e-01 -1.034260288822363760e+00
1.669785752600138062e-01 1.125757474327503616e+00
6.660839831464075989e-01 -4.073180180436843933e-01
3.582722706109868205e-01 -2.508701954669424472e-01
5.856384021394797079e-01 2.810319952723995818e-01
5.955363550746848311e-01 6.002212672982845110e-01
1.033837081665824664e+00 -5.145503030467973860e-01
1.331412209229241084e+00 -6.533759798782320383e-01
4.386348127006540198e-01 -1.213559646892934607e+00
-8.653523067154755832e-01 1.121827048162452156e+00
8.362371486227362927e-02 1.761914893269357629e-02
-4.878781569260887130e-01 -3.722880335804097940e-01
9.058931482195964335e-02 -9.448662002884490319e-01
-5.373161454515810176e-01 7.418332791156235784e-01
-3.122504838676578021e-01 -5.562073615000766580e-01
-3.231613130660188071e-01 -4.520242855705868812e-01
-3.432890589646339641e-01 -3.487769503535341209e-01
-3.832448285108710495e-01 -3.441149651594383463e-01
-3.827126026470750730e-01 -4.002530263912559283e-01
-3.508025804534916081e-01 -4.000244869165074935e-01
-3.653309536113220068e-01 -4.541368209989452009e-01
-2.992537930084170905e-01 -3.559632242431637339e-01
-2.297427428593523668e-01 -3.329004423794313383e-01
-2.687070284895253791e-01 -2.731902301152651646e-01
-2.867703452059442992e-01 -3.104882776959275725e-01
-3.172461890795201800e-01 -2.579692526599247082e-01
-4.247350562722894129e-01 -3.057801812887347426e-01
-4.503542671397134933e-01 -3.606228105385000382e-01
-4.143632186422601671e-01 -3.663875873458080634e-01
-4.055889331537202436e-01 -4.293185673723931561e-01
-4.430741313064541220e-01 -4.591924665019139762e-01
-4.370204253329544319e-01 -4.073700821312237208e-01
-2.377586917412787548e-01 -5.682740922301532382e-01
-2.046578918900185950e-01 -5.601963229026524216e-01
-2.132239092107912071e-01 -5.117036469644192787e-01
-2.364276574349893911e-01 -4.651629861577966096e-01
-1.420084697724189327e-01 -5.266480242258720912e-01
-9.682703047018850762e-02 -5.643433422457055926e-01
-2.159936123176796063e-01 -3.875034148204814510e-01
-1.612774743571203373e-01 -4.239520494129415118e-01
-2.544647612252540561e-02 -5.371130859909261090e-01
-5.042303202640244231e-02 -5.972260393192392325e-01
-1.747529266390741506e-02 -5.034983219138893240e-01
4.822989618693054870e-02 -8.576789497806690532e-01
1.124687483925190280e-02 -8.070810804175871933e-01
4.799915891178845040e-02 -7.748994225867619212e-01
9.624323957856445455e-02 -8.076428482507886919e-01
9.269672298807256350e-02 -8.577378932717505400e-01
-5.325452065599770718e-02 -7.184144696694433341e-01
4.902743806455722719e-03 -8.593228452797992967e-01
-8.327524210579072272e-02 -6.183275442297656577e-01
-8.727393855962946312e-02 -7.416121316614638914e-01
-2.120081603025954480e-03 -6.254523987146809461e-01
7.319350650621500587e-02 -6.317548535205447235e-01
3.660583697061605551e-02 -4.733762809629871171e-01
-1.119273170178594450e-02 -4.625787054564907685e-01
1.029221163361283484e-02 -4.280145375041503608e-01
-7.518867986471257370e-02 -3.822690846437548640e-01
-1.312588291325000878e-01 -3.623849747827042611e-01
-1.387423092988849804e-01 -3.160671733236873893e-01
-2.219992114263212024e-01 -2.902855588833099798e-01
6.762583904753306785e-02 -4.541836673869953378e-01
4.328052477708607682e-02 -3.991085411437995112e-01
7.806727007855132627e-02 -3.213292997503522930e-01
1.163745232736952129e-01 -3.669150455440838843e-01
8.962266914148271646e-02 -3.959539737804887438e-01
1.905750109585832575e-01 -4.415778582004288300e-01
2.316036110040972928e-01 -4.293747603458203388e-01
2.427610534627355765e-01 -4.808956592179395306e-01
2.310936037900389595e-01 -3.843204134376736469e-01
1.216449042957389315e-01 -5.919788362734962339e-01
1.657520649565989712e-01 -5.473591673728974705e-01
2.171373560508693124e-01 -5.938766985954844202e-01
2.589692376158683751e-01 -5.869988723693728705e-01
3.060433483551159850e-01 -6.212914321656310968e-01
2.286146000617843566e-01 -7.313004194394577828e-01
3.045435457098117360e-01 -6.736460748686738942e-01
3.499811494708586213e-01 -6.559908998648797951e-01
3.867680634025175701e-01 -6.892268737091624686e-01
1.362866348383463266e-01 -8.579849767152046836e-01
1.237129910694541451e-01 -7.199704710036568533e-01
1.519832113416157982e-01 -7.654868844935631689e-01
1.778865461501418221e-01 -8.625632109113057222e-01
2.040139524154292172e-01 -7.694623972849231608e-01
1.772608356173966115e-01 -7.248382258732956052e-01
1.484324969668597560e-01 -6.805374384889415484e-01
2.493255812331975352e-01 -7.877525900328883335e-01
3.200854437189962765e-01 -7.821899156330042180e-01
4.037996037367367341e-01 -5.960785362776714891e-01
3.765967241427539691e-01 -5.518303083786120222e-01
4.675085493661777503e-01 -5.634582665634981780e-01
3.313637852769908965e-01 -5.090451300290360637e-01
3.533212618168073416e-01 -6.018259820012322736e-01
4.512939727200033779e-01 -6.009775466469472471e-01
4.157906244434471099e-01 -4.844690311966470264e-01
3.285640225168597328e-01 -4.628167717239650147e-01
3.222507913136015700e-01 -4.225076625114827511e-01
-6.092127060249377113e-01 5.363919404082907461e-01
-5.711114895524247448e-01 5.079183119194554674e-01
-5.638542224186952057e-01 6.011798780728414560e-01
-6.528911499430286591e-01 6.336681687280363295e-01
-5.149059731159358888e-01 6.492917691637600797e-01
-4.922176069960580436e-01 5.010962752372194462e-01
-4.507524432487812760e-01 4.936142940511744071e-01
-4.713211601677398388e-01 6.612205659267307301e-01
-5.977558922353830573e-01 7.156620601476311183e-01
-5.816803528635866583e-01 7.459096997054872613e-01
-5.624879868061750665e-01 6.532818555986263931e-01
-6.157356301495320317e-01 4.406584730861342059e-01
-6.804313220946037744e-01 4.235788554674576600e-01
-5.462794460837905319e-01 3.679014093707857480e-01
-5.015220419393353612e-01 3.551187402840126905e-01
-5.498437486772621563e-01 4.586413587641341438e-01
-5.647483669895817515e-01 3.240161418719794684e-01
-5.863814749743051502e-01 2.767716940689862737e-01
-5.215480987718087436e-01 3.132462409273105153e-01
-4.809764061991033124e-01 4.008561369096592664e-01
-4.370318038938981742e-01 3.902126691103380840e-01
-4.564896714377597031e-01 3.464803092685150299e-01
-7.529652745623665044e-01 3.005016622159496498e-01
-7.307542494191340277e-01 2.530438057207797242e-01
-7.281600864326488454e-01 1.546283587674314453e-01
-6.897418435874747011e-01 2.537442090504143932e-01
-7.134594567201714144e-01 3.513017378810902591e-01
-8.032650083102117478e-01 3.639130641037557345e-01
-7.893070967626122370e-01 3.117708718558639402e-01
-6.283841533647336330e-01 2.875247835314711509e-01
-6.734015164449252966e-01 3.663297124351312384e-01
-5.887354707200073145e-01 1.805289732227144950e-01
-6.504240483085683699e-01 2.470257709371122823e-01
-7.267382452697749295e-01 5.485200557568301605e-01
-6.969501576993260006e-01 4.679749549955148358e-01
-4.664433882418550503e-01 1.705143766691051554e-01
-4.366912256750084542e-01 2.500874325787664221e-01
-3.994197915130133780e-01 3.811201974213356269e-01
-5.061313865744300200e-01 1.472597883667854657e-01
-5.468542434053647039e-01 1.655183156739403749e-01
-5.367835899252364484e-01 1.064841657128246799e-01
-4.974083738906484031e-01 3.468174859836664625e-02
-4.889081580393676574e-01 -2.981033104567471642e-02
-5.235094672802014237e-01 -1.304105157728159808e-03
-5.971384794435072862e-01 -3.725196454163164084e-02
-5.603293286890522751e-01 -8.020929100879740925e-02
-5.608383451418021970e-01 -1.416505027924125359e-01
-5.956743591259157089e-01 -1.046420748843172738e-01
-7.833519188428582636e-01 1.084730003662903314e-01
-7.421844121156554452e-01 1.022926916482740645e-01
-7.053042562996512110e-01 1.068651733930772868e-01
-6.660824392758979418e-01 1.959198715525645451e-01
-6.462951273712148614e-01 1.319608970283880911e-01
-5.990996888496102901e-01 -1.677658751250734326e-01
-5.237683493880577190e-01 -1.766994203051042156e-01
-4.526208254144639120e-01 -1.245805029325167262e-01
-5.250745462213364245e-01 -1.152324824280313992e-01
-5.084021135503220545e-01 -3.253893976566790136e-01
-4.920834530085297365e-01 -2.657980571190684538e-01
-4.683050849122509240e-01 -3.107849135092771720e-01
-4.538034360014395752e-01 -2.532347502225812952e-01
-2.649155295331549753e-02 6.863876027910845723e-01
6.235919508101654858e-03 7.083977555615197375e-01
3.260584151744746334e-02 7.889101153893673946e-01
-6.509706405868739831e-02 8.565887481072287368e-01
-7.799362764915286628e-02 7.270764733755463727e-01
6.365096024254156271e-02 8.240450071438654156e-01
7.836187858912654902e-02 7.607647416163566545e-01
1.029265669776131403e-01 7.962457878853842486e-01
2.033792502528977350e-02 6.403031634147318130e-01
6.749295437175478751e-02 6.195421397048604950e-01
1.150888666419467438e-01 6.121206809113138858e-01
1.445083007260136998e-01 6.909410982273214152e-01
4.319146092060206082e-02 6.746502212781310126e-01
4.892791670337673371e-02 7.271778673255588910e-01
9.725346439506932228e-02 5.679111553089277731e-01
1.438630376897274132e-01 5.613397266610697933e-01
1.764856724586956194e-01 7.533460501446339608e-01
-1.410936195902528362e-02 5.433630553195155644e-01
-5.389016339370841097e-02 5.528533124195942339e-01
1.928560281388642939e-01 5.496181907670055766e-01
2.098117719660160252e-01 4.910076673999721475e-01
1.652449419698277244e-01 6.005773987232255751e-01
2.161223646414009436e-01 6.520017996268137050e-01
2.136972655583136982e-01 5.928208524355773612e-01
2.965599589940534631e-01 5.813948762021280414e-01
2.867952084008352220e-01 6.343921978881300605e-01
-3.055691978763367400e-01 8.727703717402386374e-01
-1.859270212738939609e-01 8.564970732078247551e-01
-2.730224569551388814e-01 8.867391711934924370e-01
-1.490624525636302933e-01 8.754114594701964958e-01
-1.630400825828605404e-01 9.366763926666438200e-01
-1.066482440510216068e-01 7.016279180546378669e-01
-1.485207243268501787e-01 7.264333688533000100e-01
-2.554329330110445273e-01 9.993301212365285346e-01
-1.689303710164098138e-01 9.947675908214367313e-01
-2.724435860256785302e-01 8.360745269465419405e-01
-3.142694144071155882e-01 7.813765165637088783e-01
-2.293535908551988245e-01 7.513343182268390485e-01
-2.742319073888078718e-01 7.921403658107164514e-01
-2.255018061580266742e-01 7.970458480031467063e-01
-2.297856621423057244e-01 7.023741757338012315e-01
-1.801792812593137338e-01 6.646493522692713540e-01
-2.201533118790984234e-01 6.583932353230224077e-01
-1.865295818004034378e-01 7.142062169370075875e-01
-1.399081413584567779e-01 6.751280269162504011e-01
-2.702543320166544416e-01 6.755033693830542196e-01
-2.628500082209746513e-01 6.167943751787268170e-01
-4.638358356136709770e-01 7.500208251218387634e-01
-3.610376295151995207e-01 8.149684710760092266e-01
-3.102631531963729317e-01 6.543881948813349281e-01
-3.007416120399813986e-01 5.987767516551475433e-01
-4.123695528442513081e-01 8.466159938944841645e-01
-8.940586929717937725e-02 5.927719530627715283e-01
-1.028643926705359091e+00 7.263151105111024242e-01
-1.046582725539134673e+00 8.750310201351942929e-01
-1.070155641926741064e+00 8.069067816784456504e-01
-1.107105124221213543e+00 9.467834496163536340e-01
-9.329836558151234360e-01 9.817054652457115616e-01
-8.652256549539895092e-01 8.957552250784442949e-01
-1.113136409475614874e+00 9.932208500844880161e-01
-1.192860685026896128e+00 9.532432443937624011e-01
-9.995636582098424983e-01 6.789325050810446349e-01
-9.018458256113839333e-01 6.393649049160242681e-01
-9.746368463951380345e-01 6.301471357688064323e-01
-8.828018612557636535e-01 6.711876980481948918e-01
-8.295517021673759483e-01 7.135254005608172578e-01
-8.325917152848040237e-01 7.586993946464856142e-01
-6.958012988486090844e-01 6.774112978026699539e-01
-8.750148080403804540e-01 4.924417125339804469e-01
-8.446477082108507783e-01 3.653354368227590410e-01
-9.021905097427466158e-01 2.912000124698397308e-01
-8.318059480235130421e-01 3.203361176519724518e-01
-8.804590751146185168e-01 3.399427374395483925e-01
-9.589504481378080536e-01 5.764137061084692037e-01
-1.058808796720523526e+00 6.430714884274704168e-01
-9.641215771789923838e-01 4.967233622521114444e-01
-1.005933146790808808e+00 4.985218844959867779e-01
-6.496805022469099855e-01 7.353114011286646656e-01
-7.055275765131879817e-01 8.740882643257107398e-01
-5.934747144661699503e-01 1.087852769383559570e+00
-5.504597340151156093e-01 1.096684176940539990e+00
-5.554176220775290940e-01 1.149999225668913994e+00
-5.938992598545425050e-01 1.136349122341975271e+00
-5.578883680139943291e-01 1.255336719260774947e+00
-5.168423069216544485e-01 1.213493934746014968e+00
-4.785503746173697115e-01 1.226173706561073162e+00
-4.399552497889157032e-01 1.182990913563136237e+00
-4.795217504838730771e-01 1.282292921870535896e+00
-5.165878167389362785e-01 1.271839470749416945e+00
-6.724981752716805428e-01 1.254694736552221412e+00
-6.304175615561514734e-01 1.326933721938140520e+00
-6.704576463466289660e-01 1.309997148035699555e+00
-5.511360520121670881e-01 1.047397683097359922e+00
-5.556148341518474254e-01 9.966028735080624257e-01
-4.706628368696229026e-01 9.927544621277044623e-01
-4.574301330994647308e-01 1.030659558096773454e+00
-4.402434926228585010e-01 9.409803524616678905e-01
-4.141912910499093714e-01 8.960011223970217875e-01
-5.097353547080363256e-01 8.580528662735389389e-01
-4.549819418759680767e-01 8.386676173687042102e-01
-4.811438675631599660e-01 8.027168402742572706e-01
-5.286794185035700311e-01 8.269032875140315264e-01
-5.206775099386466987e-01 7.793142289219027186e-01
-5.776861574476369610e-01 7.838381650917901622e-01
-5.675565942271978415e-01 8.237125663109701179e-01
-4.538421027142122144e-01 8.923504317343475822e-01
-4.837615094962043338e-01 9.462064452272521686e-01
-5.267008316343421148e-01 9.486254582288820014e-01
-4.953746826122399916e-01 8.967022720823061288e-01
-5.759095082296556978e-01 9.550985236047624394e-01
-6.227694186716752345e-01 9.790863208743613155e-01
-6.375293168606110950e-01 1.033892762889095707e+00
-3.443383836565923062e-01 1.036871718079102278e+00
-2.964524992462562181e-01 1.042264813750543251e+00
-2.126398059069439794e-01 1.099454629311236165e+00
-3.675558602826151655e-01 1.234520488759988766e+00
-3.256376206087023273e-01 1.133255088382925102e+00
-5.058287867408529648e-01 1.617778778113873273e+00
-4.134569107439821090e-01 1.604111487497501765e+00
-4.395809590498338526e-01 1.564946256525500345e+00
-4.782134812860552309e-01 1.665854149992366251e+00
-5.238090660409950861e-01 1.809304841716816048e+00
-2.856989539911185538e-01 1.535399161242720245e+00
-2.238178564158815331e-01 1.464457170220074600e+00
-2.185064821247892919e-01 1.557922959129561580e+00
-1.719259203237048783e-01 1.789251170280741210e+00
-1.648246085415969453e-01 1.747691720262696924e+00
-4.685135555079408265e-01 1.529910534450135806e+00
-4.986609220098024986e-01 1.499088264448197094e+00
-3.846757183889671361e-01 1.488088906610427919e+00
-3.993042935464805598e-01 1.544207827067481942e+00
-4.410350926649885817e-01 1.423122069353068397e+00
-3.510724324027474919e-01 1.373651962810797267e+00
-4.753269482507695431e-01 1.334856842763867624e+00
-2.796749060398447950e-01 1.391909797910366064e+00
-2.089773050114677178e-01 1.410599581712491224e+00
-1.913910406159962108e-01 1.355538784590377688e+00
-2.184516854297024746e-01 1.318338771880289473e+00
-5.852295915536614990e-01 1.400431686028048794e+00
-6.250118881060801046e-01 1.430943413038742618e+00
-6.651834702000640753e-01 1.365715154856987246e+00
-5.411016476800503128e-01 1.386835344245703316e+00
-5.458048558734037714e-01 1.583287604040663821e+00
-2.660155077822289882e-01 1.246335292405611916e+00
-1.874243237481869606e-01 1.167352721168668062e+00
-1.827989988473304739e-01 1.112169797037741548e+00
-1.962862472444897588e-01 1.224693988357729246e+00
-1.209295696040779133e-01 1.361434021199861011e+00
-1.295546724716692744e+00 3.138860168887696589e-01
-1.283782361890994705e+00 4.830920522025384800e-01
-1.292777745385847776e+00 3.711778087814360805e-01
-1.465068701136540197e+00 5.456250548178914750e-01
-1.499379737596491013e+00 3.172162397211952256e-01
-1.481847148853628227e+00 5.921548139652667020e-01
-1.414047059077565116e+00 6.107283735839307282e-01
-1.576386236640038074e+00 6.826428819828230798e-01
-1.564710158850066479e+00 3.388133622523079036e-01
-1.495608491021038988e+00 2.482863192082914727e-01
-1.531474056119473293e+00 3.000712418996387409e-01
-1.131147691452194071e+00 4.015777494179527118e-01
-1.182152044557005288e+00 2.941813977646333123e-01
-1.263469607207977186e+00 6.866349809422342965e-01
-1.222568421445555886e+00 6.864503729539120913e-01
-1.366885273116448030e+00 7.014667083999750474e-01
-1.329589189124914972e+00 6.944604441659755212e-01
-1.040848433944383977e+00 5.831749069653296980e-01
-1.081856604001536493e+00 5.666381039893101379e-01
-1.211537326057786412e+00 7.323420118235768328e-01
-1.420723257599108669e+00 8.504196115052140570e-01
-1.340575829855040313e+00 8.425328218947966130e-01
-1.015627095860563323e+00 3.773760238744695017e-01
-9.934755825507544102e-01 3.191314402719430121e-01
-8.788499662775995924e-01 2.335665999379424318e-01
-1.082859130832810601e+00 4.624766420886233798e-01
-1.074508843185711493e+00 3.208366494917063161e-01
-1.102568072327857474e+00 2.446988523003990890e-01
-1.147302424952077127e+00 2.474167428557416393e-01
-1.059747172011392458e+00 2.341041521820143856e-01
-1.270073522491129037e+00 8.743082741361982713e-01
-1.193953612111011919e+00 9.043365823868396713e-01
-1.365262781093798505e+00 8.956030617241200753e-01
-1.294581129451793489e+00 1.078973439656210509e+00
-1.386441828488373051e+00 9.449692106280196402e-01
-9.640898068801607712e-01 -1.494070935913415776e-01
-1.050853326923500752e+00 -1.107408944797259182e-01
-1.049204547745038019e+00 -7.164925880099441702e-02
-9.679133498914057609e-01 -1.939042503206206136e-01
-8.770563491961942404e-01 -2.073108914442177986e-01
-1.004034675756281692e+00 -3.363425335680023665e-01
-1.051751440871597110e+00 -2.508026883205702884e-01
-1.006567895625618991e+00 -2.494369151970599330e-01
-9.558125834058173176e-01 -3.341353302004234638e-01
-9.565735633490515255e-01 -2.914182046574858020e-01
-1.027517862181159369e+00 -4.316859161673756301e-02
-1.054870602288715098e+00 6.814491098860189777e-03
-1.034176321115825026e+00 4.941157536336690526e-02
-1.133255382343420603e+00 -1.696649826955329288e-02
-1.224511864890094337e+00 8.193612801890984287e-02
-1.190628047495237096e+00 1.514360606992242175e-01
-1.155200708732051718e+00 1.149192686441987549e-01
-1.139928085239361844e+00 -6.284362007858955435e-02
-1.161901030994517692e+00 1.628538313019324835e-01
-1.327359372906429691e+00 -9.984065841570815072e-03
-1.314887864899398018e+00 2.839596743527453629e-02
-9.402174291113916116e-01 1.106583267340207483e-01
-9.007522378947522279e-01 1.256243508206228154e-01
-8.673374568215799219e-01 1.379197613550841861e-01
-9.715082836195868543e-01 8.305043727297116429e-02
-9.492888388765026164e-01 2.436942566393265897e-02
-9.385134272761742613e-01 -6.496341180403378268e-02
-9.061392852896277272e-01 2.179935948766988443e-02
-8.778955043381260204e-01 -2.446457054652885835e-02
-8.930093550583320106e-01 -6.929892133796905496e-02
-1.344717220982514672e+00 1.351610306800064554e-01
-1.297825139578100639e+00 1.427165283093803083e-01
-1.407931365107582211e+00 2.225263370130993457e-01
-1.435135504012377217e+00 1.392152475823752455e-01
-1.363860325067707269e+00 4.011053093120485469e-02
-1.386137864642079665e+00 1.302222526934828373e-01
-1.452536264069393068e+00 2.291693909414519725e-01
-1.393432656394113733e+00 -4.650024578766254191e-02
-7.917397520641682451e-01 -3.259947491403383246e-01
-8.655650707926219045e-01 -2.999135300133855542e-01
-8.909672159456015761e-01 -2.508048758779777287e-01
-8.046754852560646931e-01 -2.670235546527363613e-01
-9.114477035351100653e-01 -3.398337263058824886e-01
-8.280570693923583470e-01 -2.131609296163614331e-01
-8.670264843364178242e-01 -3.946305851736199855e-01
-6.991109697692460268e-01 -2.925776941263667497e-01
-7.230370504631302708e-01 -3.254499741038945904e-01
-7.164832777906436911e-01 -1.699365034909388339e-01
-8.300517657842433339e-01 -1.620114287239674544e-01
-6.744688551488059458e-01 -1.548828594049005414e-01
-6.004546279210253301e-01 -2.748202287301412250e-01
-5.487826510469053787e-01 -3.277496556441144571e-01
-6.006239984744899951e-01 -2.250672996038006746e-01
-6.070441871776334208e-01 -3.740646028626452013e-01
-7.975941500932083317e-01 -3.187685272331258757e-02
-6.982234357265295621e-01 -5.235587573241360509e-02
-7.402741557779632942e-01 -1.126187778574654630e-01
-4.861082165967601232e-01 -7.082469830526936239e-01
-5.105768751054450272e-01 -5.430648092216761036e-01
-4.272940157693340124e-01 -5.683244163260919857e-01
-4.063972288927615861e-01 -5.254694774540050739e-01
-3.857986500572809230e-01 -5.707193190319210796e-01
-3.235236050735925684e-01 -6.126929449239402192e-01
-5.057245714130630398e-01 -4.359290980491230538e-01
-4.640788847197573896e-01 -7.632166972236351654e-01
-3.866359336845780481e-01 -7.418840406438638180e-01
-4.123278564498420451e-01 -7.075739238925761176e-01
-3.239559327429317737e-01 -8.284513760359154544e-01
-3.645329581830657473e-01 -9.000454687927280650e-01
-3.397291138982492797e-01 -6.667760153101213172e-01
-3.961637844712583290e-01 -9.738117029793509349e-01
-2.890261300317162885e-01 -8.725294260734092200e-01
-2.485343982322106016e-01 -9.153798834045413502e-01
-5.268335397336921799e-01 -1.049028271727720396e+00
-5.558806038654198201e-01 -9.961561406730536916e-01
-4.747430848409404103e-01 -9.930209835030952004e-01
-5.081224463105780131e-01 -9.360818956248792011e-01
-5.454817006546539560e-01 -9.368156283295686615e-01
-4.014292644997282111e-01 -1.080395195975257572e+00
-3.691838401695555216e-01 -1.132850851642006162e+00
-5.494077927490654822e-01 -8.124636809498781975e-01
-1.752622333437238167e-01 -9.953086714089018905e-01
-2.118391896953389086e-01 -1.060734354679484071e+00
-2.065488247344696160e-01 -8.504891396024599759e-01
-1.738624014306179577e-01 -9.437266483289141750e-01
-2.469628183942862709e-01 -8.607200119973249519e-01
-1.640263353080368136e-01 -8.427787834813977863e-01
-1.226622865205860835e-01 -8.338852032881103327e-01
-8.474892580145951260e-02 -8.763619723409717954e-01
-8.456717719521729404e-02 -9.282048124501676156e-01
-4.428605223170448829e-02 -9.167518470345238368e-01
8.607870690804351761e-04 -9.083883650661934706e-01
-3.450123684029118842e-02 -1.021449128439730014e+00
-2.977672999731546533e-01 -1.408848069525025393e+00
-3.243052060938119707e-01 -1.350963441969670775e+00
-2.944242194928046175e-01 -1.329143235433071224e+00
-2.117737498944902430e-01 -1.416146607113224043e+00
-3.503332226734147681e-01 -1.379372747675515321e+00
-3.006774974613242724e-01 -1.245592352183213736e+00
-3.878891786480899717e-01 -1.226959328771727309e+00
-3.261583258772490779e-01 -1.144255430502311377e+00
-3.071909507329245725e-01 -1.109944160708643546e+00
-2.533687329702482005e-01 -1.126862632631834282e+00
-2.427565773098435686e-01 -1.219933305413876568e+00
-1.446318828950788615e-01 -1.446928264067892433e+00
-1.252161433319025075e-01 -1.496899788182805446e+00
-1.748464267790817150e-01 -1.321626057552791833e+00
-5.511687458222520181e-02 -1.388073605501493502e+00
-1.962270127723405311e-01 -1.219795515303522260e+00
5.397483751813501179e-02 -1.375339389668634560e+00
9.957012606290623069e-03 -1.470367731852047388e+00
-5.514354590977470910e-02 -1.311259536429279615e+00
4.848348251695113603e-02 -1.249566955163672999e+00
-1.730913905458195401e-01 -1.098673022537256960e+00
1.405674790513044281e-01 -1.631898369396592274e+00
-2.999896351440635000e-03 -1.606324689900465508e+00
-2.019295056116636108e-02 -1.524468242780148364e+00
-1.112902353649187770e-01 -1.541351089665527807e+00
-8.190371651258278318e-02 -1.486748048596366001e+00
-5.594288091200490254e-02 -1.574923483942604285e+00
2.140661906031563200e-01 -1.515736409849327559e+00
-1.649187848776468013e-01 -1.507642228673492291e+00
-1.963883937507939215e-01 -1.603083104104720213e+00
6.301995370900076443e-02 -1.086489295163945989e+00
7.658797791502970631e-02 -9.769865684702782049e-01
1.393335634415006352e-01 -1.041877275156178451e+00
2.417933696683515488e-01 1.054587915209504345e+00
1.842546965055204822e-01 1.021951364543057350e+00
2.782170904980617587e-01 1.039246323820353313e+00
2.540273166519606551e-01 1.101917439330658777e+00
2.101597937070542044e-01 1.103148098689749057e+00
1.868111268749090559e-01 1.168769775267213928e+00
3.757851600352875576e-01 9.651851685498237243e-01
3.569721889285908945e-01 1.022204266004199003e+00
3.118902744766617330e-01 8.806214042992414059e-01
3.258453534770002769e-01 9.252485328769268769e-01
3.794245806997135761e-01 1.060174814668487064e+00
3.122936273738070589e-01 1.139538396158356726e+00
1.485136444315107163e-01 1.038836774198550916e+00
1.088944354759622674e-01 1.058510718595283340e+00
1.959858725040223015e-01 9.325296313069522114e-01
1.914198414793168990e-01 8.491338730619327757e-01
1.820097561924580720e-01 8.060875078542703021e-01
2.184330412808388744e-01 7.613435978306064555e-01
1.534549826140817717e-02 9.966040754229299470e-01
-2.736144741417558326e-02 1.004418717054945231e+00
1.007324980427783123e-01 8.534471053459821155e-01
4.425164872693511386e-02 1.022581681215510629e+00
6.670952280026523629e-02 1.147792153602581466e+00
7.219888870490073773e-02 1.049944869133674352e+00
3.478496624803097820e-02 1.080936014817351687e+00
3.214028768361016503e-02 1.132608790136016674e+00
2.577001807685387336e-01 7.185736669848831193e-01
2.552652945299998533e-01 6.700424752099372050e-01
2.995940690668197903e-01 6.847255111447213549e-01
3.187519798089986645e-01 7.772338039498370987e-01
3.890214261258157502e-01 6.386016228764845870e-01
3.233135492352045559e-01 6.234683601195504243e-01
3.333779175210930812e-01 7.183839558804049341e-01
3.568617948784622573e-01 7.571559778639753713e-01
3.744108392260157014e-01 8.029419258617465083e-01
-1.053968706020752544e-01 1.486875590946912240e+00
-1.264856314684175420e-01 1.523319600818232145e+00
-1.024992260567029051e-01 1.438575871111391846e+00
-1.124576076902768923e-01 1.566539231110682495e+00
-1.529639330005255482e-01 1.563440630715042579e+00
-1.155934843786411426e-01 1.666511745065272221e+00
-3.692347442040172512e-02 1.637351178058678691e+00
-3.738364275408714160e-02 1.688662199515698292e+00
4.538889429705240952e-02 1.705269561243813570e+00
4.929275448994601370e-03 1.595230810259986809e+00
-7.612606111391616304e-02 1.679670977168623791e+00
-1.588156455980157811e-01 1.700512935553728733e+00
4.081489584511806962e-02 1.549390016803756875e+00
1.162656294431510667e-01 1.517533332552797765e+00
1.109582728430321824e-01 1.469486006290001479e+00
8.260452946045571121e-02 1.450175442338504039e+00
-4.610972886519074110e-02 1.360692808560885370e+00
-1.016127994808488887e-02 1.381736936722861353e+00
-3.201939731072079437e-02 1.433822646999315609e+00
8.521094293906742584e-03 1.484689296109638512e+00
4.587102116392460099e-02 1.436102497355589147e+00
1.021605114707759554e-01 1.333666944082799066e+00
1.295685228376814990e-01 1.360337130273053807e+00
4.371680918924839704e-02 1.231684375436671086e+00
3.956660826174819567e-02 1.185156759639272472e+00
1.791446907804928601e-01 1.267270300050572063e+00
2.016213276864507742e-01 1.213750425817894829e+00
1.474138818451217470e-01 1.467437914732994786e+00
-7.663995342496913998e-02 1.195084538000637853e+00
-6.914701931281273806e-02 1.089014768354964691e+00
-1.122378530129879287e-01 1.134335457923073109e+00
-1.044027030193069999e-01 1.304801448177569823e+00
-8.791064931325465182e-02 1.247817178092120560e+00
1.976274314609878235e-01 1.315557313604569289e+00
2.339810644099349912e-01 1.310314659009117477e+00
5.695208585532028911e-01 -1.361802550420701807e-01
6.056372200763234792e-01 -1.147885533451790535e-01
6.683749488383166071e-01 -2.565892801691758707e-01
7.092252956624222060e-01 -1.933600601983933298e-01
6.345487588638473175e-01 -2.832019300455423938e-01
6.450624122085412138e-01 -3.413885343408785134e-01
6.003891708634938595e-01 -3.074510392989940333e-01
7.212823919228803504e-01 -3.467870263934503261e-01
7.578874481617015046e-01 -2.030712386913550993e-01
7.819091508969752136e-01 -1.704623557712438009e-01
4.984339614738501067e-01 -1.317047542446838360e-01
5.053393901723445270e-01 -2.332169030148752986e-01
4.975653779509388586e-01 -1.811345562556192501e-01
5.373090630388679401e-01 -1.609524414593438424e-01
5.433060239325924190e-01 -2.164489294793478236e-01
4.735981735567940110e-01 -2.595383707511484950e-01
5.210189632159333284e-01 -2.915881963185790182e-01
3.995820736249948713e-01 -2.817451491218787019e-01
4.274579732920962272e-01 -2.441388826186527139e-01
4.456827149889410755e-01 -2.948778851587387506e-01
5.661035504972294907e-01 -3.303627085728805812e-01
5.783379279122052852e-01 -3.801238058674024090e-01
4.778957179539195521e-01 -8.279322042792693070e-02
4.314520266955559902e-01 -3.396714826275148980e-01
4.642151311103677180e-01 -3.977504538954174662e-01
4.778108149167611396e-01 -3.508416903167908552e-01
5.077588383191888877e-01 -3.958214797482413894e-01
5.408853326532500061e-01 -4.874433099420021342e-01
5.872390372157104688e-01 -4.363894839221688082e-01
4.997004841797937913e-01 -4.455021082338910809e-01
5.351833623044152111e-01 -5.293242725473349397e-01
6.189858053042029962e-01 1.280966906920254222e-01
5.839742924959835380e-01 2.264032396001261216e-01
6.189282502937772934e-01 2.391055696700032374e-01
6.542349342673101642e-01 2.051557790052328245e-01
6.241697667007827244e-01 2.863043033284621078e-02
7.125179746049677965e-01 -1.883907920591552584e-02
7.322480256897254680e-01 2.469007576324948328e-02
4.629065255824758585e-01 2.746996762470184095e-01
4.904003111605760856e-01 1.082385079381416315e-01
4.512111559758403279e-01 1.632715557836054987e-01
4.152913753925407403e-01 2.052289543064483579e-01
4.448952974978591657e-01 1.156194908068037541e-01
4.082538347700435666e-01 1.521024675737637777e-01
4.559783733550034079e-01 -2.443601257089223280e-02
3.197366619449396596e-01 4.664280155948635764e-01
3.621809813180135729e-01 4.441062208426042046e-01
3.765928444387989793e-01 3.863141820893159495e-01
3.923566188421663825e-01 4.791102341552087585e-01
3.937279908536309714e-01 3.259776911785703390e-01
4.325049301265947443e-01 3.110770131359981705e-01
3.667744247345125497e-01 2.908542720889317756e-01
5.371818935208164669e-01 3.698112710374832357e-01
3.362666666936183213e-01 1.832412689550343421e-01
3.643552582709396193e-01 8.423797587011233601e-02
3.677164293122390237e-01 2.113128442639681387e-02
8.696596296366491119e-01 2.691434449297649412e-01
7.779407779858433791e-01 2.736025569578261485e-01
7.807097565834556496e-01 3.242067460499244991e-01
8.720350913722494379e-01 1.426617404179909843e-01
8.833538553075532818e-01 1.850316398562476886e-02
8.665423161336983648e-01 3.873965050217054173e-01
6.933200996615386247e-01 3.618273490325541464e-01
6.984350460957623463e-01 3.118472847408503834e-01
6.159091509739397230e-01 4.679715527014288723e-01
6.914241556943031553e-01 4.566548217830731504e-01
6.859202346561089625e-01 5.462667029908567784e-01
5.689485948360393230e-01 4.943872293288707476e-01
5.853345930869700009e-01 5.662548755945507883e-01
8.833668426481104952e-01 5.607193510200408904e-01
8.370816682269819342e-01 6.394736348537314319e-01
9.780912382202554545e-01 5.163112496009214514e-01
7.278901375456464651e-01 5.477493561150195145e-01
8.004332526123896230e-01 4.861368073312637428e-01
8.802228686428380522e-01 4.181651787628930528e-01
6.437787557881315958e-01 5.937322078426138239e-01
6.599339167860059918e-01 6.336504221804533099e-01
9.638212256573144288e-01 3.952702289410553460e-01
4.333017127646240363e-01 5.420945449515623960e-01
1.421748225015623257e+00 1.176558830328437583e-01
1.353920521052313086e+00 6.448779088068355703e-02
1.521218018378336811e+00 1.350445466841782016e-01
1.475850961348103230e+00 -1.363657342738086309e-01
1.507519499610329161e+00 -3.086114819063191517e-01
1.121927329500289616e+00 2.323031159235694754e-01
1.084866608113683517e+00 -9.602550288652146604e-02
1.024410758228814000e+00 4.785464088892272816e-01
1.071222397163475781e+00 4.903056743106535276e-01
1.101894961239380910e+00 4.063588297584285192e-01
1.090642614697697743e+00 -1.547102570159596679e-01
8.120733704800585651e-01 -4.692573319306194701e-01
9.354942495403081315e-01 -1.796900925170802632e-01
7.962075462099806877e-01 -3.140337847075430622e-01
6.701593355174760847e-01 -5.205551943629577183e-01
6.435925265182889099e-01 -5.942510987350362317e-01
7.352462989335785126e-01 -6.140631281792020557e-01
6.879242663447973083e-01 -6.228285922741501057e-01
5.630559407817061768e-01 -5.739165667687824435e-01
1.173155179777700896e+00 -6.526250030517339873e-01
1.184903402496801705e+00 -8.441321083345020293e-01
1.004644400762736423e+00 -3.807258900101746502e-01
1.557232529015690758e+00 -3.965214841349181119e-01
3.400476706504224067e-01 -8.406301891757713696e-01
5.860232924311898906e-01 -9.514402171950891995e-01
7.052119387248029225e-01 -1.206171620064702577e+00
6.635787357297354694e-01 -1.205344310607120661e+00
6.080020993632764270e-01 -1.135257615768489936e+00
6.250779276507268944e-01 -9.888618723389874798e-01
5.307504663036820558e-01 -6.535870782579740190e-01
5.582585098636819732e-01 -7.087801380717770883e-01
4.331819866876416292e-01 -6.959184116270018539e-01
5.755467895787842458e-01 -6.647345931485975079e-01
4.159095853498584461e-01 -1.624119590736558871e+00
4.307794539618897689e-01 -1.755201525361778758e+00
1.694977034671006910e-01 -1.331586727732757991e+00
6.127176761914352454e-01 -1.622277904026318218e+00
6.812415066894259574e-01 7.416390951650030372e-01
7.048285669172623669e-01 8.153193139630962039e-01
5.056633850140915820e-01 8.910761201213318605e-01
4.126642870035664434e-01 9.257048078986108708e-01
4.182041969828469430e-01 7.833280038470095130e-01
4.830068988745568892e-01 1.085886496667912482e+00
5.036479601915514470e-01 9.390359082502021115e-01
4.236125775767669577e-01 6.997597524433120109e-01
3.977897442784265603e-01 7.465278360588172291e-01
4.683496936695875634e-01 6.175703716218964301e-01
8.449192063855921475e-01 -1.001453886144918259e+00
8.862182129468879621e-01 -1.094963625495151804e+00
7.962682574339685626e-01 -1.125635967608052734e+00
8.023279681529785767e-01 -1.254694343073795348e+00
8.840008301252227918e-01 -8.797203257088298534e-01
1.004711818476240248e+00 -8.351588387824261384e-01
9.188011619391104334e-01 -9.073926892545400857e-01
9.652106433011596875e-01 -9.865152920323196906e-01
6.628205489234307857e-01 -6.993501132417470068e-01
-7.146243493608003261e-01 -7.774344004217298432e-01
-7.669123758026381577e-01 -8.300854290966968030e-01
-5.879602537952289820e-01 -4.306383514982815575e-01
-5.472618270024162124e-01 -4.370607951098028354e-01
-5.264679037494273128e-01 -3.823215711333179945e-01
-6.116710780830907357e-01 -4.766127578010992405e-01
-8.017332921526558742e-01 1.147838079294988045e+00
-7.508481313390726886e-01 1.140448093055267176e+00
-7.735614351327787519e-01 1.181136822237289774e+00
-6.693602136449315898e-01 1.108453355373526961e+00
-7.166685826747408727e-01 1.236434873491317754e+00
-6.821843298825687185e-01 1.071292759345405576e+00
-6.693919899849849475e-01 1.015858555844690203e+00
-8.002607636237510924e-01 1.055073526060652300e+00
-7.523242608610622995e-01 1.019280982221908882e+00
-8.898491811766723325e-01 9.440378420490413980e-01
-6.523340266388688580e-01 9.619243975171534178e-01
-1.073660242027456801e+00 1.056301308925728932e+00
-9.305410342489123243e-01 1.027948624918386011e+00
-9.811511650663183870e-01 1.175311853620889746e+00
-6.557399698807381272e-01 8.716621439926240944e-01
-6.103012601338245746e-01 8.726472769883095726e-01
-6.021083529155963898e-01 9.227680595380629569e-01
-6.481124788221486188e-01 9.139269929890548871e-01
-4.125335729605266732e-01 4.890532048768548856e-01
-3.459406348805188491e-01 4.860954423854840223e-01
-4.451043209090139730e-01 6.908889822985164741e-01
-3.903132523056225267e-01 5.169468716445806411e-01
-3.641805477755921672e-01 5.465001935176441172e-01
-3.822919650689166060e-01 6.046605341132510469e-01
-2.433401949413758480e-01 -2.424560966410289897e-01
-4.459917587276117645e-01 -1.883506784467573469e-01
-3.990452447565191463e-01 -2.030489105522562121e-01
-3.476709034918561425e-01 -2.110431774518399528e-01
-3.653179403255593094e-01 -2.530346933506216200e-01
4.600701130879498169e-01 -5.138634581613250596e-01
4.080958182481324581e-01 -4.353989557955376677e-01
4.545666180522487942e-01 -4.526500784489555507e-01
2.781427228439986576e-01 -4.258519592019729960e-01
2.844108190139607584e-01 -3.804082300069202005e-01
2.930815964403724050e-01 2.843906220412292241e-01
2.776167304628728849e-01 4.975942904841522130e-01
2.350849352397939851e-01 4.324684175808891085e-01
-2.048177404852227490e-01 -4.382801269099012020e-01
-2.584488252176976864e-01 -4.079832773287906944e-01
-1.728633377526745951e-01 -5.475104677964023336e-01
-1.297449278136479922e-01 -5.844918257260006689e-01
-1.129277676104438188e-01 -4.122165761381766380e-01
-6.771802930269771315e-02 -4.996195777536720506e-01
-7.135817364694137244e-02 -7.887653895493428324e-01
-8.081094890942321085e-02 -8.290213281458396199e-01
-1.574078408692377307e-01 -7.936557977903831995e-01
-1.752897338483534392e-02 -6.991449329041716787e-01
1.549628708889734807e-01 -4.656846829686194789e-01
2.023380649656698060e-01 -6.845135531378528926e-01
1.175871872830690779e-01 -6.358034261250635755e-01
4.411467715922191002e-01 -6.501443523519395695e-01
3.767533985253915807e-01 -4.982378441764090948e-01
-5.332136612434702494e-01 5.052377509194507788e-01
-4.656873128395794814e-01 6.024649216711946975e-01
-4.398606893331908352e-01 5.457952563864266748e-01
-6.009883742036644660e-01 3.259123802105852730e-01
-7.103066902469860056e-01 3.989234263230809208e-01
-7.588718292308712643e-01 3.537402188889562371e-01
-5.778518526624716323e-01 8.129651514793916067e-02
-5.257602233702671768e-01 -5.987873648899341705e-02
-4.885029921821709697e-01 -9.109550100693447616e-02
-7.548035952527767378e-01 5.385838141126329803e-02
-4.852916333438812013e-01 -2.083372950575770599e-01
-1.951514992145268182e-03 7.641091177783302379e-01
5.147573293265362421e-02 5.769452087746778091e-01
1.306843860274924940e-01 6.530994360936698273e-01
2.615670860719495616e-01 5.582007128416158759e-01
2.495555667766291841e-01 4.757692022035893142e-01
-2.118717006283700466e-01 9.573040265593897313e-01
-1.791818786724715951e-01 8.060172153008839935e-01
-1.838942434903026446e-01 7.647579097506156387e-01
-2.689632102629562760e-01 7.360343799064371639e-01
-3.019580551882118935e-01 7.257109497040182822e-01
-1.753629684699563318e-01 6.163699725179785371e-01
-4.125052171159510617e-01 7.169702130866116851e-01
-9.125264318349946002e-01 8.423164659042243763e-01
-1.064509125241779985e+00 9.681537999583583742e-01
-8.379382618438229180e-01 6.638087704835475833e-01
-7.856744656483658495e-01 7.117093933838867237e-01
-6.781638278603380199e-01 7.797833688236239791e-01
-6.638737419595528433e-01 8.243243575835806913e-01
-4.199419845728513678e-01 1.031039230669606344e+00
-5.625898828541073815e-01 8.713346408263342724e-01
-2.603455756808493726e-01 1.135220345571206657e+00
-3.375881512854814193e-01 1.640574885296510965e+00
-1.962294761779025121e-01 1.634203974954750782e+00
-2.021970286344682566e-01 1.735440115224542446e+00
-5.005008403281200335e-01 1.382346899752409763e+00
-1.077080851252611854e-01 1.176850730282358537e+00
-1.339703830372342142e-01 1.275788417732532265e+00
-1.506621001247267611e+00 4.808263343768373610e-01
-1.084099216520229003e+00 5.207416154802451125e-01
-1.096090573368260657e+00 -6.319930829078054813e-02
-1.099375120321727684e+00 -1.576891595322230111e-01
-1.128717969909639240e+00 7.130724744256720926e-02
-1.084986325176197308e+00 1.459393757761967558e-01
-9.305594421581254716e-01 6.295830629208137852e-02
-8.507813894784510556e-01 7.925854094384249260e-02
-8.223685805482059408e-01 -4.016489134445918596e-01
-5.658673224112065192e-01 -3.809613325892794444e-01
-4.270750765850074293e-01 -6.640867038435233072e-01
-3.632801089515276804e-01 -6.209748279916286196e-01
-3.944882912675296005e-01 -9.224013078318218373e-01
-4.527948904529685015e-01 -8.699393222467713960e-01
-6.071580448044405776e-01 -9.043455531711752649e-01
-6.451492679931986052e-02 -1.043186215547269979e+00
-2.216202530984757169e-01 -1.297130301258402563e+00
-4.580967652343375524e-02 -1.435803219591304414e+00
-3.350977893683304565e-02 -1.483775646995149522e+00
-7.990090554068500495e-02 -1.220164438652572958e+00
-1.638529559946406977e-01 -1.201413351730428181e+00
9.119438228522171175e-02 -1.627374748647321345e+00
8.564267805292388736e-02 -1.542121086606722979e+00
3.234639260599508903e-02 -1.153871105133936092e+00
2.441844418672829142e-01 1.203213818682656866e+00
2.829411431412272027e-01 1.196339217423196155e+00
4.347979488337401222e-01 9.582111650351482490e-01
1.712979976613308863e-01 8.945849938346496222e-01
2.822516852004094967e-01 7.943118019179997713e-01
4.109324248255030385e-03 1.058681582260510678e+00
3.492469511317815023e-01 6.619733496670255901e-01
-6.765047986188211550e-03 1.813149704107675175e+00
3.207034719449634169e-02 1.344502309606223411e+00
2.629221745252908159e-03 1.220708858735300550e+00
-2.643411617253493134e-02 1.257462095294480164e+00
1.667714158200024610e-01 1.369369571850793665e+00
2.076524684121175690e-01 1.364431584321253776e+00
2.816588377171382329e-01 1.358428779850541890e+00
5.802477690768004237e-01 -1.937877001194330262e-01
6.281317936329696705e-01 -2.250876487105663570e-01
4.574747683624901251e-01 -1.328653021464270556e-01
4.892407171615050232e-01 -3.089076355490640302e-01
5.450743866463710896e-01 -4.421946573980635176e-01
6.273196016602997638e-01 -4.774753389187585961e-01
5.792882307362404726e-01 5.620405810649554273e-02
4.544864045494926841e-01 2.193418109757028500e-01
4.615493897057295070e-01 6.825491282377131597e-02
4.374760044049669228e-01 3.132087948088985163e-02
4.916393797338476368e-01 3.811015728798199387e-01
4.529370609368689737e-01 3.947418589011857937e-01
5.176149136808293472e-01 4.198059603839014442e-01
3.238824753823315028e-01 3.111895426941332365e-01
3.489286715659967175e-01 3.494867150073133755e-01
6.090964176836597410e-01 3.838127680982964529e-01
1.591696068638595252e+00 -6.726347729872086956e-02
1.032641647500530668e+00 5.662720955725587119e-02
9.139780429717034860e-01 -6.441516309540392671e-01
8.103187508341531675e-01 -4.161296342704474682e-01
1.214449324939089969e+00 -7.587254712400288703e-01
1.238586939706323609e+00 -7.169772431967295079e-01
5.896811521323482852e-01 -1.073767534955179848e+00
5.145369571617707249e-01 -8.234218449871057999e-01
3.155941915931196884e-01 -1.758883836837918047e+00
4.592293133177503539e-01 9.038172262453108008e-01
4.886577733565095616e-01 7.167676716784363578e-01
5.298822607399075180e-01 1.012288437156434684e+00
8.487948869937748109e-01 -1.162082541489461773e+00
7.728480262712310589e-01 -9.309414966737227237e-01
8.058933528387409728e-01 -9.695966244554337088e-01
8.465362003668879254e-01 -8.418492584572321302e-01
7.074358912002554067e-01 -7.918780532927061078e-01
9.637626665795211434e-01 -8.479059508465909278e-01
-6.147370878863334109e-01 -5.987517745053145823e-01
-6.654369088405694965e-01 -9.300294308091712203e-01
-7.788722990096463850e-01 1.100983204105137281e+00
-6.891820684086017446e-01 9.522099581679064340e-01
-7.391401711535672270e-01 9.692794253872314414e-01
-7.801871851317444539e-01 9.634102321624178344e-01
-1.028810652397789127e+00 1.156946791064711322e+00
-1.839275494688130952e-01 -3.256227993371562657e-01
-2.450642768180390507e-01 -6.127645438375575182e-01
3.488405127293925934e-01 -7.567385757785941580e-01
-5.452847285719051307e-01 2.682382722612262071e-01
-5.282838960391073035e-01 2.102228682576169350e-01
-6.288722430816391373e-01 -7.772201169157690048e-02
-6.673425582486177676e-01 -1.001987577337105084e-01
-6.637867554726217811e-01 -5.053283180264967617e-02
1.404454800651434576e-01 7.989441855477618093e-01
1.408572189064235536e-01 4.738388889931115511e-01
-3.481611168818402047e-01 8.938878573399511307e-01
-3.955904386862568178e-01 1.196463902723413408e+00
-6.343838568634625474e-01 1.077493393779832553e+00
-5.949700028561518694e-01 1.043134649552135640e+00
-1.965314233139543454e-01 1.498539031674077204e+00
-1.366161078538963014e-01 1.417558546589967605e+00
-5.768556979934138518e-01 1.717519180309097004e+00
-1.301953508227739142e+00 -1.391938817476902901e-01
-6.457072463530274531e-01 -3.672738557481755040e-01
-5.402879521291459319e-01 -7.595406941751529084e-01
-2.501546467190227663e-01 -1.075729834383596595e+00
-2.428258610832690068e-01 -1.435731885735693547e+00
2.038880657318704603e-01 -1.430588957955776452e+00
8.347494748173735213e-02 -1.345051379188309859e+00
1.388273705391843416e-01 -1.361518572174810426e+00
1.363381770390817982e-01 1.094557986067729027e+00
2.079797327886241665e-01 1.577098959795591115e+00
6.151623511489332508e-01 -3.651275506024269091e-01
5.272240750888510519e-01 -9.828026614365537039e-02
3.730431613506339228e-01 1.944774069718089582e-01
3.390660805172519554e-01 2.473304719417555864e-01
1.210733493553988183e+00 -1.621296353417411018e-01
1.421049907888581432e+00 2.809296010476747263e-01
1.397170591515518812e+00 -7.115615747671196756e-01
-7.684226742484255857e-01 -7.177437805571629248e-01
1.433058475205086779e-01 -9.527260556604451036e-01
5.094995085666478296e-01 -5.552312470241385078e-01
4.993184571854679121e-01 -6.050460944319084877e-01
-5.126133549012856783e-01 6.929494888308107559e-01
-7.919607808144701888e-01 2.102029005285761254e-01
3.404076162787875171e-01 5.602425873380285637e-01
3.527400940641822191e-01 5.028581624728418742e-01
-8.962730319197412254e-02 9.662346086104464105e-01
-7.371520222417691226e-01 1.400360854849903358e+00
-2.277771196812009014e-01 1.930990049038700640e+00
-1.581273844908889226e+00 2.303533310251950905e-01
3.882129085049824679e-01 1.107288336257223449e+00
-2.525651805014243467e-01 -5.128916938817347226e-01
-1.987491853554435306e-01 -6.144501037546721278e-01
-1.060795596379493777e-01 -5.108343527954928298e-01
-1.727152832848242170e-01 -3.743602973919769594e-01
-6.223657365787657603e-02 -5.480514798076504546e-01
-6.594527030525970668e-02 -4.554973421896398311e-01
5.829274641986331024e-02 -8.200227542117055624e-01
-7.551039481429446063e-04 -7.505687619327769955e-01
-3.202975500857471042e-02 -8.194738283809474000e-01
-1.187002114886556020e-01 -6.389107959117475977e-01
-1.812486510719498733e-01 -7.028087868520120907e-01
-4.472287169357365422e-02 -3.454171233113379480e-01
-9.561724334122083391e-02 -3.443417323868618873e-01
5.987928265002570583e-02 -3.575295537446396832e-01
2.610055911574510890e-01 -6.374944833600200145e-01
1.296004741479607758e-01 -9.005168059930249713e-01
1.706490488845944509e-01 -9.153221111889446870e-01
1.850358670377539594e-01 -8.154791684655890993e-01
-6.428329952883105047e-01 5.126926556599028517e-01
-6.561874213585388027e-01 4.630138897492149797e-01
-5.722745269553948244e-01 4.225075159129985103e-01
-7.494448413633958417e-01 2.032552745301085262e-01
-6.701439780263804824e-01 3.082312936523110558e-01
-7.177460210572670363e-01 3.058279580118462015e-01
-5.673764740805019580e-01 2.212048624735448443e-01
-6.099326763572947563e-01 2.333588173251300579e-01
-7.327459952031050161e-01 4.959370942501866164e-01
-4.336450212873306786e-01 2.999204974589059769e-01
-4.275177902310456912e-01 1.459666124257751330e-01
-5.397073850791272998e-01 4.439540648729051187e-02
-4.553557407365920739e-01 -5.744944959214816349e-02
-4.203022825910094906e-01 -9.123605886913353780e-02
-8.114680011234395307e-01 1.661598655594728746e-01
-6.866691108110622999e-01 1.477249106654685562e-01
-4.150582222565332019e-02 9.311456978009513552e-01
-3.209257517096674728e-01 9.239372066213378254e-01
-2.066453827870042836e-01 9.934297965676993636e-01
-9.378378716264625103e-02 6.414995852959373135e-01
-4.892714746631094958e-01 7.229344121425856917e-01
-3.504879223298507651e-01 7.616254406566771440e-01
-4.009229489346172182e-01 7.961587423367023630e-01
-1.055926220500591484e+00 7.657591253222291172e-01
-1.013077005284245713e+00 7.727213058886424069e-01
-9.948858220599291480e-01 8.493740562641433067e-01
-1.153241140301355383e+00 7.964871689725195880e-01
-1.123871419461376586e+00 8.294776986723517709e-01
-1.104143190978788658e+00 7.827291829903121334e-01
-1.008971642205766406e+00 8.944205195378104323e-01
-9.646327070285510841e-01 9.141478433143762627e-01
-1.057502121432867259e+00 9.220357078806236117e-01
-9.166170463910482402e-01 8.867892758921267493e-01
-8.683881383205719340e-01 8.465218113119723498e-01
-1.066378865416526045e+00 1.011039875223109785e+00
-9.810452282164211502e-01 7.163535715435119799e-01
-8.654257535439892068e-01 7.043699439445783028e-01
-7.910703304835591254e-01 6.692255810799172533e-01
-8.067099257128617085e-01 6.225619633046685086e-01
-7.651814247105501732e-01 6.291789473083057027e-01
-8.276504825956633171e-01 4.130294155012210200e-01
-9.105504694990936843e-01 3.933985462043038672e-01
-8.224898101778228554e-01 4.706034321503985707e-01
-8.582788507066902994e-01 5.286711740855755126e-01
-8.085143968074920418e-01 5.169408158525127250e-01
-9.291728880867242690e-01 6.038119606044237697e-01
-8.822870817283948730e-01 5.850237767168541270e-01
-9.082227494555569214e-01 5.470469516516949238e-01
-1.009249947969823369e+00 6.034181523441320971e-01
-6.574757642222317511e-01 6.875920540952272786e-01
-6.269290754230091300e-01 7.763410691285969056e-01
-5.551878555760083600e-01 1.201881333366688009e+00
-6.356818409903132183e-01 1.274291092636462563e+00
-5.957116065113428061e-01 1.239562625815580743e+00
-4.755296364963153555e-01 1.173124801959071650e+00
-7.080608977937336013e-01 1.287872268436315748e+00
-5.079716116532713155e-01 1.048110684867269438e+00
-4.183666352190510973e-01 9.819170499125160489e-01
-4.415116750129617351e-01 1.079025013135207711e+00
-4.800160538036882807e-01 1.075329047653370118e+00
-3.949856531341161547e-01 9.272002268319702312e-01
-3.330490848040540408e-01 9.783970583635681617e-01
-4.314663071519174720e-01 1.124550935028960641e+00
-4.036300306806262506e-01 1.148068269078994064e+00
-5.478894990939053855e-01 9.081478856681752809e-01
-2.973125314274174258e-01 9.932260943792304841e-01
-2.524476928171908718e-01 1.044482430371831416e+00
-2.106074811134576175e-01 1.042524766981489215e+00
-3.499658707705368133e-01 1.182238182827120676e+00
-4.100758062471078769e-01 1.696784894573032387e+00
-4.335648560236111670e-01 1.748745833482994172e+00
-2.765756465241432371e-01 1.665397321756358462e+00
-2.431135178331163271e-01 1.519503924425087416e+00
-2.693544729768421186e-01 1.484337689779791525e+00
-1.933239830154708239e-01 1.588024220811041110e+00
-2.463696104805914722e-01 1.769069021803937325e+00
-2.532159054722847302e-01 1.816747936193617630e+00
-4.776970341350260663e-01 1.578432049473736276e+00
-4.107476274741345135e-01 1.454583028146019696e+00
-3.666477006332118926e-01 1.431393938580156178e+00
-2.964022414016076468e-01 1.447600005142303914e+00
-3.223852659436122758e-01 1.411391305757675685e+00
-3.401582249633267607e-01 1.466642147642438054e+00
-4.165527008095504802e-01 1.374102690801086490e+00
-3.782960659257028069e-01 1.335767233149702582e+00
-2.530343457911055083e-01 1.430354426320743055e+00
-5.953643162642034969e-01 1.347511528747157739e+00
-5.579291897827100000e-01 1.356473760953615493e+00
-5.413821486874109690e-01 1.532260491431248317e+00
-5.607868152126798122e-01 1.444853867461737940e+00
-2.746358176943017315e-01 1.198748866418936965e+00
-3.224205085932309589e-01 1.217435818254711810e+00
-1.979054743969698993e-01 1.271030838925379047e+00
-2.370010303563521992e-01 1.271745919694990290e+00
-1.489368741172316934e-01 1.127437638825016464e+00
-1.759639948557038536e-01 1.301636958378525888e+00
-1.652798342677809784e-01 1.390462185100375558e+00
-1.396225905060765715e+00 3.820377667199818528e-01
-1.333257487792763651e+00 2.396563757742893042e-01
-1.364889721777064135e+00 2.846854707986913313e-01
-1.534215694888260817e+00 3.667951371068883248e-01
-1.496446451380823328e+00 3.811817475658842436e-01
-1.428769659360081601e+00 6.647823987975156612e-01
-1.152383926033537120e+00 6.542419576287449301e-01
-1.080939538122254406e+00 6.129674064179491122e-01
-1.142847961152555936e+00 7.029465539609277558e-01
-1.183180789788045084e+00 6.984715047209372196e-01
-9.915180270506495086e-01 4.093632154909444543e-01
-9.492508784613375994e-01 3.987106542772893558e-01
-9.766912926232617087e-01 2.592649909539272435e-01
-1.041470812777802513e+00 5.366570783164013037e-01
-1.013218798532864229e+00 4.553765417933345883e-01
-1.060030674189933686e+00 4.012048586409864837e-01
-1.092708644042437616e+00 3.694014443557207539e-01
-1.140213116675365290e+00 2.975123914928725632e-01
-1.223822314155699864e+00 8.664244290649903979e-01
-1.173236257577144670e+00 8.486753917433982330e-01
-1.201383395115671604e+00 8.123445135409730344e-01
-1.248401021074195150e+00 9.105418523524706487e-01
-1.343816716260708866e+00 9.333530089981467714e-01
-1.295710022701546116e+00 9.209843239197165188e-01
-1.200653488571125083e+00 1.004084588011229906e+00
-1.242020753568553904e+00 9.890859058165152318e-01
-1.008128471661984715e+00 -1.513018738968243126e-01
-1.052877622882270936e+00 -1.567490918570539349e-01
-1.007577131498955891e+00 -1.997336714131743851e-01
-9.293448984838195148e-01 -2.395599137533928058e-01
-1.058456423983990424e+00 -2.006426226348931863e-01
-1.007684543197441940e+00 -2.918619272095890893e-01
-1.191184110426911413e+00 -1.094854734164316945e-01
-9.147301227854511829e-01 -3.858635011575361484e-01
-1.001511056345872452e+00 -1.002588803690965397e-01
-1.105473771474963840e+00 1.842661286704732476e-02
-1.146322505152919113e+00 3.187854945022155356e-02
-1.184471280522975567e+00 2.926545977842640728e-02
-1.227910213734882294e+00 -1.762810481171257770e-02
-1.184400445910916089e+00 -1.485987238368097381e-02
-1.195110239827745335e+00 1.999101570654837345e-01
-1.154487501557863505e+00 2.042044679756495340e-01
-1.255345665530793742e+00 1.429226368482965082e-01
-1.266931683775992745e+00 1.847849458348989685e-02
-1.276407847677414331e+00 -2.077777523162048154e-02
-9.879162688947277227e-01 1.410462185086051590e-01
-9.827391857692793220e-01 1.980234459230753308e-01
-9.014159941502741802e-01 1.868785919873283685e-01
-8.559012571189749119e-01 1.778208482230179688e-01
-1.022287357618213655e+00 1.893889178120074790e-01
-1.035983044008053078e+00 1.429252140764369072e-01
-9.900853720753213238e-01 3.638512252548528614e-02
-1.010983142221184128e+00 9.467606180541783545e-02
-9.642455658598040324e-01 -1.572876974880352968e-02
-1.377776169711229848e+00 1.779909014372094145e-01
-1.368493656937119329e+00 2.300376461187960131e-01
-1.396764962266181964e+00 8.525419817909796194e-02
-1.347266106851252365e+00 8.119077372186961350e-02
-7.402440102118835741e-01 -4.123015758433296041e-01
-7.530223665158533031e-01 -3.559313980196283644e-01
-8.259364506187251154e-01 -3.475729676300519100e-01
-7.855870602258590019e-01 -3.796345352702263920e-01
-9.111801396224599170e-01 -2.922239202683317716e-01
-8.486933346688785296e-01 -2.517979756072785680e-01
-7.474189137612545775e-01 -2.062590345001562853e-01
-7.916871030459032843e-01 -1.861578243476186001e-01
-7.780573473171188414e-01 -2.395433760471010753e-01
-7.059771497021495312e-01 -1.126810581619659413e-01
-8.575582928068138377e-01 -1.192464686061196488e-01
-5.654916525614530620e-01 -2.652373667347578956e-01
-6.298785780410102175e-01 -4.231773587851476170e-01
-7.718511204717586338e-01 3.739692916370027792e-03
-7.263435334645130803e-01 3.369279329062548241e-03
-8.187435260565164574e-01 2.257659103344261328e-02
-8.401030366718054143e-01 -2.136177961777176865e-02
-4.702482254750023904e-01 -6.543536769327369385e-01
-4.480684461631281312e-01 -6.081938906159800595e-01
-4.774891915317979740e-01 -8.221010441781669842e-01
-3.971726915025501903e-01 -8.057102112032270558e-01
-3.564762181203301461e-01 -7.878914042816926866e-01
-3.090320552727334191e-01 -7.148077810585895531e-01
-3.175802345557330875e-01 -7.730129094666616796e-01
-3.254044848588479866e-01 -9.418978608323109736e-01
-3.272804215295567198e-01 -8.843240132244097884e-01
-4.878515203498504094e-01 -1.052267423682354819e+00
-4.987477062540524031e-01 -1.102907482996169364e+00
-5.985348116364723747e-01 -9.974427866405859433e-01
-4.675739411252175515e-01 -9.301835938899517542e-01
-5.179539186230148751e-01 -8.203836898738134931e-01
-3.926979737523364489e-01 -1.030326296679405118e+00
-3.615639584854686284e-01 -1.019751989992882635e+00
-5.785156599926064569e-01 -8.282363165369023283e-01
-2.524605777985066690e-01 -9.665104856213762030e-01
-1.269405799979471949e-01 -9.372867847883796788e-01
-1.668610009169911035e-01 -8.944485772136101520e-01
-1.968085331188349496e-01 -7.479453694485755921e-01
-4.277081415812238746e-02 -9.688342382676887743e-01
-1.670985457314015047e-03 -9.540396473385190923e-01
-3.476290641891129352e-01 -1.292951502906393824e+00
-3.140400114402220888e-01 -1.281135756464963027e+00
-3.696817775476199386e-01 -1.328624080496090043e+00
-3.466489706494820244e-01 -1.236214012336642742e+00
-3.804761802037246454e-01 -1.180500559451816978e+00
-4.664304386959172155e-01 -1.160655130243281929e+00
-4.233106276441118143e-01 -1.168139593335230986e+00
-4.318560311962850173e-01 -1.214659950099082897e+00
-3.359797160998514998e-01 -1.191395683647695547e+00
-5.141297239746703829e-01 -1.205564800963528471e+00
-1.533498143846382389e-01 -1.371800129742068108e+00
-1.863793627241416562e-01 -1.395119069492764652e+00
-1.179668529652209280e-01 -1.354407673196096784e+00
-1.573299004567475512e-01 -1.254458239404524944e+00
3.079509820788639551e-03 -1.386955737254285337e+00
5.145085843458261504e-02 -1.418890032263834700e+00
1.064391997531624991e-04 -1.342886682851048619e+00
-1.759346625520261456e-02 -1.293355334104060894e+00
3.215496946333300937e-02 -1.323729096583978970e+00
-9.323579018839428523e-03 -1.565711658685283059e+00
4.318987075242107510e-02 -1.557412731710222653e+00
-6.960800199581614056e-02 -1.530707785545110999e+00
6.956612981841632515e-02 -1.497405964329055816e+00
1.590960713267791649e-01 -1.496251617715611992e+00
9.566100661234280822e-02 -1.272752427086667470e+00
1.488496616868385247e-01 -1.288351235484379576e+00
1.171237161905191865e-01 -1.317298258074072415e+00
-4.711726543386481059e-02 -1.146215830014247761e+00
-1.240296359608783656e-02 -1.127125523235776416e+00
-5.582294153319447561e-02 -1.096157556791952148e+00
-1.754481854826663301e-01 -1.049193218248444692e+00
-1.311170883402685838e-01 -1.136301747054155431e+00
9.053680490062415709e-02 -1.020149359512560139e+00
2.143013625393486443e-01 1.037288751787058594e+00
2.963424510117026456e-01 1.089283051561396487e+00
2.273328634879752674e-01 1.156806004986434155e+00
3.671459873413731589e-01 9.210589678897167509e-01
4.254793880219716606e-01 1.017336703238384876e+00
4.200221844306690211e-01 1.061742607156062723e+00
1.700103815688363829e-01 9.829263339696628909e-01
3.186403483321073593e-02 9.359543645411794177e-01
-2.816956956228343009e-02 1.048376900875802820e+00
8.703688385319750809e-02 1.006050090320610435e+00
9.944847674053629294e-02 1.120997371074730298e+00
3.631541262706088902e-01 5.995955163484376627e-01
-7.018707431148023257e-02 1.464405279078820676e+00
-7.341876212386484746e-02 1.572459944493108663e+00
-1.176171391622291978e-01 1.716467834342209287e+00
8.090062746414145023e-02 1.561389727446845566e+00
4.576599005049081931e-02 1.657477585742532789e+00
-1.970931235866897335e-01 1.866553639334531667e+00
-1.308743515379119371e-01 1.764276510588381530e+00
-5.883649036485557454e-02 1.409383894782442859e+00
4.161228326837186110e-03 1.436520897202980818e+00
2.750957135273137191e-02 1.393106892279589504e+00
6.304685053252213900e-02 1.371486790318978910e+00
7.738359466766871197e-02 1.248212011031270441e+00
1.157838764044481633e-01 1.213294479691770178e+00
8.167930133982467811e-02 1.188687347757503066e+00
1.121724421626654478e-01 1.271258211065416699e+00
1.291607965465391972e-01 1.414875449305935229e+00
1.744988128120335547e-01 1.417912979779142990e+00
-3.882400553012976124e-02 1.159378733098544556e+00
-3.435169384134139497e-02 1.101638952069257327e+00
-4.372309244703877912e-02 1.216411452868539245e+00
-7.816641514167220472e-02 1.333356919394547146e+00
2.747842034080176798e-01 1.306435168162037419e+00
2.484919305421953439e-01 1.362303995033057991e+00
2.177190493781180070e-01 1.417468043509403142e+00
6.770888017572365136e-01 -3.133965381496318647e-01
7.349139789753947882e-01 -1.550207414614651058e-01
6.883649610369995120e-01 -1.438095842125761137e-01
3.806667362140678801e-01 -1.008549737971785459e-01
4.954853216601762811e-01 -4.956353867805630697e-01
5.795107379626884825e-01 -5.285698400126241925e-01
5.379768167629881415e-01 1.752089160413269620e-01
5.244157440266254966e-01 1.326037506741548355e-01
5.811294391927021019e-01 1.729145240900404890e-01
5.976297462698042517e-01 -4.031068149285901847e-03
6.679318023464985155e-01 5.264647097318142163e-03
5.227191183593549173e-01 -2.339278758220456663e-03
7.616366778532071002e-01 -3.069952697147404833e-02
4.900372618683576098e-01 1.710984839458129236e-01
4.702264166048304439e-01 3.348445078454415080e-01
8.526642364198748769e-01 2.385538212231655686e-01
8.167760137275974497e-01 2.246943352339528799e-01
7.711637076965902615e-01 1.694127350376228580e-01
8.172692825710924369e-01 1.752907056809623887e-01
9.126284178112906709e-01 1.554222015427619008e-01
7.596962306016513677e-01 1.199809072050723041e-01
6.204650860273505097e-01 2.933073350583207395e-01
8.821474247525762369e-01 -3.904767260429019282e-02
8.456914686330272435e-01 -7.892350484700865615e-03
8.294889065974627718e-01 3.206960984724649966e-01
7.890823087089918753e-01 3.687309178122550324e-01
7.411700191715777652e-01 3.639546382283901371e-01
6.948534225778200124e-01 4.067165004254345573e-01
6.856236147003310633e-01 5.061356724310847044e-01
6.473880638674072152e-01 4.976065687296534201e-01
5.988642420214125295e-01 5.198776709493007075e-01
5.828564969913413440e-01 3.439349570047738891e-01
5.532886613795577890e-01 3.235351062602894734e-01
8.423328945344231711e-01 5.529316186109255460e-01
9.830039706228931307e-01 4.675544940317584719e-01
7.757164954259507805e-01 5.313672545871064301e-01
8.285364513489786864e-01 4.380448372079239761e-01
9.448151940426633422e-01 3.339033831105466255e-01
4.711158075319341609e-01 5.068691633568375154e-01
1.500657414335843542e+00 -1.823510844123062136e-01
1.332033818891318999e+00 -3.172177387993048159e-01
1.382500494284649051e+00 -1.884177889174767917e-01
1.363829220198354397e+00 -2.796732056427497781e-01
1.469568851461268144e+00 -3.021549286973855830e-01
1.054185298120089653e+00 2.086490856925290738e-01
1.034689058537040296e+00 3.073215797390654869e-01
1.017435304777844607e+00 1.196065846514797054e-01
1.040328200254202029e+00 4.324152741623147334e-01
1.020555295779789873e+00 5.231784742565009916e-01
9.738302772239842975e-01 5.554273807282430475e-01
1.056320451758980816e+00 3.873071959619793225e-01
1.103205895417423310e+00 3.619633773879779581e-01
1.003125746922439054e+00 4.145424117892019811e-01
1.148919467436746000e+00 3.337915496348841105e-01
1.210827462471392613e+00 3.673335036983275681e-01
9.634579782392062031e-01 4.391821920404569840e-02
9.424114479342406980e-01 1.021893523475366355e-01
9.636379915415068664e-01 -8.176110627093144401e-02
9.406804675483230183e-01 6.278491127528408600e-03
9.963904641730175760e-01 -1.251894130910085126e-02
1.042431888081282176e+00 -5.394471443023385326e-02
8.895574108360230214e-01 -1.545145916245236339e-01
9.226735994652656148e-01 -8.599010436779082334e-02
1.126049036284860305e+00 -1.421737234792783133e-01
1.170078615944130540e+00 -1.845461040094648064e-01
9.693468326966372395e-01 -5.583607236834661203e-01
9.391548929353239483e-01 -5.777886449093918575e-01
8.875557023850150218e-01 -5.621068658468229007e-01
9.314272927773824540e-01 -6.141179183536659147e-01
1.052627285442786054e+00 -5.633327900677160827e-01
1.074772414099949058e+00 -6.114955106092097026e-01
9.749531534375562858e-01 -6.643678579690557306e-01
9.381122671283899095e-01 -6.810113357158938951e-01
9.737321757453691884e-01 -7.100762344212320221e-01
1.005803787086777756e+00 -7.445973176962684681e-01
1.027768600899279905e+00 -7.132650050995121838e-01
8.892314123275745219e-01 -6.762485873688318661e-01
8.362229204662734450e-01 -6.607318685258130042e-01
8.718001716687897584e-01 -7.104373556805321233e-01
9.237964265517224494e-01 -7.192208405451809838e-01
1.005469693782827356e+00 -7.907351192067000323e-01
1.045136514773236103e+00 -7.752934575609461421e-01
1.130117015025345895e+00 -8.001117899315438597e-01
1.081309549511645374e+00 -7.644822824327137667e-01
8.960741511643680601e-01 -4.888473104713442208e-01
9.514407873119344883e-01 -4.547557197627793979e-01
8.554530337468531087e-01 -5.122743130823573798e-01
8.410160254008101077e-01 -5.588790868690235447e-01
7.953354712704528984e-01 -5.568711879601653258e-01
8.024137428076522083e-01 -5.134593732441816716e-01
8.212239739859048537e-01 -6.067761669501318122e-01
7.690421998172422002e-01 -3.805885859504317126e-01
7.333199086572549374e-01 -3.914942907277977890e-01
7.103327936466866666e-01 -4.639584992591681556e-01
7.195671251855996209e-01 -4.261892885860404934e-01
7.674658348498598626e-01 -5.838809817546833925e-01
8.488673408522638963e-01 -2.526321285498551727e-01
8.743930068740588535e-01 -3.049421330048512346e-01
8.704370168506277983e-01 -2.194752247437541937e-01
9.078971198751503158e-01 -2.139037884792695243e-01
8.479783152898169307e-01 -3.987558561027823578e-01
9.009834495440863789e-01 -3.526031558740946870e-01
9.319633827153440686e-01 -4.047711763061257462e-01
9.563078605429272683e-01 -3.726702193902963201e-01
6.049686038280486233e-01 -5.699382718441565743e-01
1.285682036418477781e+00 -5.542541442841733002e-01
1.309547457799993264e+00 -6.054561171179547729e-01
1.199319998903552120e+00 -6.185989485580504210e-01
1.244747764741874763e+00 -6.323650999464648370e-01
1.271708898117583031e+00 -6.864486260378246385e-01
1.146785153387750000e+00 -6.822721047271473882e-01
1.115378772932293261e+00 -7.085328654428395545e-01
1.080774317495547088e+00 -5.323797251508269879e-01
1.107503163285814995e+00 -4.997498961493991865e-01
1.328775102721509338e+00 -5.575815680695189736e-01
1.304805111018656927e+00 -5.099479993778430753e-01
1.340006878996845341e+00 -5.078360673112141122e-01
1.365365459161699269e+00 -5.630554190088776778e-01
1.353889573859185402e+00 -6.080457965813330645e-01
1.242338130074265079e+00 -4.535847580814298396e-01
1.281329885216533127e+00 -4.690106157432210043e-01
1.217583458370171678e+00 -4.890978200534258913e-01
1.201711442783031547e+00 -4.371902805460389230e-01
1.187755926988098620e+00 -3.884968105947119166e-01
1.254311562234490252e+00 -3.598167436439439482e-01
1.128566631552756716e+00 -4.683875648018028803e-01
1.168896342828076085e+00 -4.662774545691719119e-01
1.257107717398570967e+00 -3.082434819997285080e-01
1.298411040843541198e+00 -2.966688296157645732e-01
1.215238129913803089e+00 -3.037495434415726225e-01
1.155473902582586421e+00 -3.523109400649679923e-01
1.036642690035786352e+00 -4.266053939643314474e-01
1.408638630537794700e+00 -3.571036604137019510e-01
1.446147761619857919e+00 -3.581546842972556655e-01
1.438197718159077487e+00 -4.649657002035032516e-01
1.422120361225824636e+00 -4.075903995948936820e-01
1.378886322182375279e+00 -4.033561309548084339e-01
1.339695849369983316e+00 -3.699589873132473339e-01
1.395550623191350148e+00 -3.026474876131134417e-01
1.379329156147393931e+00 -5.048477345038177022e-01
1.050930434863892371e+00 -2.607181890763613508e-01
1.093636991271812242e+00 -2.590701137592525960e-01
1.002598910427828116e+00 -2.522175338805701661e-01
9.864168292174329000e-01 -2.877285324543625844e-01
9.717234342508558331e-01 -3.291985213608319971e-01
1.063733008083563858e+00 -3.904925483300236699e-01
3.861457271568587424e-01 -1.125754247961836318e+00
3.779682081978826824e-01 -1.067828336718148474e+00
4.104045239433469772e-01 -1.039436455737981602e+00
4.457661771761087799e-01 -1.052590549890353611e+00
4.585787246611518486e-01 -1.115359136138486029e+00
3.342915349690736559e-01 -9.806961632871183943e-01
3.429127705415224714e-01 -1.098183208176793935e+00
2.976547623704178802e-01 -1.050135692413367128e+00
3.399662364196450182e-01 -1.194290120705506553e+00
3.172751639271458868e-01 -1.141986836813164485e+00
4.022773714563235292e-01 -1.192520826439120052e+00
3.745604236124576158e-01 -1.224968279590535891e+00
3.307327863932337797e-01 -9.278088849749862588e-01
2.880159870763355778e-01 -8.972294752530883821e-01
3.126450185085357658e-01 -8.688292950256059077e-01
2.901482425469782411e-01 -9.463940719461839679e-01
2.500907332911866954e-01 -1.014231064718791986e+00
3.850273914802174180e-01 -8.650466229501989623e-01
4.123032520361459841e-01 -8.287580194305708137e-01
4.848424069828455862e-01 -1.078686746159400522e+00
5.253651382057413777e-01 -1.106007337387432177e+00
5.388121784460154773e-01 -1.163093646737394904e+00
5.136498916272758120e-01 -9.930894268265705316e-01
5.155217896189632221e-01 -1.046637196671179604e+00
4.717221779847768359e-01 -9.655218883575491517e-01
5.103735805469447051e-01 -9.309201524263598371e-01
4.304715022421274351e-01 -8.843310531427249765e-01
5.871961479336186285e-01 -8.912360288587584112e-01
6.243973585953750405e-01 -9.280522478974847500e-01
6.245296581120377555e-01 -8.724955508823252215e-01
4.568721847427914540e-01 -8.500222055357168349e-01
4.348521794254324724e-01 -7.893458822705149425e-01
7.278799409722033209e-01 -1.154164322470300208e+00
6.214584089745935902e-01 -1.190551113039322262e+00
6.494118059838233092e-01 -1.146784231627296480e+00
6.877553512864521545e-01 -1.264966000017817560e+00
6.717069735941288977e-01 -1.328383882934675908e+00
6.318708183036694237e-01 -1.096268623666181607e+00
6.622090511916304267e-01 -1.030387462109934926e+00
5.680236016024483581e-01 -1.121629371366477113e+00
5.780056533563469046e-01 -1.176755188967732568e+00
6.906949941165618778e-01 -9.974072635834463352e-01
7.011926092198728089e-01 -1.049404869051295375e+00
5.168251828475860510e-01 -1.257495914486465471e+00
5.484045959905546885e-01 -1.217890635496701401e+00
5.866437427888491207e-01 -8.298472432790058306e-01
5.813385127602819225e-01 -7.700122491114959056e-01
5.478209974396562876e-01 -7.960832557127772713e-01
5.324779122062008874e-01 -7.432129597562627810e-01
4.800804445542958265e-01 -7.079051017135141732e-01
5.016240175959547631e-01 -7.675214326776627072e-01
3.678931285539562279e-01 -1.606236956538440008e+00
4.469712772158010994e-01 -1.594951398316671431e+00
2.687377302280492541e-01 -1.602538593996989169e+00
3.097685497086693496e-01 -1.583266632870235169e+00
3.784984490750936126e-01 -1.646321294768783750e+00
2.835580138625343194e-01 -1.644586845072200543e+00
2.292794337927459292e-01 -1.625867062396296969e+00
2.096365989914212857e-01 -1.581022115166617947e+00
1.956731344056852062e-01 -1.643037505146491606e+00
2.430332687029062300e-01 -1.671313059109452270e+00
2.376170199278090367e-01 -1.477529917097684553e+00
2.617960457406884323e-01 -1.446581895764200265e+00
4.767063129538487987e-01 -1.570560519586361226e+00
4.663899276258203774e-01 -1.510609231004858000e+00
5.155076469499171310e-01 -1.604489219205451844e+00
4.166707389893387070e-01 -1.420376195679276199e+00
4.015086230480996998e-01 -1.499605268006744430e+00
3.660942114159446148e-01 -1.391895992370780544e+00
3.743425625880028584e-01 -1.337414391755388676e+00
4.463837484985835879e-01 -1.381317208303747268e+00
2.902569309937486075e-01 -1.413158908316117124e+00
3.158279070065201921e-01 -1.379574973162914997e+00
3.107100334539337760e-01 -1.461688034406656733e+00
4.846235762616674103e-01 -1.296141465218319633e+00
5.224099885455478764e-01 -1.319543138449534858e+00
4.482038145818680874e-01 -1.319185693619019828e+00
2.376423323722705594e-01 -1.396727376052084191e+00
2.648635996648956437e-01 -1.362055360611360122e+00
6.058891224598210723e-01 -1.341046615801388286e+00
6.415779536121767324e-01 -1.327402687742555321e+00
6.394579121161537705e-01 -1.382350319905493619e+00
6.153879203582736102e-01 -1.437301200564505388e+00
6.823345333743021657e-01 -1.378140644040478868e+00
5.619977988353561660e-01 -1.341130334517779632e+00
5.231259378352421940e-01 -1.374290622855735666e+00
5.561544534793931849e-01 -1.397474473809305673e+00
5.657865993475476030e-01 -1.533163131692017567e+00
3.035306284627420359e-01 -1.189374057160486275e+00
3.322921611478961146e-01 -1.243072900923744450e+00
2.883769256671409043e-01 -1.234602216193668278e+00
2.412174998332488884e-01 -1.215498303820346182e+00
2.328337148987781047e-01 -1.152196513677942180e+00
2.127412365639375080e-01 -1.247326107972093423e+00
1.657555994960252521e-01 -1.200865176532854184e+00
1.956589912272891085e-01 -1.295758130279527354e+00
6.198309531733837696e-01 7.620384367537537118e-01
7.055478554560431492e-01 6.999008741315587701e-01
6.803672656137937924e-01 6.671577223559348457e-01
7.881975251129547111e-01 6.419498479137335512e-01
7.680938499425031818e-01 6.088370177637978387e-01
7.350882148137424243e-01 6.524291445241583443e-01
7.534822869609097973e-01 6.838610154262740881e-01
5.801313893371585761e-01 6.935934453399698052e-01
7.917731303077516491e-01 6.877249774182691011e-01
5.681759641506880509e-01 7.862445105397352085e-01
5.056080731425504071e-01 7.602339604245557103e-01
4.610909160974545062e-01 7.724101485874198536e-01
5.330147840404240167e-01 7.079553103335967101e-01
5.494846875828665045e-01 7.471336341156141758e-01
4.338455873280728792e-01 8.278733714080153128e-01
4.013058355730090843e-01 8.791970812801842561e-01
5.627127540150693719e-01 6.517591700062156379e-01
5.143400006293548099e-01 6.658716071840171669e-01
4.640153800978088494e-01 1.028988597166721419e+00
4.742125284252384776e-01 9.345650294002584291e-01
5.018075128938697116e-01 6.304513096257688964e-01
8.078955251903711110e-01 -1.023197612656940647e+00
7.439369164145254176e-01 -1.049951608189170660e+00
7.281771510213161935e-01 -9.974992824500563682e-01
7.573133042476686283e-01 -1.109910179635272609e+00
6.979047488573382196e-01 -9.492405872626756835e-01
8.438318860402027610e-01 -8.925889161943340033e-01
8.097403528879344448e-01 -9.113714073796150839e-01
7.783938705081365761e-01 -8.069471827352192594e-01
8.136025673099840372e-01 -7.978246182726845825e-01
7.408235481131812961e-01 -8.853303731887623984e-01
7.748990061701868104e-01 -8.701771376777935885e-01
7.364155083353215447e-01 -9.427538285271356289e-01
8.209403989765858833e-01 -7.492706110507012518e-01
7.437722706151942420e-01 -7.684639406317621546e-01
7.380512711321368657e-01 -7.124183716657250809e-01
7.798514626104975367e-01 -7.408286732181603718e-01
7.002649164323689890e-01 -8.959414785127306491e-01
6.624848690194697909e-01 -8.582062719846559329e-01
7.041053785030507717e-01 -8.458315180838908987e-01
8.905176054245464989e-01 -7.876169723844925752e-01
9.132602551111559386e-01 -7.588598888071751425e-01
8.880522273977035086e-01 -8.312486918137397263e-01
9.248395142082121989e-01 -8.147190203616819781e-01
7.038550299769873453e-01 -7.364551928251639179e-01
6.265132032589664224e-01 -7.705281337600122793e-01
6.643434432662619349e-01 -8.058591900307411349e-01
-7.536990278587895054e-01 -6.681013469557500750e-01
-8.174345401858716942e-01 -6.163216722154373217e-01
-7.565442423698938157e-01 -5.136000324608450684e-01
-7.958363762868045921e-01 -5.090839540321764334e-01
-7.121645347413859684e-01 -5.090418470456912203e-01
-6.966078941825180060e-01 -7.386079754481673643e-01
-6.979957930263736010e-01 -6.165422127016065845e-01
-6.553506782744029646e-01 -6.090598998771892258e-01
-6.285375103232045957e-01 -6.566683912898378939e-01
-6.685947843024030446e-01 -6.611262667027267836e-01
-6.848145480238653215e-01 -5.600679254422430420e-01
-6.042386135943995651e-01 -7.130196842108565969e-01
-5.655426027236063469e-01 -7.092521046102461257e-01
-6.167165194888067914e-01 -7.802395400635281364e-01
-5.895914486045129577e-01 -6.522744371044549849e-01
-6.756532298212654108e-01 -5.070212422274129604e-01
-6.562954302088450653e-01 -4.630371759813518562e-01
-6.254347878135962935e-01 -9.468013846449664372e-01
-6.452075726743309314e-01 -8.222455587577828240e-01
-6.114805938851378686e-01 -8.443403534370329533e-01
-6.843578503996201601e-01 -8.019465075524750963e-01
-6.755020088991827709e-01 -8.609797464942245959e-01
-5.708919831306489279e-01 -4.896562459822725311e-01
-5.525076299445785821e-01 -5.408035621814057947e-01
-7.905940697353553981e-01 1.006634131158656853e+00
-7.444691855414418136e-01 9.211305791586182901e-01
-7.961142417897075774e-01 9.284339615061127926e-01
-9.819441788868881194e-01 1.055298662384872355e+00
-8.747289242146740751e-01 1.015890538525923814e+00
-8.837168108138796496e-01 9.828479503004975415e-01
-8.922346604501878442e-01 1.056230207205228533e+00
-4.156010308516489560e-01 4.383991721935764363e-01
-4.142143621892681038e-01 -2.492196435811124822e-01
3.772763087387563941e-01 -3.877068323190598909e-01
3.064835230393897492e-01 3.729897390556580761e-01
2.858890041437437413e-01 4.315337900594566900e-01
-3.716591880258402480e-01 -5.125741145985145408e-01
-4.037809018191138022e-01 -4.785193698889130265e-01
-3.063353667135563230e-01 -4.038651815794371824e-01
-1.352014351815173376e-01 -7.164995572792677292e-01
-1.191612439205516349e-01 -7.795653089469736230e-01
-1.548606642781600318e-01 -7.487629670158711948e-01
9.779356266032046552e-02 -7.564604268892848316e-01
3.799378880882220422e-02 -7.280574676899990161e-01
1.641340432406656821e-02 -6.798272601758966749e-01
4.882477141361016293e-02 -6.568449404875056352e-01
7.239881945562175181e-02 -7.061196119343846611e-01
3.009532262971219008e-01 -5.701000122943148396e-01
2.240956229530167987e-01 -8.172064892722007423e-01
2.632688706410354906e-01 -8.497553828196089398e-01
2.535915206697982871e-01 -9.091697146275202757e-01
-5.970129236012708951e-01 3.802263501788932243e-01
-6.386226153611951339e-01 3.997612699088121668e-01
-7.493195666584143710e-01 4.058697925977466370e-01
-7.880542243734111052e-01 4.151391412680455195e-01
-7.299802607324503700e-01 4.480799098180880402e-01
-6.224672442857839272e-01 7.386840853058869449e-02
-7.075235182713810467e-01 5.323170425418869561e-02
-1.003314689999750126e-01 8.358460517540199364e-01
3.823369218237677135e-03 9.014364521340794134e-01
-2.484661265462516089e-01 9.490949821005481013e-01
-3.969401905741353764e-01 6.597113373255535373e-01
-1.098196059401413960e+00 8.975920450329656353e-01
-1.088547493081459816e+00 8.553594944099595088e-01
-1.138879648378402054e+00 8.795033159186703697e-01
-1.150758332143969831e+00 9.245876269006054748e-01
-9.234654817689754713e-01 7.744647085179608981e-01
-9.576537928688823031e-01 7.488734896700893762e-01
-9.815535794540189984e-01 7.990158731794937408e-01
-8.846374819321937144e-01 8.005306229850215338e-01
-1.018896799228969696e+00 9.873658480286459094e-01
-9.740216824691185771e-01 1.010096738288097429e+00
-9.733411269461972326e-01 9.624432033415485366e-01
-8.527400855756412934e-01 6.185218096385848296e-01
-8.422366739892555021e-01 5.675536187248599873e-01
-7.882285534947057748e-01 7.603579172340659831e-01
-7.462941830826071987e-01 7.619385658098523084e-01
-9.189124580439370638e-01 4.945996480228421754e-01
-8.972068320845573153e-01 4.474722748831121422e-01
-9.331121020341973660e-01 4.450684134140656667e-01
-9.732758547524277271e-01 4.499963407968791129e-01
-6.375257873025086397e-01 1.175107512722150194e+00
-6.780923981802905454e-01 1.158135254663697378e+00
-5.963852978310899555e-01 1.291025976657193652e+00
-5.561749597810328183e-01 1.306230530064122597e+00
-3.960664703824367527e-01 1.062417011753894247e+00
-2.892349417819088386e-01 1.097903152603819654e+00
-2.474165472358346163e-01 1.085810569334485276e+00
-3.421019243715869296e-01 1.826118024251700556e+00
-3.743746407295426848e-01 1.579909671234650093e+00
-3.579030771779347919e-01 1.519925516380400854e+00
-4.574151855224662944e-01 1.476614855162009299e+00
-4.866660146500257911e-01 1.440619790269189737e+00
-5.222327002901399062e-01 1.427152614727662749e+00
-3.060692077551376844e-01 1.258600093660105834e+00
-3.291514659073574434e-01 1.317512933371021822e+00
-3.059182086484332208e-01 1.356216287769088202e+00
-2.595804620741290480e-01 1.333839197938893939e+00
-2.851552204826661718e-01 1.297267413863435026e+00
-1.497250655696493182e-01 1.183644106949705455e+00
-1.621647642120565835e-01 1.243460883021638708e+00
-1.183933976392597676e-01 1.220082373819175725e+00
-1.466563228621989623e+00 3.394688559434294595e-01
-1.431419092613969157e+00 3.086528369245734593e-01
-1.162654029054531746e+00 5.527743475216887470e-01
-1.226573278695359814e+00 7.766436207373348388e-01
-1.297232661097588391e+00 7.347926879352856266e-01
-1.022579655084660866e+00 2.912777428629149123e-01
-1.015313158745774880e+00 2.391723702416240771e-01
-1.054282697958083270e+00 2.767212684865650862e-01
-1.280890883556139226e+00 9.682438256561635148e-01
-1.319451087241106935e+00 9.619469991891107519e-01
-1.097477392615277658e+00 -1.105497287175084414e-01
-1.142656001176470149e+00 -1.113033545065129498e-01
-1.080220005541353334e+00 5.539580930522430835e-02
-1.104743685196802883e+00 1.042737121315902155e-01
-1.263617212731638739e+00 9.174203276917858307e-02
-1.233031655094190882e+00 3.554403238407456006e-02
-1.287339441375409121e+00 5.548334195934345736e-02
-8.946523210573289475e-01 7.204467243701856427e-02
-8.640149412390530914e-01 2.695692168643143774e-02
-8.333510849830771949e-01 -4.523616736351379619e-01
-7.635872160091173866e-01 -2.965934666382468721e-01
-6.754560955621786711e-01 -2.569138646316769248e-01
-7.639992914080524500e-01 -1.525872112118521196e-01
-7.820835645680465076e-01 -9.632669232017608552e-02
-4.048066652777044805e-01 -6.171525881382259326e-01
-3.817281018073170329e-01 -6.742999115735369697e-01
-4.280594003865483832e-01 -9.220505789099890936e-01
-2.834416913367235891e-01 -8.168692559071210058e-01
-2.791074217600861274e-01 -7.632001901537429633e-01
-2.428891532931490849e-01 -8.088215314128937017e-01
-5.827630045786182933e-01 -9.473413129788975651e-01
-4.464383796539070914e-01 -1.064673173231990955e+00
-4.151682683992706790e-01 -1.122461810154869122e+00
-4.589464883245066851e-01 -1.109681859138353932e+00
-8.472079569256454890e-02 -9.822197751661301268e-01
-4.430193724163895563e-01 -1.259936275805597861e+00
-4.109748904082999310e-01 -1.309006744597883687e+00
-4.811737479870943912e-01 -1.258552482030978137e+00
-1.365192609984917926e-01 -1.415742772995483456e+00
-9.797310433643456606e-02 -1.402930804365915218e+00
-1.071982049752149835e-01 -1.286020458054116355e+00
-1.243784466645625059e-01 -1.186327528918585728e+00
1.473059304554913129e-01 -1.564348381394836229e+00
1.686545603475261279e-01 -1.603106729683421827e+00
7.212736726752778937e-02 -1.137469808690168005e+00
1.241888218194757559e-01 -1.209944585009558260e+00
4.093817252317589334e-02 -1.203287048100284196e+00
2.704390640437842053e-01 1.148094045600062119e+00
2.557953435649680252e-01 9.895909624431366014e-01
2.978627420036664697e-01 9.823389739199558379e-01
2.804454304611402882e-01 9.360006875091799738e-01
3.978151603310381978e-01 9.941494337456913133e-01
1.256931873581224324e-01 8.969999640138263119e-01
1.060049335429293083e-01 9.523232330573844218e-01
1.269027387522060901e-01 9.966677864084600991e-01
4.991770272560753889e-04 1.116903592346174534e+00
-3.479387321460309518e-02 1.484046071966828473e+00
-3.533410694337375119e-02 1.531031860441509185e+00
4.226942377602296678e-03 1.540673740587860108e+00
-3.695645774238166814e-02 1.735791020202628765e+00
-1.124438774585854173e-01 1.795120383872751635e+00
3.992817399335958639e-02 1.288433597442492973e+00
6.401363088980926118e-03 1.270997689564496103e+00
-3.675710137079821194e-02 1.307626610272753620e+00
6.139553760693784445e-01 -6.824701502007118892e-02
6.441185843527393873e-01 -3.271646166582290599e-02
7.397277683095402345e-01 -2.343600554295945659e-01
7.813825703807991685e-01 -2.600567332310769753e-01
7.493261424737582832e-01 -2.836650505025114510e-01
6.920276756898515735e-01 3.246565042601870510e-02
6.545783601944672458e-01 6.973743525702642831e-02
6.636888133663422229e-01 1.209507708641987811e-01
7.143862267525817877e-01 1.193938348489305690e-01
7.500567167442868666e-01 7.224951409826736726e-02
5.386371105083029853e-01 8.283154975115269991e-02
8.442714597344042060e-01 7.334925205433208417e-02
8.784443653964597587e-01 7.967466922933243156e-02
9.049782023615093873e-01 1.114978641186341601e-01
9.192264376200718345e-01 5.608697181312407437e-02
7.770494156783587236e-01 2.201326491175744082e-01
7.369308828665183109e-01 2.148798306211962550e-01
6.990038194203240796e-01 2.614974578296039298e-01
7.351046855816213421e-01 4.107796707382162515e-01
7.313702259571357445e-01 4.629650642236920466e-01
7.796264597275630592e-01 4.569386024847925665e-01
7.697051106096199913e-01 4.182486024133699187e-01
5.913148877302237816e-01 4.360896765697533373e-01
8.911112588069108886e-01 4.760999782353672050e-01
9.305453542415174084e-01 4.828472138410983550e-01
9.519171815225073718e-01 4.417389875561994472e-01
8.003525618842480815e-01 5.637103547187322095e-01
7.470099821782156813e-01 5.788144216781501150e-01
7.109856679199987317e-01 6.232194116062740319e-01
8.316082666021016312e-01 5.963289163475057331e-01
1.317098672794424497e+00 6.318985682208656807e-02
1.447400869071324925e+00 -2.492055141029418386e-01
1.429897357924909240e+00 -3.000313950840963750e-01
1.090155500945802158e+00 2.836326035889036867e-01
1.068870855388568630e+00 3.348984859838948225e-01
1.172323356979698028e+00 2.907738858490119260e-01
1.117330113204668463e+00 4.489596898154821214e-01
1.005445920047628894e+00 -1.212744049171331773e-01
1.055677161267889685e+00 -2.124264129972156523e-01
1.019528870298267220e+00 -2.190736301334983427e-01
1.009013761098129791e+00 -1.678103676370181208e-01
1.049257311862421771e+00 -6.385286842578042910e-01
1.096859826828113560e+00 -6.585221401628654769e-01
1.061910619022144342e+00 -6.849920916810011695e-01
8.744661555140312847e-01 -6.011011551332590130e-01
8.962768558514644379e-01 -2.643021855109823903e-01
9.405294086443176660e-01 -2.736369732231690999e-01
1.177944673865488845e+00 -5.644490199438806366e-01
1.271762931740319180e+00 -4.193397006618289069e-01
1.299095580675339479e+00 -3.947277768183688473e-01
1.341548101485590561e+00 -4.179112504006777806e-01
1.360751475220927320e+00 -4.589069977150467272e-01
1.316353651520201229e+00 -4.557209707488998340e-01
1.153138238385516878e+00 -4.033539615779777043e-01
1.115711599510158525e+00 -4.173738200309186075e-01
2.589107187876547589e-01 -1.071669622369110009e+00
2.996430217718661360e-01 -1.099674722984613551e+00
2.725530877430769050e-01 -1.132965628626831034e+00
3.789162603139917818e-01 -1.010987157375849543e+00
3.746478594268920492e-01 -9.556174709037027482e-01
4.015349432151085751e-01 -9.263512476317179445e-01
4.390921847493390873e-01 -9.395022190909999571e-01
5.502922724323623394e-01 -9.705334022736327171e-01
5.915360536623067711e-01 -1.011089685888279632e+00
5.528233917576526046e-01 -1.075002088687923907e+00
5.493288287717250640e-01 -8.585497753525640485e-01
5.064777512853029240e-01 -8.742037400123130464e-01
4.793117157678582485e-01 -8.105082808851087339e-01
5.854180528546445439e-01 -1.232256285506809990e+00
6.245791958630591001e-01 -1.240615680951709487e+00
6.222243189328814372e-01 -1.292097189784612521e+00
5.894612997579358193e-01 -1.287018449026903877e+00
6.704687502237060004e-01 -1.089047671507821891e+00
7.136793723283649804e-01 -1.100333367308056642e+00
6.879024346985594951e-01 -1.150452275927357659e+00
5.979994298791846408e-01 -7.205363104763842230e-01
2.985963443322586786e-01 -1.683532640694717308e+00
3.392682775013853291e-01 -1.668351297240452169e+00
2.799125834082167863e-01 -1.709698673747261921e+00
3.816604917900326410e-01 -1.531480865196335861e+00
3.500679576941715387e-01 -1.562593081689769292e+00
3.005597455469527501e-01 -1.540256289190368832e+00
3.346069258337137087e-01 -1.513873923293785007e+00
4.597700188036195068e-01 -1.448235099834535689e+00
4.894622567184372386e-01 -1.410317354098171938e+00
5.268806081642614103e-01 -1.434687194754173944e+00
4.976104904191275824e-01 -1.474873059316056612e+00
3.461710491216144492e-01 -1.296696571825084687e+00
3.323853908298267101e-01 -1.342188963944147106e+00
2.849820993845593176e-01 -1.320922750003920232e+00
5.684964710997132409e-01 -1.441117438572882881e+00
6.569302968205142923e-01 -1.423334722689258314e+00
5.974095259642127065e-01 7.326466682926311424e-01
5.249882433648161983e-01 8.016382627083861179e-01
8.520916775049405256e-01 -7.932501272368769341e-01
7.413814099374916866e-01 -8.270717715935128611e-01
-7.384915600649911704e-01 -6.182918888979105354e-01
-7.783057412329935643e-01 -6.181879496910893668e-01
-8.065202922468888147e-01 -5.672103678074743582e-01
-6.391819039555313164e-01 -7.146073222310902473e-01
-6.564288122037718054e-01 -7.658734880913160570e-01
-6.414207604148914887e-01 -5.550913162850095173e-01
2.405725363179821163e-02 -5.532831212608327887e-01
3.181188503430808223e-02 -5.101099929666893518e-01
3.551619812187412628e-01 -7.106391997381542591e-01
3.889824446110884959e-01 -7.695545485644466055e-01
-6.865110904882489873e-01 5.638609145552386792e-01
-8.235311464422131467e-01 8.491897322462921283e-01
-8.100423369423912501e-01 8.878894600954100325e-01
-1.018863049755955430e+00 6.490129878395107799e-01
-1.094225163991695338e+00 6.950448378936485705e-01
-1.078374068517981899e+00 7.352220703617080577e-01
-4.412437196477295154e-01 1.236341967388425278e+00
-1.504402461471063823e-01 1.477589298514440319e+00
-5.480620386807265598e-01 1.634185661548936963e+00
-1.258432313111859990e+00 3.297728927972181090e-01
-1.223209012469143042e+00 2.851473784005490453e-01
-1.262205934070900648e+00 2.696936364368868744e-01
-1.232710121399453795e+00 -6.347134777384010051e-02
-9.155649919031817463e-01 -1.564653267639769529e-01
-9.527285837197505547e-01 -1.077606748756297639e-01
-9.035709638861991744e-01 -1.146665072547238401e-01
-8.684362758926097436e-01 -1.641663032528384025e-01
-6.718528805828818395e-01 -4.111506480022492083e-01
-5.097542489305360025e-01 -6.514087155268318829e-01
-2.832726412985233644e-01 -1.084451897671856901e+00
-3.234612222783193602e-01 -1.055679486807246104e+00
-3.264143921402922754e-01 -9.987872832359598885e-01
-2.502156611002666620e-01 -1.021018051633655777e+00
-3.233722270853041647e-01 -1.434758239678008307e+00
1.525427417637788552e-01 -1.449373416159010164e+00
1.512166832957978768e-01 -1.407141393629350867e+00
1.002072400745410291e-01 -1.418390318186693699e+00
1.782937277019698841e-01 1.075285873158994931e+00
1.864283769954617476e-01 1.464101094144806270e+00
6.896202008279137541e-01 -3.708900315444095264e-01
5.464621859541899385e-01 2.749908459910630487e-01
8.832357444369152155e-01 3.069941263926904695e-01
9.318237961834426875e-01 2.971450424210351771e-01
9.706491297830777132e-01 2.614179761216914866e-01
9.219362582164627451e-01 2.537495139452510262e-01
6.346946270690895231e-01 5.500128763498576268e-01
1.272809856409675255e+00 -2.578101366019032725e-01
1.226539178930317497e+00 -2.594649956757424381e-01
1.341873428722530903e+00 2.752653535021803433e-01
1.308248529604594701e+00 3.316532600782017837e-01
7.884208551598883563e-01 -6.409897491825857774e-01
8.139451975385370019e-01 -7.001402125969956591e-01
1.004040068221434323e+00 -5.396356021962750438e-01
9.876170014476689518e-01 -4.843929603272787987e-01
1.019185346604678521e+00 -4.628280852214693430e-01
4.692372440806218958e-01 -1.176123653037136618e+00
4.814842904752453800e-01 -1.232520744601271367e+00
4.518989864588390803e-01 -1.263841624463620583e+00
6.596360701521721825e-01 -9.664824730031559286e-01
6.614826756810957553e-01 -9.106965590177636960e-01
4.897770106669129264e-01 -1.632601080978359320e+00
4.612700862934618895e-01 -1.649245952510026259e+00
4.559019602087949208e-02 -9.014914081222907827e-01
9.357688610215268710e-02 -9.062475382020102055e-01
-8.601549104033725524e-01 2.817865313924285409e-01
-8.149795534198231994e-01 2.653949159017842119e-01
-8.333662162038669718e-01 2.236985168702702031e-01
-5.712771720831171657e-02 9.868085606779999353e-01
-1.341806485967209639e-01 1.010505249525768479e+00
-1.400421916042569603e-01 1.068897278142447504e+00
-9.967762361758242262e-02 1.025514436364623361e+00
-5.390799045980093629e-01 -1.101541480513460680e+00
8.101127052472392176e-01 -1.395640010283872856e-01
7.956654921207848563e-01 -8.404888853522468617e-02
8.418558047172101100e-01 -6.264372367950724052e-02
8.431226467124157686e-01 -1.158928721803880318e-01
-4.547607928445993042e-01 1.708968415425893950e+00
-3.691483593977919475e-01 1.787537329466694080e+00
-2.672946469318326912e-01 1.706459916137181398e+00
-3.484050612883043407e-01 1.931750347710631477e+00
-7.104782969667812198e-01 1.448599988828974672e+00
-6.376436667422131777e-01 1.595988612973582965e+00
-1.248155107988184076e+00 4.354848270392986942e-01
-1.363389987160801953e+00 4.033980506022707968e-01
-1.538578661368689815e+00 5.335084911723803058e-01
-1.467200289037251526e+00 6.825921909145319377e-01
-1.603661682603730432e+00 3.033244441896154053e-01
-1.296442739665015997e+00 6.790259554867935643e-01
-1.446373275479366782e+00 9.623334678506905160e-01
-1.536932211882300781e+00 1.448991371849658039e-01
-1.353695984828898080e+00 -8.848091503925459289e-02
-4.031266537662783200e-01 -1.423157901983963303e+00
-5.600990809929871084e-01 -1.215648348105633714e+00
5.961594790806849786e-02 -1.728153459256212443e+00
-1.570584937173396811e-01 1.654001049161876846e+00
6.388633299979889352e-03 1.695761518254411682e+00
9.524622781141399430e-02 1.720257885575752432e+00
-1.610427783766598120e-01 1.905560296132982945e+00
3.789566007564130756e-01 1.275114856492091331e+00
2.704143122593611337e-01 1.476939399281089749e+00
1.397553386784869511e+00 9.806193507617072536e-02
1.317436542560653345e+00 1.147759463279711956e-01
1.417213321139599413e+00 -3.839895057835529535e-02
1.380609686761601118e+00 -3.661321314978003422e-02
1.255576551979028510e+00 -1.661605106524532416e-01
1.598816016069432022e+00 -2.193363402640743920e-01
1.244402162286448732e+00 8.965220776614410414e-02
1.050506129489928053e+00 5.840295341487860004e-01
1.344013893550663363e+00 -7.677511100643774622e-01
2.046872836389681816e-01 -1.754756854408427547e+00
7.300995925775951578e-01 -1.399618766464932662e+00
5.703695599467171196e-01 9.560874661296839827e-01
1.071705073794676055e+00 -8.996370297424750584e-01
-8.344189672166276717e-01 -6.872442500362657691e-01
-9.167152578670892948e-01 -5.323597467678273798e-01
-8.709714621241011479e-01 1.236275587841538570e+00
-7.880722736747927115e-01 1.322193071813571486e+00
-1.118952170442521821e+00 1.128720079006556576e+00
-4.509901140585889090e-01 1.888074222369888755e+00
-6.832687161073836002e-01 1.501282838536554198e+00
-1.313449287574841806e+00 5.300391082133222298e-01
-1.325733013483043177e+00 4.182272407150500748e-01
-1.395819946401211986e+00 4.427643966320985447e-01
-1.517881147270525366e+00 4.269069358070382014e-01
-1.375263040898464073e+00 1.041181183902769813e+00
-1.472597052706523302e+00 4.862116073159887530e-02
-4.879394887262989977e-01 -1.318144085283949885e+00
-5.427985978419772040e-02 -1.684448341178584885e+00
-4.633707361879335629e-02 1.843157458198007248e+00
3.317141275392828659e-01 1.365155207286195216e+00
1.170636770936756887e+00 2.167057496883233181e-01
1.157434274108094518e+00 5.129924690778652208e-01
1.273657134845083361e+00 -8.064660203289613083e-01
1.517464469378248193e+00 -4.897597435890293505e-01
6.827464475269355848e-01 -1.491406135720570791e+00
5.118935728471789570e-01 1.039187240687906355e+00
8.629807441388975819e-01 -1.135512934284008235e+00
-7.202406448389949700e-01 -9.294730455401463143e-01
-5.966926493264591569e-01 1.679271486319012352e+00
-1.278698764459248016e+00 -1.610440177197582923e-01
-3.002041432608643645e-01 -1.524098583140811369e+00
1.743318091200588560e-01 1.624783829617268305e+00
1.399752580778516720e+00 1.716997048685236782e-01
1.397383682095483026e+00 3.073863522092119549e-01
-9.713513630486071415e-01 -4.557971116896918362e-01
-6.245731361967082895e-01 -1.111356095159920843e+00
4.286930277507272069e-01 1.181658157074007232e+00
9.399118499460602516e-01 6.535695645164616430e-01
7.839354971233499780e-01 -1.291899728486012089e+00
-1.363938366500636157e+00 3.423321925601570670e-01
-1.426166903896216809e+00 7.578612105480307948e-01
-1.241740580456066834e+00 4.815522495887304411e-01
-1.233891426767850241e+00 6.368903227813365042e-01
-1.272468544386564426e+00 6.296373232920653429e-01
-1.372279457480535036e+00 5.933800269589157850e-01
-1.341945791930222898e+00 7.460685970638808451e-01
-8.202664857649130670e-02 1.732281430754909701e+00
1.278029156896207219e+00 1.658285122330948880e-01
1.348681571691644709e+00 1.910213409124922324e-01
1.447977306937523245e+00 -8.678572445584209483e-02
1.489283482924728563e+00 -2.386091712109778343e-02
1.437204764323476436e+00 -1.413079361095618824e-01
1.230818660231433714e+00 -1.167218360886130707e-01
1.282808523352814145e+00 -6.597337969577148076e-02
1.135190980698774776e+00 5.802242491936854957e-02
1.250489843627615505e+00 3.511198752991512295e-02
1.251879832381547875e+00 -1.756492527340817664e-02
1.165365234877832501e+00 -2.837145175193261926e-02
1.201618119971468612e+00 -6.902990327708236062e-02
1.081630697050204093e+00 -4.036877217143543251e-02
1.121315265411747086e+00 -3.149214410873948239e-02
1.193727301718960909e+00 3.295623256453869554e-01
-1.395468321173960691e+00 4.974626849966689579e-01
1.282441637013246316e+00 5.102099702305411960e-02
-2.721657492399127132e-01 -5.579341770104765397e-01
-1.870930843347446693e-01 -4.919340682326551750e-01
-6.992208686504840232e-02 -6.704735448901223416e-01
-1.076468409630613743e-01 -6.876587968411603802e-01
7.963241688069969126e-02 -5.056736877928146301e-01
1.217425836448453452e-01 -5.454683744584301053e-01
2.156798083526251519e-01 -5.448742252627546412e-01
4.094205927125678657e-01 -7.354084478828855076e-01
-6.486244355332115852e-01 5.760374699881052329e-01
-6.885085683750907792e-01 5.093901560498864667e-01
-6.081577071297961101e-01 1.289323840420649181e-01
-6.304886223914873966e-01 1.853786076765147339e-01
-6.847193541307787790e-01 2.555430931105865723e-04
-2.857298144438641038e-02 8.780624450138063697e-01
-9.305515465902941541e-03 9.563910778858194517e-01
-1.945400471634494699e-01 9.086893930791859475e-01
-8.767438645908197659e-01 7.502276893837229732e-01
-6.973193991301457340e-01 7.366343914391204617e-01
-7.289788821186071743e-01 7.939791932401359942e-01
-7.169672900047617814e-01 8.336802568211819642e-01
-4.095948009679368784e-01 1.788539299481480827e+00
-2.814479032930766733e-01 1.753987433812563390e+00
-2.893206823633248659e-01 1.938203676787727314e+00
-6.207366834191624383e-01 1.630551157269715556e+00
-1.042223226609989839e-01 1.080075863890700205e+00
-1.329811620915908987e+00 2.979322462046898323e-01
-1.289538006538935244e+00 4.283028977444998109e-01
-1.499071620657132842e+00 5.378583479982648186e-01
-1.441181855662749145e+00 7.150057293897222888e-01
-1.387844923158730870e+00 6.535053184766748124e-01
-1.523205321638395615e+00 5.903700009798916737e-01
-1.499055494567634872e+00 6.375425344463875321e-01
-1.614685752256415530e+00 3.529184137487265116e-01
-1.172021008200021974e+00 3.409241790533085736e-01
-1.209709265057226979e+00 3.856530261854012598e-01
-1.206224387755980620e+00 4.379812676284157713e-01
-1.232597777224262003e+00 5.308198080929535934e-01
-1.270956333632561552e+00 5.345972469395291471e-01
-1.245265036384789026e+00 5.816164512434915945e-01
-1.201386957579072545e+00 5.948079994052273278e-01
-1.291711869436652949e+00 5.822906576214151864e-01
-1.350822742210754157e+00 6.409970279831839202e-01
-1.383909663174651472e+00 7.556034936676547797e-01
-1.402239593353722613e+00 8.051613813290642296e-01
-1.380984966524407831e+00 8.510379240000048862e-01
-1.361115176108272262e+00 7.987290375988139735e-01
-1.255152659504066293e+00 1.091067894315923326e+00
-1.232973256112488425e+00 -2.029094467393133538e-01
-1.072608805467470949e+00 -3.480002928855796540e-01
-1.564160388611744334e+00 1.938543218439217897e-01
-1.426597471401314099e+00 -9.314676811675583548e-03
-7.768212903420161908e-01 -4.258750966026952911e-01
-6.844707032951037329e-01 -3.507257415395000355e-01
-6.742166749805647008e-01 -2.076103563369968152e-01
-5.308606867122477313e-01 -5.952282471552432508e-01
-4.479058288518382169e-01 -1.370278614001090300e+00
-5.921000873745209114e-01 -1.165454598527118302e+00
6.725920494682386883e-03 -1.711354228316022574e+00
-2.426977910124188953e-01 -1.570408032075663707e+00
3.362842182016060888e-01 9.759605035639358217e-01
3.536530979750643899e-01 1.133754105547463364e+00
2.661719532892807272e-01 8.877038806028700879e-01
1.473304498646940408e-01 8.507260611132020367e-01
8.061790025449692976e-02 9.100552053217982884e-01
-7.430715439952580159e-02 1.626169928464008541e+00
6.190321919437661788e-03 1.645312570980140610e+00
-9.366007268357598448e-02 1.873844926802866739e+00
2.617833667171167722e-01 1.253041189159160185e+00
3.009998310323695470e-01 1.422275188178177441e+00
6.423849994503739724e-01 -1.295059386542219138e-01
5.542756497162057983e-01 2.643283100770403571e-02
5.138566880536810100e-01 3.268831976697293973e-01
6.580425328731672741e-01 2.541693645268082724e-01
5.148647278526063964e-01 5.203173348452737601e-01
1.427180425359780624e+00 6.419537153715923483e-02
1.326286524291675928e+00 1.598916754299167520e-01
1.373048411319031992e+00 1.442192355687803018e-01
1.425944468847057056e+00 1.324671148885168265e-02
1.482730179016972905e+00 -7.526835680321095068e-02
1.342327435122810941e+00 -1.720841432583890829e-01
1.357477457810703614e+00 -1.289732667161917201e-01
1.369474583359298947e+00 -8.299779635119078347e-02
1.313660912748531029e+00 -1.192927023226522110e-01
1.272869233217482243e+00 -1.168042512572074337e-01
1.194561043176124437e+00 -1.127792868160520101e-01
1.297128698896848453e+00 2.090042693602792712e-01
1.270091008997408455e+00 2.607293035655414148e-01
1.223492869967226726e+00 2.755955028200987589e-01
1.198516912417496805e+00 2.473178223997584690e-01
1.291331070126681579e+00 2.918646427661770182e-01
1.201709303402563878e+00 1.317468474584030935e-01
1.227309960802639210e+00 1.959836941127092169e-01
1.153631931298689350e+00 1.782742870294465876e-01
1.162892823720689250e+00 1.202236601903916291e-01
1.124297891092361557e+00 1.520307718217839554e-01
1.208539451496436712e+00 -2.420078273063708957e-02
1.211941092555080646e+00 2.853694315632702289e-02
1.171464974673945170e+00 1.968984000721172439e-02
1.169117291214629928e+00 6.971339698072584468e-02
1.158956825724739126e+00 -7.465935968046584492e-02
1.122856494992260590e+00 -8.447834262518565118e-02
1.309043900707522523e+00 -7.888094454935283828e-01
1.547599916869623726e+00 -4.218800036057355207e-01
1.439743700519294789e+00 -6.423173786359008819e-01
-7.900988890457240066e-01 -6.691304761120180356e-01
-7.094705322736311048e-01 -6.722614126140660229e-01
-8.626780083884216799e-01 -4.786243573025004139e-01
-7.326435065971494964e-01 -7.183561070091873946e-01
-8.298537934748366762e-01 9.797753385086792610e-01
-1.067428943691258958e+00 1.143965895618771489e+00
-1.135033684963083905e-01 8.941578573959240162e-01
-6.587464862242119468e-01 1.551638924051983670e+00
-1.324529673724189838e+00 4.790876089309555330e-01
-1.432426195047528550e+00 5.222262810241485864e-01
-1.439532332290990313e+00 5.752757734887533614e-01
-1.357175154951436591e+00 5.286493320500960102e-01
-1.161974486773095894e+00 4.999261486106217345e-01
-1.319894403037400687e+00 7.921945749847469909e-01
-1.344127800236275538e+00 1.059339944797226707e+00
-1.128919836770874152e+00 -2.959517933800958622e-01
-5.257780916267484894e-01 -1.265971142488201640e+00
-1.021403972540514543e-01 -1.660642868876676781e+00
-3.464297858003936859e-02 1.584770184976864948e+00
4.741116987044841635e-01 5.593751020954133013e-01
1.279063481945622360e+00 1.100444024026622919e-01
1.388634262121386742e+00 1.269244794222603931e-02
1.324779828479279775e+00 -7.226940975086143526e-02
1.314961417888306006e+00 1.601650367131370045e-02
1.099155650880854429e+00 6.492131780775928229e-02
1.127298706504595405e+00 1.626523478953955520e-02
1.079658498169743464e+00 1.595311203267076386e-02
1.160718555038587674e+00 4.090473046839718241e-01
1.216716810997999998e+00 4.699572571228350926e-01
1.233113632141293659e+00 -8.241398985720577164e-01
1.497048428836885492e+00 -5.323561156299840835e-01
2.666631394779244157e-01 -1.758852505055514825e+00
6.626586568039080083e-01 -1.529564050285281640e+00
4.670742961017503303e-01 6.751396083551418625e-01
8.116416106868381553e-01 -8.558913272322822285e-01
-7.234505897903683591e-01 -5.647253002813723555e-01
-7.664250750981795868e-01 -5.645041992493712302e-01
-7.008271398763268323e-01 -4.518245984688731842e-01
-3.410991976510976409e-01 -1.486901255621823736e+00
3.567131616786409221e-01 8.686549901861515544e-01
1.563402267034353366e-01 1.519985705236687856e+00
1.375657876198423057e+00 2.228416165049059150e-01
7.674786779282050109e-01 -6.762921180569684276e-01
5.408405165016871852e-01 -1.744440873567172146e+00
-1.168778182395828535e+00 1.114781759165500485e+00
9.897980299792341619e-01 6.223908753868407917e-01
7.075703671493303037e-01 -1.322638558047518842e+00
-3.859738106720440598e-01 1.642275785474996308e+00
-3.886537528659793628e-01 1.741172814179636319e+00
-3.479431066753983504e-01 1.732084980739934332e+00
-2.936073842069131801e-01 1.800491406355758439e+00
-3.075506978668818836e-01 1.720613102537092765e+00
-1.329685372622260608e+00 3.593508855203953467e-01
-1.434092062876915374e+00 4.161763727091900011e-01
-1.430980794028235081e+00 3.593144818269584650e-01
-1.470739383465410555e+00 4.918919532940139172e-01
-1.456097611065367392e+00 6.281061604566201551e-01
-1.404338661254465492e+00 7.082008291128361055e-01
1.393214020768075434e+00 5.707980472665039745e-02
1.462012419128458918e+00 7.897585441889803937e-02
1.493951241325110146e+00 3.574552369738183411e-02
1.411547329368772807e+00 -9.012719321750291279e-02
1.241974324333958046e+00 -6.549254792386768886e-02
1.251352074551245641e+00 2.222229881502493509e-01
1.241919872783089351e+00 3.117895447270101483e-01
1.319818386368165175e+00 2.409241677255244962e-01
1.197412665027864920e+00 1.740970570901749781e-01
1.242645214812607479e+00 1.439615934315673085e-01
1.119828973680643713e+00 1.072141714013876840e-01
1.084102246041244832e+00 1.570708292710427667e-01
1.099698158005223414e+00 1.989873745279493178e-01
1.206675426631435677e+00 8.203366693862487735e-02
1.162799596091440124e+00 -1.292046274840746023e-01
-1.359384129179124212e+00 4.619897630653472809e-01
-1.399586239780808317e+00 5.537157223710610365e-01
-1.545156343453233161e+00 4.764916730020680724e-01
4.327041426837082393e-03 1.743118320310713676e+00
1.351177753715873120e+00 1.481775116508998215e-02
1.338826535497347647e+00 -3.199361405739667430e-02
1.292279089602754283e+00 -1.519567349599016889e-02
1.142337495222997434e+00 2.666004225402978101e-01
1.069798126306330310e+00 1.170224834220894988e-01
-1.595527228073140735e+00 6.245010706933662448e-01
1.259667595185289812e+00 4.362045948648575200e-01
-1.528598502576933971e+00 8.016730368907141191e-01
-5.042669146934768420e-01 1.836784383372125795e+00
1.351903481520009831e-01 1.674378715022464714e+00
1.554953926991918589e+00 6.583053589883390566e-02
1.318889416923296087e+00 3.855964968507836765e-01
-4.233641995833671845e-01 1.907044944052723734e+00
-1.617853097375695492e+00 4.963975038188001565e-01
-1.497690154720855871e+00 8.650685306291338028e-01
1.454682214285449193e+00 2.396573170546196230e-01
1.263972576433759709e+00 3.374641086942251622e-01
-1.553814167946385050e+00 7.462264013955375308e-01
1.357534302871372889e+00 1.081096592792040872e-01
1.353672397490945478e+00 3.534484062317359010e-01
-3.971544271835167339e-01 1.921499799905092676e+00
4.438787377094127740e-02 1.771402740841027557e+00
1.432453282210148227e-01 -4.153994812836495076e-01
-8.410445771539938609e-02 4.867778035913790657e-01
-1.477880772682136135e+00 4.397426060261675484e-01
-1.116322593159943199e+00 6.086159976449490028e-01
-2.222047242981661508e-01 -1.482051853128175223e+00
3.422855878107430305e-01 -1.095401044463860524e-01
1.068711055961061751e+00 2.507141563245081639e-01
-9.010547274977387389e-01 1.103125641014163438e+00
3.502341883330242212e-01 -2.926177080866898539e-01
1.782281385469217938e-01 3.184504083248783091e-01
-4.377341422811592553e-01 1.988668719041658262e-01
2.180028189220286072e-01 7.091272897639907535e-01
-9.316653800386793804e-01 -4.264221765411105314e-01
-3.987397751607935636e-01 2.620908160116303676e-01
-3.886052732651499864e-01 1.286161000561826528e-01
-4.257043495052261206e-01 2.696964623665678781e-02
-2.888379366977305573e-01 1.629274425138947269e+00
-2.377335860853588001e-01 1.617257162205968601e+00
-3.369017688476573236e-01 1.872255556721029723e+00
-1.159408124170999921e+00 6.032470665372203777e-01
-3.155531775067135086e-02 -1.246766280497206614e+00
1.458903896036903639e-02 -1.053330064865115379e+00
1.048305497197680847e+00 -1.071905657844145210e-01
-3.091320510293794066e-01 4.611102141221781747e-01
-3.637851228777770896e-01 3.425514936286387369e-01
8.280378421986864246e-02 -1.228404010438119753e+00
3.827419428085859776e-01 -3.944245442073952140e-02
1.242604925283471662e+00 -2.104692028052593256e-01
2.606345070930653485e-01 -3.852981473455052014e-02
1.735174769150761576e-01 -5.092446409208012392e-01
-4.306025621311382334e-01 1.655888617197567303e+00
-2.041315958766375394e-01 -1.164677429363742966e+00
4.148889538147330913e-02 -1.638186821820681649e+00
-1.541011167785274472e-01 -1.551584813493389614e+00
-9.939146539744388165e-02 -1.067755296827374023e+00
4.375847062381218316e-02 1.605026866929165630e+00
1.135852549068560924e+00 -2.556929538560865911e-01
5.854512864040390951e-01 -1.487727206001114855e+00
4.679196578008572582e-01 9.840871323732093279e-01
-7.563790311631054530e-01 1.062172828755541198e+00
-3.778991604536351412e-01 -1.696145364499001551e-01
3.687744734783020562e-01 -4.418377879684481924e-01
2.974734615333170518e-01 2.317008915590285656e-01
-1.167789574191068658e+00 4.456960390311149323e-01
-1.037634635863038113e-01 -1.020423098675358187e+00
-2.835356921436270414e-03 -1.650590462072953679e+00
1.256466350284289879e-01 -1.249501138035463255e+00
4.152704289962925177e-01 -1.961558031537939673e-01
1.394711986834392903e+00 -6.071841378845479476e-01
-1.694272949799840999e-02 8.219941757783233438e-01
-6.336682961343146347e-01 1.126267868914506476e+00
-1.097934054005812232e+00 4.209051256499766747e-01
-1.332453853888236450e+00 -4.746070017741069874e-02
-4.707509040708250936e-01 -4.237003290912941256e-01
5.208709263053087207e-02 -1.038727507688504526e+00
-2.389616223974657394e-01 -1.361876212739955294e+00
5.088939155565157940e-02 -1.457788923078654264e+00
-1.352048525742239604e-01 -1.083591173241847505e+00
1.037507854295593779e+00 1.638247029200773086e-01
1.135161821124839987e+00 -2.016671706167774691e-01
1.514479772339996977e+00 -3.681825062353623612e-01
1.875223860438357537e-01 -1.380814420759366001e+00
2.387829571693704800e-01 -1.305229561524525517e+00
-1.122195257921091205e+00 5.073642653871820452e-01
-1.254457908653651810e+00 7.372407865880769018e-01
-1.080463090784979929e+00 -2.551649868558834022e-01
-1.230489178231698899e+00 2.322254303154824562e-01
1.179550114916678494e+00 -2.468753405127233069e-01
1.203678874124017417e+00 -2.129418666990252063e-01
6.454569583878836392e-01 7.884939993532965596e-01
8.841269383953545002e-01 -9.850562490581868946e-01
7.214119847892142001e-01 -1.261508392241398990e+00
-3.227098858095359124e-01 1.678735931727507458e+00
-2.340189580547565873e-01 1.668109409474838767e+00
8.392762811731571682e-02 1.611556775640109684e+00
1.222073867755165966e-01 1.567165203556132314e+00
-1.445465651701541843e+00 7.998789046856612517e-01
4.040566820221305755e-02 -9.430694196709327182e-01
3.364382936528095280e-01 1.247119139298930701e+00
1.165095573545042118e+00 -7.336242539888396808e-01
1.593770490372886928e-01 -1.147730432331206085e+00
1.397503339292883506e+00 -1.372481799056147478e-01
1.523081406611960231e+00 -6.864114427724503364e-02
-1.251179835034339716e+00 8.258232709639009572e-01
-6.791950895794117427e-02 -1.265116102476473881e+00
2.073440822077970147e-01 -3.003898173906152103e-01
-5.396395189742695525e-02 1.417503802435835236e-01
1.326823123750628386e-01 -1.669602351264420026e+00
-1.864127761482988199e-01 -2.748129939718894077e-01
-3.634506546955013628e-01 2.248323325373375037e-01
6.007440451699687378e-02 4.815945799378790748e-01
-1.126623605744363266e+00 3.445720172895045952e-01
1.692758513988300642e-02 -1.272552654653715365e+00
1.471706283632808476e-01 -1.093963701396947430e+00
3.356688279056991298e-01 1.857105919905325451e-05
-3.250324145169080081e-01 4.201343037909343603e-01
7.174173689321844405e-02 3.885270188569464045e-01
1.049465654102647721e-01 -1.381859784297237104e+00
-1.158714612857455473e+00 1.017678393072427356e+00
1.030344943989781464e-01 -4.393477936527505068e-01
1.799497346337815828e-01 -3.880319087918979726e-01
3.331348360294761890e-01 -5.545363622296153316e-01
-4.587412981734108608e-01 2.393542759270709478e-03
-1.397864621113152239e+00 3.257268897499602800e-01
-4.096260048157732148e-02 -1.353981195339654331e+00
6.654297685923347971e-02 -1.295987328504341951e+00
-8.810164066973474872e-02 -1.166883816464161061e+00
1.534102283734497973e+00 -1.594204670291306525e-01
1.003524218916851174e+00 3.328639708149752630e-02
6.807826153277504178e-01 -5.710452658968216966e-01
1.125402556289430006e-01 -1.115427493109406587e+00
2.621754977134045372e-01 -1.268679828409831289e+00
-1.037964562975117078e+00 4.294382731355086413e-01
1.935909606006993022e-01 -1.471139228301298951e+00
-4.201636673068614297e-02 -1.196082398332004360e+00
2.537727440596233563e-01 1.413132279799636182e+00
5.524033733201476615e-01 5.493735600258616847e-01
1.320710883778813072e+00 -2.584060027691526540e-01
1.003855309876601209e+00 -6.795700067798723931e-02
1.094461033826579666e+00 -2.086644258457888979e-01
4.360202836491600675e-01 -1.672727553804229439e+00
5.378140098951221804e-01 -1.558143111776179479e+00
-1.169603776034909975e-01 -1.233954780885170965e+00
7.886365706489505134e-02 -1.181570172634836879e+00
1.320905685483912295e+00 -2.089377743140515831e-01
-1.254070697640837340e+00 3.808346359327052233e-01
1.496311919420911130e+00 -4.189634875595525387e-01
-1.199924155728254282e+00 5.421917413428835042e-01
4.919975645843514545e-01 -1.689693375282245391e+00
-7.320769758435933389e-04 -1.223728412463683357e+00
1.201327734136891923e-01 -1.164665156278419378e+00
-2.373541336364371757e-01 -1.178239153133389339e+00
4.333274582265410069e-01 -6.574409303845854535e-02
1.678144714171125040e-01 -1.248062237991236501e+00
-1.140710875087911080e-01 -4.592384664602449651e-01
-4.610904835950573322e-01 6.210583772148508402e-02
3.801915077885029692e-01 6.971306262282037647e-01
-2.100857706983047801e-01 1.827884864282893096e+00
-1.297659754547932254e+00 2.530636347656179397e-01
-1.111144724727442856e+00 1.963868990177648211e-01
1.013823320746992801e-01 -1.066904576859223353e+00
1.009324483843324405e+00 2.134252938659562393e-01
5.485814063716299982e-01 -9.119838771623608453e-01
1.830191585831709711e-01 -1.065785573284692589e+00
4.470009746163497444e-02 1.493779374918537295e+00
7.413516838621805327e-01 7.273562980465435590e-01
1.553505012958648734e+00 -1.100537614196604591e-01
-1.617971113336238720e-01 1.822378604017680592e+00
1.518328173021213034e+00 -1.626106076411337406e-02
1.173529469241544554e+00 -7.808152049179933885e-01
2.239902687084855959e-01 -1.708715797943208381e+00
-1.481106095938780287e+00 7.987337781356931288e-01
1.418128507496047686e+00 -5.115732249551744326e-01
-8.309597336562796199e-01 8.049533057612897613e-01
2.204414065466163419e-01 -1.345776152578732177e+00
-2.603084288909463528e-01 -1.878868661419818564e-01
1.052184819577032027e+00 -1.638155675485570562e-01
1.427059382844094171e-01 2.559264843166716985e-01
-9.230848344234059144e-02 -1.117984429448717787e+00
4.207184786183904568e-01 -1.493637896276490684e-01
9.643092253904282929e-01 2.197831913097091638e-01
-7.219969788657691900e-01 1.184189589293266121e+00
-1.159656731995015955e+00 1.060761476379258550e+00
-1.361328314295197961e+00 9.772570852752328063e-01
3.905590097249848069e-01 -1.687175014025764419e+00
1.448804164766071212e+00 1.343461674763695712e-01
-1.507745170130603940e+00 1.993029852391183798e-01
-7.660415967594184083e-01 -5.458864599534896805e-02
5.409403423996527183e-01 9.023348131187699517e-01
7.436663738348192609e-01 -1.204549560301228839e+00
-7.075052576898425150e-01 1.127130462232636576e+00
2.336104903602607974e-01 5.311752407886084493e-01
-4.346600807569447888e-01 7.762578068045681290e-01
-3.659996675588035875e-01 9.548641762189230553e-01
-8.269704027059378015e-01 1.187290034510450065e-01
-5.982480625508653782e-01 1.000028346330404716e+00
-1.207443255675754390e+00 1.206314513605233896e-01
-6.390472820693197109e-01 1.479430334645171374e+00
-1.240883800339213749e+00 -1.029909865138916442e-01
-2.478424044976260399e-01 1.860202142145191750e+00
8.879660695529042469e-01 6.360453119888745954e-01
9.408837016441412571e-01 5.995426584092099498e-01
-1.246228189538713949e+00 1.031725599882906907e+00
-1.531642852778438701e-01 1.605837853152160877e+00
9.361558857636950726e-02 1.397747396731122693e+00
6.983888472538504200e-01 7.664376773105887608e-01
8.814574470231284486e-01 -9.312323972243343739e-01
5.538029156188163382e-01 -1.026858610784701753e+00
5.424407353292706180e-01 8.466545231392675896e-01
-1.505224929130196454e+00 6.913898453159685875e-01
2.252232890358555339e-01 1.463623631990041085e+00
1.495278961264354667e+00 8.820548032353862922e-02
1.226356407684389693e-01 1.616667465088663214e+00
1.393472813650061148e+00 2.461469666928992883e-01
-2.010022882065910788e-01 -1.523048434514978844e+00
-1.287489481367238175e+00 1.017973550754484924e+00
-9.533211742229991126e-01 -3.783645395271066914e-01
-1.572647043696405733e+00 3.908649799766952815e-01
1.114116714458019297e+00 4.911364516398682434e-01
-7.445351476387461753e-01 -7.729787616828428520e-01
-2.451815248661919633e-01 -1.512445659772033713e+00
1.161071759529259007e+00 4.523653115809632697e-01
-4.931905928055623223e-01 1.719956317592333583e+00
-1.285974135834391685e+00 -5.659987126319752232e-02
-1.468447313899791773e+00 7.454504458236127507e-01
-6.125248812767352113e-01 1.521416644503453819e+00
-1.477164264259704263e+00 1.460351516448009646e-01
-5.689433767689607846e-01 -1.049092630284190530e+00
-3.924793264779253832e-01 1.833284536629412598e+00
-9.745578599184624435e-01 1.121515064541592110e+00
3.606790884636705830e-01 1.197269611523087418e+00
1.528124649684712288e+00 -2.165687717717675875e-01
8.433554041695802139e-01 -1.054176062161993110e+00
8.496218493271417982e-02 -1.662429562834176311e+00
-7.562806402250661364e-01 1.220934704368084933e+00
-5.144823610746744880e-01 1.668442415236599974e+00
-2.054931980632717162e-02 6.356229237765912421e-01
8.713238282992346040e-01 -1.028844609420604295e+00
-1.034539894517445990e+00 1.079883698811604731e+00
1.473217654420826195e+00 -4.691432015503318453e-01
9.588462176004840520e-01 -8.953049608345676758e-01
-8.429292365261501496e-01 -5.670344993523627197e-01
-1.195130613436760525e+00 -1.496176071351186521e-01
1.060561019736083965e+00 5.288422004569061086e-01
1.397596509692081268e+00 -5.571897067319526720e-01
-7.501797166285542051e-01 1.270223980052977319e+00
1.948707790650154592e-01 1.516586448348964611e+00
1.372678506871336523e+00 -6.500613459868804789e-01
8.534226484910606425e-02 1.663620986547629022e+00
-6.386635971395654421e-01 -9.919614183956371178e-01
1.358890756867713101e+00 2.963493339861811293e-01
-1.205555401024511530e+00 1.047722417435402287e+00
-3.684439556493919743e-01 -1.402572111488260553e+00
-5.463085824102498211e-01 -1.150010527602597810e+00
9.219349748443829151e-01 -4.733205599568935384e-01
-1.573085714314714334e+00 5.145164881994378492e-01
-1.407896432900320738e+00 4.510662113232934839e-02
-1.551042882488416597e+00 4.214645804067020385e-01
-1.384148746484236137e-01 1.845502384248566274e+00
-1.448858529274180129e-01 -1.586701623170142517e+00
1.316129414447993584e+00 -6.999977347111022707e-01
-7.142845638762169713e-01 -8.296371659397629994e-01
4.470825469026023513e-01 -1.708711267034926706e+00
5.726431006787229272e-01 -1.579109915742331616e+00
-1.980968243213055424e-01 -1.555445243467104888e+00
1.257259339676477738e+00 3.783504426061755632e-01
-5.786409125074331028e-01 -1.098572821210142658e+00
-8.497041788922571337e-01 1.155093792804093633e+00
3.857016459606973369e-01 1.156701902442856422e+00
-9.449051484338564233e-01 1.082630201824785088e+00
6.183585727981845137e-01 -1.498025819573147510e+00
-3.717219067884496853e-01 1.860727496419966709e+00
-1.559078696988268176e+00 5.776618163002348316e-01
-1.004279376307515986e-01 -1.582070888966685906e+00
1.427520455352119910e+00 1.927545979224457307e-01
-1.118550596790690355e+00 1.038198757491167079e+00
-2.996641093367010678e-01 1.847084004989736572e+00
-1.152037586193045637e+00 -2.016620248703850649e-01
5.461600501180802203e-01 -1.621937351027113783e+00
7.729793737630454853e-01 -1.161764579107084749e+00
5.762937736275698386e-01 8.726828109145172707e-01
-1.440271860084552547e+00 9.513784207719257202e-02
1.608506225176450921e-01 1.566737491254051484e+00
-4.324480894396972586e-01 1.828811300620713176e+00
-6.081204454522954883e-01 -1.048503778088174521e+00
1.397484785986890243e-01 1.292939952262743164e+00
-7.045762286016250542e-01 1.342090338397205818e+00
4.173463651153534459e-01 1.117467749392958787e+00
1.005403203239392695e+00 5.685890799478835467e-01
-8.266659725373475265e-01 1.188171495998130878e+00
8.154386374136590732e-01 -1.080072316049274450e+00
-5.496485157467879690e-01 1.676877947525036605e+00
1.258826560913607562e+00 -7.552507872315425974e-01
-9.335274414976273416e-01 1.134310256989704557e+00
-1.375080324015543143e+00 -1.380650546961324299e-03
1.087971968357895447e+00 -8.127250732162710767e-01
-1.457694038798709402e+00 8.482220719076104531e-01
-1.559034372566477700e+00 2.869531858971162142e-01
-1.058197255197309561e+00 -2.968353322632920621e-01
-1.506590623193553524e+00 7.474291296273440910e-01
-1.323056564113146649e+00 9.991336663197444290e-01
1.287337816175361471e+00 -7.285680026464081971e-01
-1.531606908147975732e+00 2.420241202868787522e-01
5.249997607224267115e-01 -1.669197003693523085e+00
-1.539338220709044913e+00 6.368130150967284964e-01
-6.969172432307982890e-01 -8.845106732200731514e-01
1.532263445316426331e+00 -2.716014825524696863e-01
-1.116420946660223290e+00 1.074660096592532144e+00
-8.039155048081170207e-01 1.219250580755638858e+00
1.449904822278953231e+00 -5.191758610691191711e-01
-1.112606710925167830e+00 -2.515825975477868348e-01
5.068201194775173724e-01 9.845473195643167363e-01
9.161933382507798651e-01 -9.560250840497191982e-01
1.351001882841690760e+00 -6.895633812725863176e-01
1.662683653335576828e-01 -1.706560613848223662e+00
1.059618330540992165e-01 -1.696819753542727183e+00
-5.269179138809868546e-01 1.713014766618450535e+00
-3.971693960904393306e-01 -1.355810579336306887e+00
-1.003440248484324782e+00 1.101213358499604666e+00
-1.578195494158125545e+00 4.555265664296708206e-01
1.209737777428046668e+00 4.149326243623659427e-01
9.495765879177708868e-01 -9.359694445021392584e-01
-4.519474674631091538e-01 1.797986988309998369e+00
1.529289964860427453e+00 2.782233363451038638e-02
3.386699555400207173e-01 -1.707959464568594932e+00
-9.815079898934674363e-01 -3.897013488952684734e-01
-2.713616026573643647e-01 -1.460845459393135704e+00
-4.739194075271170314e-01 1.763961286698144892e+00
8.239935448423522102e-01 -1.121690303107889752e+00
1.037675024188274842e+00 -8.656624434649525801e-01
1.548136895648487776e+00 -4.227513535549343171e-02
-6.913359249829111874e-01 1.393079430435192778e+00
4.454577710093752252e-01 1.079038879460023415e+00
-1.243433694775338827e+00 -1.431505416499787298e-01
-8.946078174596689969e-01 1.153100503721579351e+00
-4.430377434994509644e-01 -1.310869793827762253e+00
-1.532013282324763193e+00 6.963871064420112944e-01
5.982946768844562557e-01 -1.545625039719348726e+00
7.367912145526035461e-01 -1.293173934366502964e+00
7.575741783653109351e-01 -1.248202643340775353e+00
-8.898777223208860498e-02 1.818370325538730459e+00
1.561773856760513945e+00 -1.734631516018979025e-01
-1.403904714482514526e+00 9.029528577529017941e-01
-3.855066908672912657e-02 1.782630600980608326e+00
-5.822023855723201802e-01 1.608420008393698808e+00
6.407736783122216506e-01 -1.467633773015636134e+00
-9.415890171804670861e-02 -1.619976219860927991e+00
-4.294021537820010004e-02 -1.652993248830809003e+00
-2.953178757170754065e-01 1.885453285575031668e+00
-8.994776092734082518e-01 -4.735218991987802384e-01
-1.026414415598194241e+00 -3.465143670597609082e-01
1.472938478316815347e+00 1.476520087276795568e-01
-1.198260882522093063e+00 -1.879669374267594895e-01
-2.478233470954312734e-01 1.887857350382101673e+00
7.779009899451027055e-01 -1.206648894500196079e+00
-1.288061831640958443e+00 -9.486435626183657710e-02
1.561731642780555207e+00 -2.358530517455244002e-01
4.798438881485415919e-02 -1.678748922323810344e+00
-1.080193049923855675e+00 1.092255702281576424e+00
-7.341622544393795469e-01 1.312343420000283034e+00
1.539972084011904885e+00 -3.239788178057155243e-01
9.982781835595073705e-01 -8.813045342786367531e-01
5.762756748968216325e-01 -1.627141125160094237e+00
6.153987677636196807e-01 8.410986910858814225e-01
-1.470020121704055605e+00 1.018080458937644650e-01
-2.891623985637697958e-01 -1.482667111824094608e+00
-1.437179365772557782e+00 8.952319524298106845e-01
-7.826538356959399367e-01 1.250761680472968873e+00
6.599246246611953914e-01 8.081233149230399038e-01
5.339151307421594606e-01 9.455536127687395043e-01
1.426198788478189261e+00 -5.714283846529926159e-01
3.947034605428935139e-01 -1.718277876121079517e+00
8.398436397696593669e-01 6.767923484710424153e-01
-5.182640847285813201e-01 1.748107354520654466e+00
